analysis,repeat,fold,model,n_test,mae,r,r2,mae_corrected,r_corrected,r2_corrected
primary,0,0,baseline,54,14.370824598183086,1.1781191197968742e-16,-0.0017254865975848688,,,
primary,0,0,ridge,54,7.934195256498292,0.8075224662589395,0.609046074063814,9.886769912755009,0.8075224662589396,0.41500371370417566
primary,0,0,random_forest,54,7.358476891662195,0.8315983645072844,0.66353989860672,8.895936312858058,0.8315983645072845,0.5122168324220251
primary,0,0,gradient_boosting,54,7.301203249852456,0.8296559756044618,0.6607258777170484,9.512666236932139,0.8296559756044617,0.4603986950812273
primary,0,1,baseline,53,13.591367332438617,,-0.026896002154316312,,,
primary,0,1,ridge,53,7.433551266881394,0.8019792668449226,0.6271587207333218,9.807043000208637,0.8019792668449227,0.33960109669272354
primary,0,1,random_forest,53,7.774279302904743,0.7636954373962043,0.5641364357918567,10.377624663613567,0.7636954373962044,0.273080213403034
primary,0,1,gradient_boosting,53,7.558837057480736,0.786206150252842,0.6033456809144535,9.953084410143072,0.7862061502528418,0.350648300422717
primary,0,2,baseline,53,11.805585379332125,2.545618274466389e-16,-0.007378419105624978,,,
primary,0,2,ridge,53,6.777935588314096,0.7987463823045865,0.6029193206386567,8.650690844839712,0.7987463823045865,0.42508219808938597
primary,0,2,random_forest,53,7.585325217400384,0.7416068564369241,0.4868966601552609,9.98251811295793,0.7416068564369246,0.1840390593543696
primary,0,2,gradient_boosting,53,8.03419943082873,0.7128972213796966,0.45379896650449814,9.98050754240719,0.7128972213796964,0.17226471326558712
primary,0,3,baseline,53,14.805080129470277,-3.7943077852020866e-16,-0.06072279611309095,,,
primary,0,3,ridge,53,7.4435839150786025,0.8399451981009605,0.6913698418062177,7.908750335656087,0.8399451981009596,0.6480572720018402
primary,0,3,random_forest,53,7.369754934040281,0.844114105322069,0.6692556021684659,7.334078376729051,0.8441141053220683,0.6911861455254955
primary,0,3,gradient_boosting,53,7.32752275645261,0.8305780166532255,0.6706678821436491,8.259365643581356,0.8305780166532253,0.6371545180265619
primary,0,4,baseline,53,14.767044288308199,-3.3176736598301525e-16,-0.002011468708708719,,,
primary,0,4,ridge,53,7.554147198093258,0.8513378613161275,0.7218296599471212,8.596205185671002,0.8513378613161273,0.5773906813668503
primary,0,4,random_forest,53,7.199740662547976,0.8637590476756781,0.7459758862877376,9.478454889990768,0.8637590476756787,0.5529232542074901
primary,0,4,gradient_boosting,53,7.4249825964570935,0.85046739952895,0.7201540153988224,9.884381489794565,0.8504673995289503,0.5185742761461463
primary,0,5,baseline,53,13.761139180547882,-7.88297431530618e-16,-0.02621291004076376,,,
primary,0,5,ridge,53,7.8341645001191145,0.7830324652130308,0.5956718032625687,10.093891516996289,0.7830324652130309,0.33212688134426105
primary,0,5,random_forest,53,7.791722294055541,0.7849494813053809,0.6052776494752896,10.777421911409133,0.7849494813053804,0.2992866873158422
primary,0,5,gradient_boosting,53,8.220588210315748,0.7709249457666286,0.5704094759741176,10.958648801396336,0.7709249457666286,0.2744844518543518
primary,0,6,baseline,53,14.48176758506355,2.4941886076243444e-16,-0.009605927810699022,,,
primary,0,6,ridge,53,6.384065252096973,0.8707325100309229,0.7531960106376016,7.921379002335007,0.8707325100309231,0.6449376625340562
primary,0,6,random_forest,53,6.707986200118554,0.859088563339028,0.7297236831016021,8.314971086284183,0.859088563339028,0.6230979585110553
primary,0,6,gradient_boosting,53,6.562411683493231,0.877998454825895,0.7639629653532743,7.810006571992208,0.8779984548258953,0.6703958172531179
primary,0,7,baseline,53,14.685564853556482,4.509469014744149e-16,-0.010696829275496755,,,
primary,0,7,ridge,53,7.750785607047034,0.8155805435494956,0.6577857424928497,8.429133074471526,0.8155805435494956,0.5868920370785851
primary,0,7,random_forest,53,7.63344383046274,0.8078541938280535,0.6502959131763808,9.560384472524555,0.8078541938280538,0.5139223575476595
primary,0,7,gradient_boosting,53,7.984403253037649,0.7792931365429882,0.6065747745199033,9.728450181702925,0.779293136542988,0.4502066024531759
primary,0,8,baseline,53,16.348034262256256,5.050920560617967e-16,-0.0017129706468184125,,,
primary,0,8,ridge,53,7.3407891200665505,0.8772072725276423,0.739215883505672,6.9830431027032365,0.8772072725276431,0.7440686414126245
primary,0,8,random_forest,53,7.789328692663576,0.8573555034244957,0.7160127444352444,7.954140749163267,0.8573555034244958,0.6832193438935916
primary,0,8,gradient_boosting,53,7.132100277028978,0.8716813558699941,0.7404497900366631,7.481096620014014,0.8716813558699945,0.7213217323096355
primary,0,9,baseline,53,14.169475803268336,,-0.0014458690370926508,,,
primary,0,9,ridge,53,7.208579253355292,0.8508216088551397,0.6977641290393796,10.018533778078346,0.8508216088551397,0.3383817992086544
primary,0,9,random_forest,53,6.657085093440565,0.8666224487809011,0.7491066206903251,9.489833870242533,0.8666224487809013,0.4943480464141219
primary,0,9,gradient_boosting,53,6.564625076699717,0.8665486339617186,0.7443908365471543,9.437686236595908,0.8665486339617188,0.4787896838392237
primary,1,0,baseline,54,16.941540492274243,1.4866973924881135e-16,-0.06716428106739625,,,
primary,1,0,ridge,54,7.031865340108469,0.8849714318271549,0.7719900137342955,8.33108235076388,0.8849714318271551,0.6409754088850748
primary,1,0,random_forest,54,6.578816688697248,0.9182863951639026,0.7999574495535671,7.049608469508104,0.9182863951639026,0.7561664143404212
primary,1,0,gradient_boosting,54,6.306130133807375,0.9201638028696434,0.817836457424681,6.841287467114144,0.9201638028696432,0.7805771414088933
primary,1,1,baseline,53,13.904428830820242,-3.9818843808290456e-16,-0.04999892855772936,,,
primary,1,1,ridge,53,7.32409583516647,0.822417512471097,0.6570751351545951,10.079961711610295,0.8224175124710971,0.3794830025370777
primary,1,1,random_forest,53,7.496059572935987,0.8140098660072164,0.6505275504097909,10.620932998680033,0.8140098660072171,0.3913969695449565
primary,1,1,gradient_boosting,53,7.81309607857681,0.8138059064726842,0.6432853600992874,10.567776816235714,0.8138059064726845,0.39181850544151386
primary,1,2,baseline,53,13.33367411383911,-8.753547279757171e-17,-0.02254548100300502,,,
primary,1,2,ridge,53,7.4895369994230405,0.8141001120246155,0.636109997462865,8.904269644627295,0.8141001120246159,0.4737337888836104
primary,1,2,random_forest,53,6.933943396226414,0.8332102745120572,0.6766131251022321,9.594814307047852,0.833210274512057,0.41202201680393136
primary,1,2,gradient_boosting,53,7.3592027778964235,0.8137566941861812,0.623240755960235,9.924882098793383,0.8137566941861816,0.3633904283640996
primary,1,3,baseline,53,13.077007184021475,2.4488848401582926e-16,-0.018026727362816075,,,
primary,1,3,ridge,53,8.002774803172636,0.7593562972155532,0.5764096456619384,9.007493777450966,0.7593562972155534,0.46942208463033597
primary,1,3,random_forest,53,8.048214896094336,0.7748365702744632,0.593463561452301,8.20069311648132,0.7748365702744633,0.4980096060016429
primary,1,3,gradient_boosting,53,7.677565132443978,0.773483842827352,0.5957739978134798,8.740366040683634,0.7734838428273524,0.46630159816092875
primary,1,4,baseline,53,13.281499171074444,1.0018610077491512e-16,-0.08149719103483455,,,
primary,1,4,ridge,53,8.189433933058455,0.7664318513579893,0.5471151157428606,9.956037738101074,0.7664318513579894,0.2500200936698419
primary,1,4,random_forest,53,7.197791526742106,0.7993100808541111,0.6071988066897043,9.633194309524377,0.799310080854111,0.3526976629609635
primary,1,4,gradient_boosting,53,7.568354079714137,0.7695375515290659,0.5542285247039432,9.11232252726097,0.7695375515290662,0.3286200747568423
primary,1,5,baseline,53,15.935572748085574,-2.823521255927234e-16,-0.05201873114597588,,,
primary,1,5,ridge,53,6.850138166726636,0.8627181258538344,0.739191989095358,8.827169333169602,0.8627181258538342,0.5676744794295989
primary,1,5,random_forest,53,7.687067885019377,0.8315340278306659,0.684681463035498,9.231984805117566,0.8315340278306661,0.5516888416347415
primary,1,5,gradient_boosting,53,7.667621787692435,0.8433940461363606,0.7024790558433751,8.734386059628314,0.8433940461363605,0.6010386176262386
primary,1,6,baseline,53,14.066017999526332,,-0.006374557535328673,,,
primary,1,6,ridge,53,7.45606959609051,0.8279008397668073,0.6841059206978499,8.594551364116043,0.8279008397668071,0.547670583237851
primary,1,6,random_forest,53,7.549165833149041,0.8100479271688835,0.64500225793443,8.975620638636164,0.8100479271688839,0.5091444954615535
primary,1,6,gradient_boosting,53,7.366190074656563,0.8283655048356966,0.67627850291394,8.951288762240988,0.8283655048356963,0.5337124055709566
primary,1,7,baseline,53,13.308474776979555,-9.516907174506543e-16,-0.006888036298909661,,,
primary,1,7,ridge,53,7.700238763926485,0.7666657170870341,0.5779090266401489,8.987014568975452,0.7666657170870338,0.5001938580395472
primary,1,7,random_forest,53,8.166713257069617,0.7820035805050269,0.5872344236335345,9.351902416768448,0.782003580505027,0.46057058067483836
primary,1,7,gradient_boosting,53,7.613769039900649,0.7966101106411813,0.6220935201514806,8.352720763901017,0.7966101106411815,0.5464479420545263
primary,1,8,baseline,53,15.014770663929895,4.60180763484491e-16,-0.0003231055027668184,,,
primary,1,8,ridge,53,7.033838518430826,0.8842120999678288,0.7503907201368367,7.215730694623856,0.8842120999678287,0.7229489023060129
primary,1,8,random_forest,53,7.381980788394384,0.8650562023663646,0.7165829645290247,8.372989588167938,0.8650562023663649,0.6543444831642524
primary,1,8,gradient_boosting,53,7.528508426597524,0.8570063263255466,0.6968767346330884,7.989172572686288,0.8570063263255463,0.6474326600911124
primary,1,9,baseline,53,14.164225941422592,6.854155920936134e-17,-0.010781061142419501,,,
primary,1,9,ridge,53,6.79765273403258,0.8276761099661252,0.6846597834895292,7.993824914674249,0.8276761099661246,0.5332569596771759
primary,1,9,random_forest,53,6.022435871425484,0.8353504433196498,0.6894993449595985,9.606852240925841,0.8353504433196495,0.3849205251200165
primary,1,9,gradient_boosting,53,6.114065051654192,0.8488085441797836,0.7117264853910812,8.97891758349262,0.8488085441797837,0.46261700158980135
primary,2,0,baseline,54,14.687141858839967,6.271994693940582e-16,-0.07272026441933455,,,
primary,2,0,ridge,54,6.6660925158209885,0.873652060871441,0.7416133098406339,8.24781308214936,0.8736520608714406,0.5743127141987172
primary,2,0,random_forest,54,6.7587575483123565,0.8485736269548303,0.7031667262393819,8.73375539271453,0.8485736269548301,0.5569689144830404
primary,2,0,gradient_boosting,54,6.7346617623862315,0.8538618164599812,0.7081020886839335,8.501640433553401,0.8538618164599807,0.5981843286357579
primary,2,1,baseline,53,13.257918212678614,5.584660321900322e-16,-0.006951742777927317,,,
primary,2,1,ridge,53,7.554754583985482,0.7868889269712025,0.598136257866015,9.911829709477722,0.7868889269712025,0.33462191134008545
primary,2,1,random_forest,53,8.166790355166423,0.7588864849717232,0.5696480839643021,10.112918131404536,0.7588864849717232,0.36045879735539477
primary,2,1,gradient_boosting,53,8.357378884426005,0.766057560660261,0.5742083682300119,10.3474496185128,0.7660575606602605,0.3592477247191762
primary,2,2,baseline,53,12.9252980184732,8.197679532059301e-16,-0.021319752519904922,,,
primary,2,2,ridge,53,6.522004592407697,0.8496613476347724,0.7123217572428306,7.472666962853513,0.8496613476347721,0.5848260631114579
primary,2,2,random_forest,53,6.621112598267153,0.8362869643190066,0.6901864820828286,9.028340459525275,0.8362869643190065,0.446821676049455
primary,2,2,gradient_boosting,53,6.493061472376227,0.8555007281362444,0.723953435118575,8.375837060731145,0.8555007281362448,0.5113139217939915
primary,2,3,baseline,53,13.951646009315542,-4.271285828172375e-16,-0.005506572288393796,,,
primary,2,3,ridge,53,7.51130352370722,0.7994861640652576,0.6360122689285246,9.2405901583751,0.7994861640652575,0.52669768833512
primary,2,3,random_forest,53,7.5354593510246355,0.8116745683117403,0.6564208646019667,9.047093760685556,0.81167456831174,0.5163359110042136
primary,2,3,gradient_boosting,53,7.570194033069935,0.8201182437511049,0.6696474445605868,9.066816035456057,0.820118243751105,0.5186425186945702
primary,2,4,baseline,53,14.954428830820245,-2.769471890668762e-16,-0.034058108353880234,,,
primary,2,4,ridge,53,7.2390444757693455,0.83889438918772,0.6970098003920693,7.831308461312988,0.8388943891877203,0.6192036417019839
primary,2,4,random_forest,53,7.440986519060171,0.8187196153656796,0.6693646790012082,8.953124898681692,0.8187196153656795,0.5183151369787105
primary,2,4,gradient_boosting,53,6.909127790509925,0.8342686663903739,0.6951308791749496,8.714754803859357,0.8342686663903741,0.559395005373533
primary,2,5,baseline,53,15.06573379647904,,-0.010539630206960693,,,
primary,2,5,ridge,53,7.305949765366078,0.8604506261326442,0.7337262557726961,9.572477364930311,0.8604506261326442,0.5122443169858524
primary,2,5,random_forest,53,7.50485449347453,0.8688617451334327,0.7440829540345547,9.616494871252446,0.8688617451334331,0.5508094665913008
primary,2,5,gradient_boosting,53,7.442481042156082,0.8592254475043919,0.7279311150667269,9.841130438787218,0.8592254475043921,0.551499805048566
primary,2,6,baseline,53,13.757006394568561,4.837845545632426e-16,-0.142579841564336,,,
primary,2,6,ridge,53,7.786536848668164,0.7879191174092437,0.5749855698609299,8.390284890774202,0.7879191174092436,0.49070270083956236
primary,2,6,random_forest,53,7.955438224153522,0.7564760808299219,0.5469047106210119,9.61465435880063,0.756476080829922,0.41816806572081555
primary,2,6,gradient_boosting,53,8.324544024958634,0.742911581380006,0.5201618257045131,9.614191367953305,0.7429115813800061,0.38393912269141983
primary,2,7,baseline,53,14.32083366227205,5.798233639467903e-16,-0.0005664276437997717,,,
primary,2,7,ridge,53,7.5735317515014335,0.8185422069473752,0.6599249138285974,9.298157558930257,0.8185422069473751,0.4284547764085317
primary,2,7,random_forest,53,6.340185841185568,0.8624719297443307,0.7402310858699943,8.069655566428313,0.8624719297443304,0.6118680199661057
primary,2,7,gradient_boosting,53,6.452622938980275,0.8584273956259078,0.7339155365818073,7.789506840972692,0.858427395625907,0.6205989456285341
primary,2,8,baseline,53,15.430950501302595,3.7129436338995414e-16,-0.06405896006896228,,,
primary,2,8,ridge,53,9.10273514141625,0.7978345386794803,0.6051256369143925,9.40996919362124,0.7978345386794803,0.5017720299308314
primary,2,8,random_forest,53,8.870039484268322,0.7814208695897694,0.588254861672352,10.009818054938465,0.7814208695897695,0.43347583330825923
primary,2,8,gradient_boosting,53,8.553592685856898,0.8049564481814828,0.6118418980634124,9.980790047103689,0.8049564481814826,0.45121780516484844
primary,2,9,baseline,53,14.72060077366385,3.0922036029162586e-16,-0.0037111280147985592,,,
primary,2,9,ridge,53,6.6241005198853244,0.8570509807662005,0.7300045314869799,8.626084344384209,0.8570509807661999,0.5793798081391814
primary,2,9,random_forest,53,6.793263183236603,0.8303529021115972,0.6879339289562025,9.20371768674779,0.8303529021115974,0.4987843090264522
primary,2,9,gradient_boosting,53,6.971123980694145,0.8301340574045177,0.6877955439261723,8.537135046366574,0.8301340574045181,0.5492299144433077
primary,3,0,baseline,54,13.544817144188212,5.371521481625444e-16,-0.012665833784984315,,,
primary,3,0,ridge,54,6.846307540886523,0.847765873331656,0.7100675587792087,7.41843381844939,0.8477658733316558,0.6469369125003259
primary,3,0,random_forest,54,7.032808641975299,0.8402171237320215,0.6838591877506289,8.1057666185522,0.8402171237320213,0.585883682039358
primary,3,0,gradient_boosting,54,6.768189033947489,0.8483503985882719,0.7117742705106378,8.06774408365484,0.848350398588272,0.5924774521033865
primary,3,1,baseline,53,15.83388726612458,-3.8261963422333075e-16,-0.08252407557420605,,,
primary,3,1,ridge,53,8.597150916402164,0.8163601765928474,0.6562563382854854,10.297097430997374,0.8163601765928474,0.4656509608661442
primary,3,1,random_forest,53,8.826652149752785,0.821361092512411,0.6512589578752237,10.039565988332166,0.821361092512411,0.5505816095608543
primary,3,1,gradient_boosting,53,9.082323854193472,0.7936660734144847,0.6168107504100966,11.511118514276587,0.7936660734144853,0.43636859053688204
primary,3,2,baseline,53,16.299530275519068,6.326311424398276e-16,-0.00396519544362639,,,
primary,3,2,ridge,53,7.976964470665008,0.8282327726663762,0.682111612763034,9.76085900229368,0.828232772666376,0.5041859239177495
primary,3,2,random_forest,53,8.816117701098502,0.8047423203420933,0.6410882970693188,10.004608261970732,0.8047423203420927,0.4917278552975983
primary,3,2,gradient_boosting,53,8.832675028028218,0.8063572099890155,0.6399588631484756,10.170440084626104,0.8063572099890156,0.48802522940468873
primary,3,3,baseline,53,13.601113128601881,-1.7647744421502478e-16,-0.013105750121974902,,,
primary,3,3,ridge,53,7.312020094623206,0.8094334752787499,0.6524413991659656,8.090845633597207,0.80943347527875,0.5607597129119033
primary,3,3,random_forest,53,6.7228184443458945,0.8219366309367654,0.6750248727800088,8.371876602407516,0.8219366309367654,0.5254178857510071
primary,3,3,gradient_boosting,53,6.954295671256051,0.8075879161262397,0.6521758555962154,8.510100225719802,0.8075879161262399,0.5177877917913734
primary,3,4,baseline,53,13.274911186547723,5.305727838208912e-16,-0.15445909822132875,,,
primary,3,4,ridge,53,6.913788430126084,0.791188209279784,0.6044420969566942,8.045302953745075,0.791188209279784,0.4270101817916202
primary,3,4,random_forest,53,6.790705435298652,0.7934957215998811,0.6089406704885028,9.063132815593425,0.7934957215998814,0.3830074255422127
primary,3,4,gradient_boosting,53,6.783862319143667,0.7984114032048303,0.6174390078303265,8.76740871728891,0.7984114032048303,0.4179306614175329
primary,3,5,baseline,53,13.30749190810768,9.470230136944415e-17,-0.03451010431907631,,,
primary,3,5,ridge,53,8.085260128261458,0.7872173452842868,0.5656452539103137,11.43736462586086,0.7872173452842869,0.21534702922413085
primary,3,5,random_forest,53,7.482918440808538,0.8171112348372125,0.6356879253901309,10.389313492778214,0.8171112348372124,0.34337597520740526
primary,3,5,gradient_boosting,53,7.4312813271090254,0.8244947741077833,0.6332285158917419,10.518881713530579,0.8244947741077836,0.3233266927183506
primary,3,6,baseline,53,13.907377437435859,5.027282362684956e-16,-0.03375542201805981,,,
primary,3,6,ridge,53,8.092345705531214,0.8141712058979598,0.6443491321118481,8.744832044005685,0.8141712058979597,0.5111714722985526
primary,3,6,random_forest,53,6.957587534808514,0.8480934326964455,0.7045409987359085,8.47772210616229,0.8480934326964458,0.5499405217948589
primary,3,6,gradient_boosting,53,7.258564447409816,0.8402843911038539,0.6887230404057751,8.578345642242349,0.8402843911038537,0.5445923175655354
primary,3,7,baseline,53,14.49322649403963,-2.2784460582073644e-16,-0.004639542751828207,,,
primary,3,7,ridge,53,7.156430865179969,0.84336631841843,0.7097132713793322,8.826162283682075,0.8433663184184299,0.5084822898190073
primary,3,7,random_forest,53,6.835915732086956,0.8378186303634456,0.7016922726593665,9.06570434374966,0.8378186303634452,0.5286875013064002
primary,3,7,gradient_boosting,53,6.842203368537601,0.8456193497850988,0.7135840038238693,8.66614792988536,0.8456193497850989,0.5493128242758892
primary,3,8,baseline,53,14.246269835004338,-1.1606262407223548e-15,-0.16669785662934644,,,
primary,3,8,ridge,53,7.050411886891888,0.8086400292718195,0.6155583243520792,8.207274916275495,0.8086400292718194,0.5245864704412211
primary,3,8,random_forest,53,7.423590849087892,0.7955854089273845,0.5800493192626366,9.824828987704224,0.7955854089273843,0.3909143547446886
primary,3,8,gradient_boosting,53,7.474190778941343,0.7860668661687092,0.5595876852029635,9.561772254304927,0.7860668661687096,0.37829707316485595
primary,3,9,baseline,53,14.792843609378702,7.854196024341921e-16,-0.06670884841004954,,,
primary,3,9,ridge,53,6.596717101859343,0.8636720731230518,0.7328669148098566,7.95895696539866,0.8636720731230517,0.6301197469575863
primary,3,9,random_forest,53,6.444839883947943,0.8605904766770426,0.7235788022583614,9.027657769444492,0.8605904766770425,0.5482704288955005
primary,3,9,gradient_boosting,53,7.0050295235849855,0.8522009087373943,0.710710209222805,9.260081608552436,0.8522009087373938,0.5220372441806149
primary,4,0,baseline,54,14.449413774361362,-1.8890983284528785e-17,-0.0031229831377810324,,,
primary,4,0,ridge,54,7.2238217364017165,0.8258857970128334,0.6796865631397644,8.19665644713814,0.8258857970128334,0.5348764261460608
primary,4,0,random_forest,54,7.276094630775147,0.8159024045911656,0.6604911384553245,9.048707274274255,0.8159024045911654,0.5097296286991319
primary,4,0,gradient_boosting,54,7.568301037731152,0.7967662593234238,0.6291341682559322,9.07164503581521,0.7967662593234239,0.4814809677559343
primary,4,1,baseline,53,14.058028736085891,5.098550090148537e-16,-0.0212995230194013,,,
primary,4,1,ridge,53,7.556427561824938,0.8393713952375734,0.6974435092955817,8.07589594497049,0.8393713952375736,0.61275862882529
primary,4,1,random_forest,53,7.2754325438726966,0.8371888592050261,0.6960011566970904,8.939853328302295,0.8371888592050263,0.5636449987301071
primary,4,1,gradient_boosting,53,7.269742651055975,0.8317955801120505,0.6903127675321037,8.79804713217845,0.8317955801120508,0.5654196020228675
primary,4,2,baseline,53,14.752443356753771,-2.4927892823121877e-16,-0.005674146191217311,,,
primary,4,2,ridge,53,6.447758889258522,0.855813356383379,0.7309739799637947,8.477283955634695,0.855813356383379,0.592094954754415
primary,4,2,random_forest,53,6.638781510309241,0.8481955392821411,0.7190081795670543,9.409104720628433,0.8481955392821409,0.49720673195962684
primary,4,2,gradient_boosting,53,6.651477632946496,0.8582767684109607,0.7358613710720043,8.716077168915769,0.8582767684109607,0.5491016114905634
primary,4,3,baseline,53,14.707389279229494,7.998403264887704e-17,-0.007276618942850366,,,
primary,4,3,ridge,53,6.992869936868975,0.8646562920574642,0.744866541003163,8.895994379885595,0.8646562920574639,0.544471177201487
primary,4,3,random_forest,53,7.518452990027959,0.8338115989076285,0.6902224950504949,8.90198404191107,0.8338115989076286,0.5814892373447829
primary,4,3,gradient_boosting,53,6.919700863718409,0.8633873889710292,0.7376665243662939,7.970186030855631,0.8633873889710291,0.6654720607367233
primary,4,4,baseline,53,14.715046972448093,-2.5022718829864376e-16,-0.028399344078005484,,,
primary,4,4,ridge,53,7.72343045604101,0.8130246752586532,0.6442508400001772,9.11808836367376,0.8130246752586529,0.5106956063681887
primary,4,4,random_forest,53,7.997213836477992,0.7871957557180221,0.6159552165572686,9.706534982214118,0.7871957557180221,0.47369433884872536
primary,4,4,gradient_boosting,53,8.18447828422911,0.7872246757885663,0.6146579081994126,9.580779786788522,0.7872246757885664,0.4612215893710939
primary,4,5,baseline,53,13.010870766558778,-2.0442868736451286e-16,-0.05412199963628028,,,
primary,4,5,ridge,53,8.310644982448984,0.7662023507496363,0.5177807025477386,9.385863097338062,0.7662023507496357,0.37574734330182613
primary,4,5,random_forest,53,8.20101674263684,0.7691838663640919,0.5433832028101464,8.988300425889213,0.7691838663640923,0.4373590647938487
primary,4,5,gradient_boosting,53,8.108615121606832,0.7784807572019152,0.5605609368093245,8.797126097563654,0.778480757201915,0.4576044711112136
primary,4,6,baseline,53,14.590198942133101,7.222894939157411e-16,-0.00917291387796193,,,
primary,4,6,ridge,53,6.286577042305702,0.8673046631719912,0.7432189744760682,7.733386139943837,0.8673046631719911,0.6258688948196802
primary,4,6,random_forest,53,6.060863309513323,0.8643288423118356,0.7459182744489959,8.746642469120179,0.8643288423118357,0.5548867141231992
primary,4,6,gradient_boosting,53,6.166995525510996,0.863242377527637,0.744504756533693,8.632198158702968,0.8632423775276368,0.5605072105579827
primary,4,7,baseline,53,12.55811952317044,-1.079345857877113e-16,-0.0554734114531914,,,
primary,4,7,ridge,53,8.275569047650183,0.7268433859998674,0.5273707755113413,8.859317160090537,0.7268433859998671,0.38679195681802647
primary,4,7,random_forest,53,8.668796853742096,0.6739132840084794,0.4275697732828563,10.751571125685967,0.6739132840084792,0.1309562886056046
primary,4,7,gradient_boosting,53,8.35244888742297,0.7128133502126711,0.48406706917832343,9.992345627703097,0.7128133502126713,0.22658946508454358
primary,4,8,baseline,53,13.51312465461435,2.3225743028557585e-17,-0.05478055492953837,,,
primary,4,8,ridge,53,7.869569629883736,0.7735016436486027,0.5883519846937457,9.617116075564473,0.7735016436486029,0.376568778563663
primary,4,8,random_forest,53,7.460961028017325,0.8048230077652022,0.6412776338053405,9.678819101808324,0.8048230077652017,0.41450043163067596
primary,4,8,gradient_boosting,53,7.63945294028199,0.7878827370555894,0.6047671440916988,9.542262813417128,0.78788273705559,0.40144716395527813
primary,4,9,baseline,53,16.779880792610722,1.6073334082297348e-17,-0.28773274476587574,,,
primary,4,9,ridge,53,7.878540709730635,0.8297800547476994,0.665000474464468,10.288392702546108,0.8297800547476994,0.3534126485147996
primary,4,9,random_forest,53,6.992506119238562,0.874688359524252,0.7429245040625877,9.014476145336523,0.8746883595242523,0.5547715200681087
primary,4,9,gradient_boosting,53,7.023233225533728,0.8601253541045771,0.7268106944918757,9.196665422319438,0.8601253541045771,0.5350344648350462
exclude_1s,0,0,baseline,16,12.220744680851064,,-0.1515406512528179,,,
exclude_1s,0,0,ridge,16,7.710916203061341,0.7568622246045347,0.464275829249884,10.398613742031584,0.7568622246045347,-0.3833938823352159
exclude_1s,0,0,random_forest,16,7.8110167360814,0.7386023237196276,0.5336445821247139,11.693461613560881,0.7386023237196275,0.0046077152797618925
exclude_1s,0,0,gradient_boosting,16,8.190868531264522,0.7254651370174166,0.49413062071857117,11.971517321669682,0.7254651370174166,-0.07428809264582048
exclude_1s,0,1,baseline,16,14.349202127659574,,-0.048480014786643544,,,
exclude_1s,0,1,ridge,16,6.229170248085967,0.8861311679125148,0.7424346728339025,7.592299394360115,0.886131167912515,0.5652537399472077
exclude_1s,0,1,random_forest,16,6.694698131509858,0.8886749054944765,0.7207735476689425,8.408795843976511,0.8886749054944768,0.5599020010111084
exclude_1s,0,1,gradient_boosting,16,6.307305610557707,0.8967991846455047,0.737593408183047,7.900930271271478,0.8967991846455046,0.5783475374787994
exclude_1s,0,2,baseline,16,11.457092198581563,,-5.423776073598674e-05,,,
exclude_1s,0,2,ridge,16,6.998017675658062,0.8389491845584431,0.6811995772690358,8.502624818912249,0.8389491845584431,0.48355397705922765
exclude_1s,0,2,random_forest,16,7.8974592897349725,0.7988635330865973,0.5763457045394142,10.248423722109925,0.7988635330865974,0.14539696949119574
exclude_1s,0,2,gradient_boosting,16,9.040196639153091,0.7236520231783431,0.4827563658042119,10.936294625803072,0.723652023178343,0.08237422733183908
exclude_1s,0,3,baseline,16,14.703147163120569,,-0.1605730000858867,,,
exclude_1s,0,3,ridge,16,9.784497446400518,0.6955587187934267,0.3860741775439219,10.164473798974274,0.6955587187934266,0.3201363785725877
exclude_1s,0,3,random_forest,16,8.459256011114949,0.7528963840498019,0.5218005633470366,10.160609415835356,0.752896384049802,0.42248482409731747
exclude_1s,0,3,gradient_boosting,16,9.399237517772791,0.6723687784114792,0.4002267445286629,11.029557880933982,0.6723687784114792,0.24337742745363622
exclude_1s,0,4,baseline,16,13.751684397163121,,-0.01135839613425782,,,
exclude_1s,0,4,ridge,16,8.04825508850816,0.7864957858978016,0.6134174833880957,9.73388551413982,0.7864957858978014,0.43160269952238106
exclude_1s,0,4,random_forest,16,7.789749999999994,0.8149965242493172,0.6088789194209063,10.359332892211608,0.8149965242493172,0.22745280314791372
exclude_1s,0,4,gradient_boosting,16,6.923445451707,0.8444237692448965,0.6563680359787227,10.675339723926879,0.8444237692448964,0.24809913610713585
exclude_1s,0,5,baseline,16,13.906338652482269,,-0.008915226362592676,,,
exclude_1s,0,5,ridge,16,7.839761466065236,0.8323596342387514,0.6756325332625633,8.64711864511881,0.8323596342387509,0.5114636679520055
exclude_1s,0,5,random_forest,16,7.333112997594675,0.8942831058043088,0.7184701143732855,6.925234765417956,0.8942831058043088,0.7218498051819223
exclude_1s,0,5,gradient_boosting,16,7.328670394064803,0.8777667804419927,0.743704362098507,7.154422810144868,0.8777667804419925,0.6660782114812926
exclude_1s,0,6,baseline,16,11.169547872340427,,-0.08371364848771101,,,
exclude_1s,0,6,ridge,16,5.839345436999212,0.8140244778224813,0.6188939688290925,7.984976486202636,0.8140244778224814,0.32984729505628185
exclude_1s,0,6,random_forest,16,5.979178204515572,0.7907425594945315,0.6214617441876334,9.265579952284641,0.7907425594945316,0.2290277559630587
exclude_1s,0,6,gradient_boosting,16,5.729334456067521,0.817225430661071,0.6201549300010265,9.429819085117803,0.8172254306610709,0.1072744236100891
exclude_1s,0,7,baseline,15,15.538122065727702,,-0.00025825196384698934,,,
exclude_1s,0,7,ridge,15,6.685013803941508,0.8852497341318237,0.7736677737780471,9.722944859029598,0.8852497341318234,0.5708417046550811
exclude_1s,0,7,random_forest,15,6.5962888888888775,0.8827234237119107,0.7451698552091122,8.684847678377619,0.8827234237119108,0.6338499548121873
exclude_1s,0,7,gradient_boosting,15,5.4234054001090275,0.9133715680264629,0.8233940724023782,11.08501833475166,0.9133715680264625,0.46334998819574225
exclude_1s,0,8,baseline,15,9.215352112676053,,-0.058155827325578224,,,
exclude_1s,0,8,ridge,15,6.344090012360363,0.796216944211905,0.5976321479129925,7.913891911860545,0.796216944211905,0.33517047680798573
exclude_1s,0,8,random_forest,15,5.642025289529517,0.8365974442935928,0.636952043740746,10.805246649429103,0.8365974442935927,-0.16148200071865992
exclude_1s,0,8,gradient_boosting,15,6.880266800263574,0.7890716943101531,0.47348464906151977,12.94194644478476,0.7890716943101527,-0.3969324975904116
exclude_1s,0,9,baseline,15,11.73586854460094,-2.4841932786153143e-16,-0.06365305468041171,,,
exclude_1s,0,9,ridge,15,6.821106050574036,0.7455390948251331,0.5129875433267701,9.084742518520835,0.7455390948251335,0.20514053584033232
exclude_1s,0,9,random_forest,15,8.225866666666656,0.5805847109058687,0.22991047158860456,11.655950379939746,0.5805847109058689,-0.4852560768618859
exclude_1s,0,9,gradient_boosting,15,7.913214038811047,0.6198893084062985,0.30428695836727315,10.665799514167123,0.6198893084062984,-0.2849300627336111
exclude_1s,1,0,baseline,16,9.422606382978724,,-0.0033251370585061224,,,
exclude_1s,1,0,ridge,16,6.2552417073492395,0.7465444321986833,0.5278704382537415,8.552701558263468,0.746544432198683,0.1545638849362474
exclude_1s,1,0,random_forest,16,8.230999999999995,0.5581864736066049,0.10703415049488929,12.43032275735252,0.5581864736066051,-0.761741812870184
exclude_1s,1,0,gradient_boosting,16,7.911493235046914,0.5748042278451615,0.20483124214240167,10.372254663666219,0.5748042278451615,-0.3008279935544471
exclude_1s,1,1,baseline,16,12.63218085106383,,-0.08632907108198196,,,
exclude_1s,1,1,ridge,16,8.049094748075301,0.7873419345541304,0.5155623918288166,8.75502638245393,0.7873419345541304,0.3732456516876361
exclude_1s,1,1,random_forest,16,7.521654866933809,0.7753582554246506,0.5165123316560221,11.547537344311422,0.7753582554246508,0.05205281133427653
exclude_1s,1,1,gradient_boosting,16,7.7852825081058885,0.7399475230836129,0.47337984076780737,10.871510301974435,0.7399475230836131,0.13640045443487014
exclude_1s,1,2,baseline,16,12.887632978723403,,-0.13769872015421147,,,
exclude_1s,1,2,ridge,16,6.260287007384579,0.8734692773304696,0.7310417359900829,11.165819561570421,0.8734692773304698,0.23007169662159088
exclude_1s,1,2,random_forest,16,6.742125000000007,0.8644144956127576,0.7390688671067835,10.68405795695627,0.864414495612758,0.3435162390745007
exclude_1s,1,2,gradient_boosting,16,6.976796792691406,0.8305822944070594,0.6838331835323849,12.57956123606775,0.8305822944070596,0.14267917196295954
exclude_1s,1,3,baseline,16,12.150620567375887,,-0.0018524577959071475,,,
exclude_1s,1,3,ridge,16,5.902282705968572,0.8897594005660999,0.739500515643019,5.5184225673847855,0.8897594005661003,0.761200400717477
exclude_1s,1,3,random_forest,16,5.825291666666677,0.8615826135792517,0.7302301118572843,7.759142407745451,0.8615826135792517,0.534615681856393
exclude_1s,1,3,gradient_boosting,16,5.7398211253523845,0.8570032525773534,0.7267364696382668,7.6083759932978685,0.8570032525773535,0.5836499890057563
exclude_1s,1,4,baseline,16,11.002570921985814,,-0.6187305016949696,,,
exclude_1s,1,4,ridge,16,7.847572115929055,0.785957753638779,0.17213698967609448,8.749210303105372,0.7859577536387791,-0.06397632598942504
exclude_1s,1,4,random_forest,16,8.143756830611903,0.7874790504428637,0.07345359314591349,11.387645626519028,0.787479050442864,-0.6638623094420688
exclude_1s,1,4,gradient_boosting,16,8.218690016039847,0.7297502383121718,0.08247067013980125,10.857415293114627,0.729750238312172,-0.5809700105744371
exclude_1s,1,5,baseline,16,11.951374113475179,,-0.05348128055965207,,,
exclude_1s,1,5,ridge,16,8.46600744559094,0.6842026711280617,0.33214068006208275,12.06452358430409,0.6842026711280617,-0.1766727318562462
exclude_1s,1,5,random_forest,16,7.965562500000011,0.7006230957167207,0.4538738735258776,11.481577134495744,0.7006230957167208,0.02801239782812548
exclude_1s,1,5,gradient_boosting,16,8.813049010698101,0.6495613558559445,0.31629884016785437,13.846082471220265,0.6495613558559447,-0.4007541665537384
exclude_1s,1,6,baseline,16,16.601861702127664,,-0.6646126548561213,,,
exclude_1s,1,6,ridge,16,7.869339336602085,0.8903605989203962,0.609631319327103,5.5419506343844755,0.8903605989203961,0.7238244703443084
exclude_1s,1,6,random_forest,16,7.726932985746769,0.8592781613541943,0.5705983809446565,6.560807603075705,0.8592781613541947,0.520529470275029
exclude_1s,1,6,gradient_boosting,16,7.5299710728692375,0.857258061120406,0.5983857378638595,6.602941723312312,0.857258061120406,0.5388298822439882
exclude_1s,1,7,baseline,15,13.020610328638497,-3.1736556672325376e-16,-0.006568863373825895,,,
exclude_1s,1,7,ridge,15,7.478214172482765,0.8368570467757163,0.6640751962092022,8.136070010456788,0.8368570467757163,0.49944873784583843
exclude_1s,1,7,random_forest,15,8.729066666666657,0.733631850816905,0.5249269396654639,8.801591060446095,0.7336318508169051,0.4477415362317765
exclude_1s,1,7,gradient_boosting,15,8.593435996211346,0.7526062471997349,0.5555981141769932,9.030644457903634,0.7526062471997348,0.4589737178660903
exclude_1s,1,8,baseline,15,14.088497652582161,,-0.13784045605718265,,,
exclude_1s,1,8,ridge,15,8.9282170290082,0.7288979641372582,0.4462294452621828,11.585948924632055,0.728897964137258,-0.14807638121383437
exclude_1s,1,8,random_forest,15,6.4650709532368404,0.8592709872472434,0.6851501617871059,7.949936380617652,0.8592709872472436,0.5763307092464982
exclude_1s,1,8,gradient_boosting,15,6.879153164954175,0.8189882809718229,0.6537979224954145,9.55419051146387,0.8189882809718229,0.3828373004853911
exclude_1s,1,9,baseline,15,15.707605633802816,-3.269521761182121e-16,-0.012255522877895997,,,
exclude_1s,1,9,ridge,15,7.5746056547536655,0.8491089255713175,0.6768330549576679,9.449968480137413,0.8491089255713176,0.5304319821773701
exclude_1s,1,9,random_forest,15,6.641769075057173,0.9040015493213372,0.76578819682305,8.594768421589611,0.9040015493213371,0.6821687855063538
exclude_1s,1,9,gradient_boosting,15,6.3221805322141,0.913785870600744,0.7918710373306759,7.562683844898031,0.9137858706007437,0.7268990491078055
exclude_1s,2,0,baseline,16,12.300221631205673,,-0.00047220067526398957,,,
exclude_1s,2,0,ridge,16,6.9589505572192625,0.8374563632148148,0.6263639149311997,8.779330825235247,0.8374563632148148,0.4487185505930287
exclude_1s,2,0,random_forest,16,7.576729166666681,0.7875341391547916,0.5686229685763095,8.102905556631091,0.7875341391547915,0.37901573949737066
exclude_1s,2,0,gradient_boosting,16,6.937447012833706,0.811093327614634,0.5971398119875098,9.422048223021743,0.8110933276146342,0.23752569156896308
exclude_1s,2,1,baseline,16,13.558998226950358,,-0.17728543182755185,,,
exclude_1s,2,1,ridge,16,6.6742184592545595,0.8375289420339603,0.6951774980870564,9.466051112058665,0.8375289420339606,0.4009984440533513
exclude_1s,2,1,random_forest,16,5.6555745504668185,0.8830595862993633,0.7473915278771076,8.207227749377715,0.8830595862993633,0.43746784257190197
exclude_1s,2,1,gradient_boosting,16,6.656574965171483,0.8318237411933019,0.6693192374776085,8.080625016550155,0.8318237411933022,0.475341025539018
exclude_1s,2,2,baseline,16,14.33346631205674,,-0.1396020197021819,,,
exclude_1s,2,2,ridge,16,8.691041026130879,0.7880467293141951,0.4961521561746577,11.992552111958583,0.788046729314195,-0.18991216451593185
exclude_1s,2,2,random_forest,16,8.245594016278996,0.7854436579256624,0.5396188091707855,10.061190174839188,0.7854436579256621,0.3495492430623309
exclude_1s,2,2,gradient_boosting,16,7.943581808312967,0.7813591780166514,0.5664879034670146,9.166015660052166,0.7813591780166517,0.37041078717308107
exclude_1s,2,3,baseline,16,11.31697695035461,,-0.009642725737348146,,,
exclude_1s,2,3,ridge,16,7.53573300383983,0.8051892664753916,0.568445875340581,8.668238143895007,0.8051892664753917,0.3718565444598235
exclude_1s,2,3,random_forest,16,8.487711341535144,0.7332768220056656,0.4623226817134247,11.352343729111006,0.7332768220056657,0.0677059755678433
exclude_1s,2,3,gradient_boosting,16,8.10116769212532,0.7789218935156489,0.47167564234830794,13.386364574695522,0.7789218935156488,-0.27722613114571937
exclude_1s,2,4,baseline,16,13.45625,,-0.08653833223111107,,,
exclude_1s,2,4,ridge,16,9.78850036872748,0.669997788641792,0.3875499596836782,9.359896917689792,0.6699977886417922,0.40440349995190716
exclude_1s,2,4,random_forest,16,9.299187499999999,0.7927679931623826,0.5096757944526866,9.605947566243723,0.7927679931623828,0.49945051453314615
exclude_1s,2,4,gradient_boosting,16,9.630920109995674,0.7283609078456301,0.45722802588527356,9.864818472489423,0.72836090784563,0.41484024876906755
exclude_1s,2,5,baseline,16,12.475443262411348,,-0.010473689848798928,,,
exclude_1s,2,5,ridge,16,5.506933020052727,0.9063895391211941,0.7824277704865858,10.256630772810343,0.9063895391211942,0.3534350382196456
exclude_1s,2,5,random_forest,16,5.074383491085897,0.9135000896051414,0.7934024662156909,9.327574619699384,0.9135000896051414,0.4823692234191682
exclude_1s,2,5,gradient_boosting,16,6.660467638738256,0.8619993646478562,0.7054403404018049,10.07922340673042,0.8619993646478561,0.3550023608160121
exclude_1s,2,6,baseline,16,14.323448581560278,,-0.11593438907268183,,,
exclude_1s,2,6,ridge,16,6.206361773122079,0.873227306171636,0.7561033995722978,8.288942669921724,0.873227306171636,0.4737989068530353
exclude_1s,2,6,random_forest,16,6.8200607244069955,0.8628245599902893,0.7111998714424481,10.227032214192707,0.8628245599902892,0.40327519453908467
exclude_1s,2,6,gradient_boosting,16,7.20658437719049,0.8471048581279613,0.6981817280568481,9.847909417066573,0.8471048581279611,0.42209905224280686
exclude_1s,2,7,baseline,15,8.837370892018779,-7.193516873978628e-16,-0.08845246346687774,,,
exclude_1s,2,7,ridge,15,5.126560600772901,0.790874891518019,0.5971791600223062,5.718919596506344,0.7908748915180189,0.5234629625899423
exclude_1s,2,7,random_forest,15,7.186997185518879,0.6774607627353092,0.30785614219936386,7.767614329437004,0.677460762735309,0.07824292827990931
exclude_1s,2,7,gradient_boosting,15,6.447072926307728,0.6977968706819544,0.3349425614140341,9.008509250569643,0.6977968706819547,-0.05552255178196153
exclude_1s,2,8,baseline,15,14.015962441314553,,-0.12481537258489306,,,
exclude_1s,2,8,ridge,15,7.697390202798114,0.7515448084145424,0.5599581054087133,9.934733430118394,0.7515448084145424,0.2687386489981848
exclude_1s,2,8,random_forest,15,9.37321462510126,0.5738230154229608,0.2451726993957335,13.284810821504172,0.5738230154229609,-0.32269166030417584
exclude_1s,2,8,gradient_boosting,15,9.268586713600504,0.5749802511421764,0.20329796165755176,12.656553397627501,0.5749802511421763,-0.2419618169346467
exclude_1s,2,9,baseline,15,13.430422535211271,5.872451557817785e-17,-0.011516205627544407,,,
exclude_1s,2,9,ridge,15,6.722704982444608,0.8932630387246558,0.7604022360021334,5.525621797857766,0.893263038724656,0.7437565655227787
exclude_1s,2,9,random_forest,15,8.137108005194362,0.8621554890931501,0.6634835472278608,8.874680874365152,0.8621554890931503,0.5614493332928225
exclude_1s,2,9,gradient_boosting,15,9.503977831811534,0.7798263309261331,0.5252328988388789,11.095075795422161,0.7798263309261331,0.3619375341815063
exclude_1s,3,0,baseline,16,11.361037234042552,,-0.14336287208280463,,,
exclude_1s,3,0,ridge,16,5.811994137001944,0.8280352586929464,0.6697906229600266,8.012982059965026,0.8280352586929465,0.4196357821476536
exclude_1s,3,0,random_forest,16,6.423994672659466,0.7723641187977756,0.5698385007769515,9.100165300461494,0.7723641187977756,0.23545791929490145
exclude_1s,3,0,gradient_boosting,16,7.256410656166045,0.7155810088201556,0.46815909054837257,10.813772963827063,0.7155810088201559,-0.0380436593475324
exclude_1s,3,1,baseline,16,13.678856382978724,,-0.007725546942938699,,,
exclude_1s,3,1,ridge,16,7.845075505837048,0.8066270968074187,0.6455801281494836,8.89736300439066,0.8066270968074188,0.5158785349624699
exclude_1s,3,1,random_forest,16,9.32947916666665,0.7004465863466274,0.4793930064207571,10.400577036127997,0.7004465863466273,0.3044480341989325
exclude_1s,3,1,gradient_boosting,16,10.023274406413394,0.6598831260156105,0.4195204771300509,11.221906421707565,0.6598831260156104,0.22531796936715776
exclude_1s,3,2,baseline,16,12.337721631205675,,-0.07842890163532856,,,
exclude_1s,3,2,ridge,16,7.132825819861305,0.8275236874065713,0.6547259455649503,6.731396841082428,0.8275236874065713,0.6172948835688383
exclude_1s,3,2,random_forest,16,8.241722173706382,0.7117769027610739,0.4806525672899621,11.00869956503974,0.7117769027610736,0.08431804316660074
exclude_1s,3,2,gradient_boosting,16,8.45301389558277,0.7573173519678752,0.5457840128312473,10.867746437149489,0.7573173519678754,0.1272590266430883
exclude_1s,3,3,baseline,16,11.198093971631204,,-0.006731739360218869,,,
exclude_1s,3,3,ridge,16,4.677074482938721,0.9224680217722266,0.8369733254255368,7.12086307523216,0.922468021772227,0.4198134342521398
exclude_1s,3,3,random_forest,16,5.950939846997974,0.8723992403575399,0.7535676138546605,10.753895810808872,0.87239924035754,0.19796225855584193
exclude_1s,3,3,gradient_boosting,16,4.433083922299787,0.9184238410097112,0.8290803595632262,9.194465653438465,0.9184238410097113,0.39754110530150644
exclude_1s,3,4,baseline,16,12.106959219858155,,-0.06121625343314663,,,
exclude_1s,3,4,ridge,16,6.171565677009763,0.8311921795324726,0.6899114280283236,8.692824304049527,0.8311921795324725,0.375386695152245
exclude_1s,3,4,random_forest,16,7.309623847709448,0.7642247961754348,0.5733635901721653,8.710331130663816,0.7642247961754346,0.3035853967356318
exclude_1s,3,4,gradient_boosting,16,7.355908929199494,0.7434877085003718,0.5450364773849434,9.220469523183283,0.7434877085003718,0.28775222834228853
exclude_1s,3,5,baseline,16,15.235416666666666,,-0.08566464979983923,,,
exclude_1s,3,5,ridge,16,7.412186728819972,0.8195840704479417,0.6459881296296512,8.981099607697125,0.8195840704479417,0.453490793049495
exclude_1s,3,5,random_forest,16,7.505041666666676,0.8261029505873909,0.6399591936683027,9.307062768700757,0.826102950587391,0.4737062223433097
exclude_1s,3,5,gradient_boosting,16,7.268088724661996,0.7781565028573993,0.591623074237799,9.901760431424414,0.7781565028573997,0.3521548712930701
exclude_1s,3,6,baseline,16,12.505452127659575,,-0.0012430068291842122,,,
exclude_1s,3,6,ridge,16,10.82110400919019,0.5663666146737442,0.2992446376199065,11.503332091612485,0.566366614673744,0.08620049188209766
exclude_1s,3,6,random_forest,16,8.471031107085274,0.6512811496829043,0.3936866836758103,9.638797012497115,0.6512811496829042,0.023829470083546855
exclude_1s,3,6,gradient_boosting,16,8.758940906175933,0.6226079855950215,0.34602200717814313,10.19456482501675,0.6226079855950214,0.002832033215769192
exclude_1s,3,7,baseline,15,11.031830985915493,0.0,-0.04562251327579214,,,
exclude_1s,3,7,ridge,15,9.366343788929875,0.7365301004410666,0.2787580356917405,13.24514764849345,0.7365301004410669,-0.8397700163696802
exclude_1s,3,7,random_forest,15,6.660328001048955,0.7919924501460579,0.6087438943716885,11.112992199338976,0.7919924501460581,-0.010620841050829277
exclude_1s,3,7,gradient_boosting,15,8.295390119123686,0.687694859359132,0.40411297849131944,12.565479362486567,0.6876948593591319,-0.26647248128360523
exclude_1s,3,8,baseline,15,10.686713615023471,2.7797517686026064e-16,-0.01578928204338581,,,
exclude_1s,3,8,ridge,15,4.0695473971995755,0.9272169279282635,0.8500008319213965,7.557144474785867,0.9272169279282635,0.4532821779884313
exclude_1s,3,8,random_forest,15,4.299840848916398,0.9401255800691677,0.8580395975471773,10.192776830274386,0.9401255800691677,0.1759527370867714
exclude_1s,3,8,gradient_boosting,15,4.423477133887003,0.9321754826111877,0.8369679139940284,10.253364115060721,0.9321754826111877,0.049383683994255856
exclude_1s,3,9,baseline,15,17.59924882629108,4.908831136906838e-16,-0.07625207133714151,,,
exclude_1s,3,9,ridge,15,9.94514609890695,0.8487179075962316,0.5713055301929009,7.812585513510416,0.8487179075962313,0.6650408765992448
exclude_1s,3,9,random_forest,15,11.322000000000006,0.7675049923914382,0.4689643546876612,10.557273300904138,0.7675049923914382,0.5569595230859521
exclude_1s,3,9,gradient_boosting,15,12.149985271325079,0.7958701468278566,0.45684629825523293,10.362804042120636,0.7958701468278563,0.5571781458667278
exclude_1s,4,0,baseline,16,12.64729609929078,,-0.10802636899853857,,,
exclude_1s,4,0,ridge,16,7.076325340614327,0.9089886971711016,0.6809828652147447,5.332893988298126,0.9089886971711016,0.7866660149677807
exclude_1s,4,0,random_forest,16,8.980234857295708,0.6734983790329211,0.4449589890082899,9.731254182197377,0.6734983790329212,0.2598933363005743
exclude_1s,4,0,gradient_boosting,16,8.409914786246338,0.7392750581395447,0.5277718253630577,8.00475704695657,0.7392750581395449,0.46233074680071207
exclude_1s,4,1,baseline,16,14.226374113475178,,-0.21729517974356138,,,
exclude_1s,4,1,ridge,16,5.829079925711914,0.8984813167853055,0.7754808092482113,8.22053035272602,0.8984813167853057,0.3833093464299032
exclude_1s,4,1,random_forest,16,6.516187499999996,0.9101254656799892,0.7398276313207919,8.349477500748046,0.9101254656799893,0.5429741219873494
exclude_1s,4,1,gradient_boosting,16,6.921754067421194,0.8498498846501249,0.6823447614915759,9.593747913580838,0.849849884650125,0.3520039462603767
exclude_1s,4,2,baseline,16,10.729033687943264,,-0.04977596148400121,,,
exclude_1s,4,2,ridge,16,6.899749885835918,0.7984862155165934,0.4351508943999731,11.547661384218966,0.798486215516593,-0.5952105283124514
exclude_1s,4,2,random_forest,16,6.2313860571268,0.7970255305448655,0.6294078591384613,10.027512520882857,0.7970255305448657,0.17348101982637953
exclude_1s,4,2,gradient_boosting,16,7.170121580273879,0.7597177387735491,0.5526524207947441,10.208274739052223,0.7597177387735491,0.14261654259595524
exclude_1s,4,3,baseline,16,14.318617021276598,,-0.01487936369825893,,,
exclude_1s,4,3,ridge,16,5.473202379548553,0.8965254892376929,0.7935062059283925,10.09312897727128,0.8965254892376932,0.3564807823901829
exclude_1s,4,3,random_forest,16,7.008907349466693,0.8653737836737053,0.7268679134739049,13.149366584406332,0.8653737836737055,0.07782391037926928
exclude_1s,4,3,gradient_boosting,16,7.283578942933923,0.8467665074192305,0.6969891068484971,11.2055488778954,0.8467665074192303,0.31249951545632004
exclude_1s,4,4,baseline,16,12.818750000000001,,-0.016549164383255377,,,
exclude_1s,4,4,ridge,16,6.977009823349384,0.8707087879120466,0.722814697269089,6.871647282147477,0.8707087879120465,0.7176624498279577
exclude_1s,4,4,random_forest,16,7.4962197274711055,0.8691924458253777,0.6860186828789753,8.440594458561284,0.8691924458253777,0.6167829200503265
exclude_1s,4,4,gradient_boosting,16,7.315127263965384,0.8511168934316434,0.685505120012711,9.084124405509051,0.8511168934316435,0.5626228383125326
exclude_1s,4,5,baseline,16,15.2,,-0.12481322117401983,,,
exclude_1s,4,5,ridge,16,8.963535307026195,0.7591160309322679,0.5648908054527166,10.02632661947585,0.7591160309322678,0.406849601324178
exclude_1s,4,5,random_forest,16,8.343075352916129,0.7514453311603394,0.5624692152876596,10.02700952627298,0.7514453311603394,0.3180321975777811
exclude_1s,4,5,gradient_boosting,16,7.15499169837948,0.8148546626405775,0.6566729851359433,10.78866363980438,0.8148546626405774,0.286930670099915
exclude_1s,4,6,baseline,16,10.074822695035461,,-0.0021182460803972347,,,
exclude_1s,4,6,ridge,16,8.812037022863223,0.5027347874453505,0.24264015159978614,9.759077366270095,0.5027347874453506,0.10729455044365444
exclude_1s,4,6,random_forest,16,8.890022527124184,0.396280470519982,0.11556992043912606,10.018578777692019,0.3962804705199821,-0.13920275702449936
exclude_1s,4,6,gradient_boosting,16,9.68559371087806,0.28995039613680995,-0.04831602778802879,10.949724487280474,0.2899503961368099,-0.4121786166884176
exclude_1s,4,7,baseline,15,12.808967136150235,5.792557066688317e-16,-0.022887571935054973,,,
exclude_1s,4,7,ridge,15,6.372829626559384,0.8698392729557649,0.7413788943785176,6.945946112008156,0.8698392729557647,0.6509258854746187
exclude_1s,4,7,random_forest,15,4.720111111111125,0.9371675843647453,0.8662930485659753,9.146494437368585,0.9371675843647456,0.498513329686873
exclude_1s,4,7,gradient_boosting,15,5.257951630346553,0.9252951370380534,0.8331476403188358,7.02021145326371,0.9252951370380533,0.659463212069931
exclude_1s,4,8,baseline,15,11.745774647887322,-1.0788258040383819e-16,-0.12265438628545344,,,
exclude_1s,4,8,ridge,15,8.663302210815901,0.547308510037438,0.17400167334008299,11.816963449915502,0.5473085100374382,-0.2229180893228171
exclude_1s,4,8,random_forest,15,7.416955555555563,0.6508872537120396,0.4054796735170807,9.969726894110204,0.6508872537120396,-0.016370840829413202
exclude_1s,4,8,gradient_boosting,15,7.931664634552424,0.6158766766456004,0.3277280015967545,10.568144996085762,0.6158766766456004,-0.06703927488849204
exclude_1s,4,9,baseline,15,13.368450704225351,3.509845606623051e-17,-0.20110949382243448,,,
exclude_1s,4,9,ridge,15,6.936994172774505,0.8448923104678765,0.6530664791583082,7.425045137369395,0.8448923104678767,0.547545283630617
exclude_1s,4,9,random_forest,15,6.159700326524659,0.8349060602438416,0.6763667225020153,8.786982771296955,0.834906060243842,0.39141398676268147
exclude_1s,4,9,gradient_boosting,15,6.40792085986779,0.8014473302596988,0.6174740581572211,10.156664321804268,0.801447330259699,0.19859620446940007
no_iop,0,0,baseline,47,13.021230784892598,-1.5625736327041135e-16,-3.4201233003683384e-05,,,
no_iop,0,0,ridge,47,7.4701722098357335,0.7868536241783454,0.6140080944955136,8.657692400465425,0.7868536241783456,0.4457566383814411
no_iop,0,0,random_forest,47,6.834801418439711,0.8094890217279216,0.6543362376539525,8.421885531262562,0.8094890217279218,0.4645665658245698
no_iop,0,0,gradient_boosting,47,6.454793317449788,0.8281094747532916,0.6799887571037797,8.537875671967983,0.8281094747532919,0.4632093695999574
no_iop,0,1,baseline,47,14.660409243611932,-2.6072404543818377e-16,-0.0010890443359903301,,,
no_iop,0,1,ridge,47,7.348564188026257,0.8586279410636667,0.7238372508520036,10.606224633985523,0.8586279410636672,0.4122718489907472
no_iop,0,1,random_forest,47,7.234149898841582,0.8473632648264666,0.7154819849309032,8.803344179607096,0.8473632648264666,0.5820663507001206
no_iop,0,1,gradient_boosting,47,7.084192211684477,0.8426305266264476,0.7097978332621999,9.142480408999223,0.8426305266264473,0.545315630958623
no_iop,0,2,baseline,47,13.63275475923852,5.581456069616749e-16,-0.03122026460799665,,,
no_iop,0,2,ridge,47,7.015933764285528,0.8554691446490884,0.7078863900452781,7.142990937042404,0.8554691446490884,0.670993115521985
no_iop,0,2,random_forest,47,6.976096586866046,0.8449258254208865,0.7023264272739558,9.096570560881721,0.8449258254208863,0.46827082719927227
no_iop,0,2,gradient_boosting,47,6.780449634128656,0.8453850095316445,0.7021605527556971,8.895109303735744,0.8453850095316443,0.4882361720316274
no_iop,0,3,baseline,47,12.742522650921309,-1.5161470437365191e-16,-0.001941657117561224,,,
no_iop,0,3,ridge,47,7.809272537076827,0.7896299189852107,0.5897591113779908,9.960295793847157,0.7896299189852105,0.29346507170089964
no_iop,0,3,random_forest,47,7.746572739823612,0.7732551402861089,0.585883213183823,10.35770967664545,0.773255140286109,0.31516485878767053
no_iop,0,3,gradient_boosting,47,7.864978590818462,0.7813943624482921,0.5815758079966209,10.573263323783126,0.7813943624482923,0.30362627719761603
no_iop,0,4,baseline,47,16.225027995520716,-5.13161354407722e-16,-0.035238776867958954,,,
no_iop,0,4,ridge,47,6.997444904847982,0.8529503176052852,0.7198160770911153,9.103242363096207,0.8529503176052851,0.586951903151528
no_iop,0,4,random_forest,47,6.814285141018979,0.8669373579066677,0.742224678155802,8.639316419746063,0.866937357906668,0.5961889014139159
no_iop,0,4,gradient_boosting,47,6.982194381028898,0.8615167268456754,0.734821949137606,8.206782661355442,0.861516726845675,0.6170236893763454
no_iop,0,5,baseline,46,12.497701566877662,3.2685556147807365e-16,-0.10725668497438434,,,
no_iop,0,5,ridge,46,7.928483258770948,0.7682737627110686,0.5274056648377634,9.219480178915939,0.7682737627110687,0.35283602390317204
no_iop,0,5,random_forest,46,7.745440684930439,0.7748869202632009,0.5551611023667995,8.989812416057813,0.7748869202632014,0.4072832327488931
no_iop,0,5,gradient_boosting,46,7.27759079643311,0.7922793660355126,0.5805459521585141,9.012082288043313,0.7922793660355127,0.43074091334915543
no_iop,0,6,baseline,46,14.713308083428455,2.6063986250258944e-16,-0.000371374397426516,,,
no_iop,0,6,ridge,46,7.2031126524998745,0.8402461497040258,0.7058678430393752,8.920113564069345,0.8402461497040254,0.5454875329389484
no_iop,0,6,random_forest,46,8.268143958098914,0.7850165439828505,0.6155417733607665,9.992565243775628,0.7850165439828508,0.4463242283034411
no_iop,0,6,gradient_boosting,46,7.860136254216386,0.8146716369136713,0.6632144903991919,9.269143062121685,0.814671636913671,0.5310813679655233
no_iop,0,7,baseline,46,14.301981944588563,-2.1993294421571892e-16,-0.029011894129024718,,,
no_iop,0,7,ridge,46,6.757558323333851,0.8776195789949762,0.7513659987777309,6.350785360077323,0.8776195789949758,0.7233583638780644
no_iop,0,7,random_forest,46,6.948881128297112,0.8473334045581845,0.7061785847154949,7.910071192287506,0.8473334045581845,0.6253690980676302
no_iop,0,7,gradient_boosting,46,7.0373116404817795,0.8360860564305979,0.6953549544647324,7.8820472387809755,0.8360860564305976,0.5847478467187911
no_iop,0,8,baseline,46,13.275194562623222,4.4290198690401036e-16,-0.013099856395601073,,,
no_iop,0,8,ridge,46,7.2966086288427485,0.7947999540100477,0.6266528328175777,9.33387384229202,0.7947999540100475,0.4259526570077842
no_iop,0,8,random_forest,46,7.583970242057377,0.7824192080546126,0.6083260417921659,9.891842759394764,0.7824192080546125,0.3691987099399763
no_iop,0,8,gradient_boosting,46,8.026893220811614,0.7610753699196026,0.5670190470689628,10.164746793353059,0.7610753699196023,0.31665886185993064
no_iop,0,9,baseline,46,16.13472034865622,1.5031726600012973e-16,-0.06012877693827967,,,
no_iop,0,9,ridge,46,7.5933239548577385,0.8618685388327442,0.7160789322102898,7.78385636201394,0.8618685388327446,0.677248891451987
no_iop,0,9,random_forest,46,7.5278621281376115,0.8732233800010926,0.7396581053707166,8.260198173185852,0.8732233800010923,0.6561049341870233
no_iop,0,9,gradient_boosting,46,7.810411129502575,0.8698148709980393,0.7312846140360003,7.463065648293528,0.8698148709980394,0.7034623731916876
no_iop,1,0,baseline,47,15.026193627201465,-2.491604936986939e-16,-0.00949840660153689,,,
no_iop,1,0,ridge,47,8.214721755326659,0.8292657836930204,0.6749266339094884,8.788002073302385,0.8292657836930207,0.5669226544447092
no_iop,1,0,random_forest,47,7.9579009191565335,0.8330745649749148,0.687008576097395,9.342165378257716,0.8330745649749149,0.5587535631294156
no_iop,1,0,gradient_boosting,47,8.132057608358235,0.8348735262532945,0.6863244580879855,9.390946278879523,0.8348735262532946,0.5262519867159426
no_iop,1,1,baseline,47,15.990990532423902,-7.728383938363313e-17,-1.0022766825823481e-05,,,
no_iop,1,1,ridge,47,6.789583468231266,0.8882264827464952,0.788627212483604,8.815659037287872,0.8882264827464954,0.6269830034770509
no_iop,1,1,random_forest,47,7.265584728626743,0.8784790656944921,0.7680082240692074,9.181399893251648,0.8784790656944925,0.6165757536594922
no_iop,1,1,gradient_boosting,47,7.205580980419009,0.8784653452673892,0.7683261219695166,8.450816100589966,0.8784653452673894,0.6530971874446677
no_iop,1,2,baseline,47,13.40248396620177,-5.8762250826527e-16,-0.0027571837560662615,,,
no_iop,1,2,ridge,47,7.719448001245485,0.7721442577505476,0.5832387213651147,9.712669572866865,0.7721442577505477,0.3452231320660668
no_iop,1,2,random_forest,47,8.050146709801227,0.7346801792143361,0.5246799549952915,9.5265042434784,0.7346801792143357,0.26454765451508433
no_iop,1,2,gradient_boosting,47,7.66824307998002,0.7516221774037293,0.5443148053496971,9.728130025764367,0.7516221774037288,0.30438657580458484
no_iop,1,3,baseline,47,14.017224880382777,-1.9744739270835003e-16,-0.002468932553356451,,,
no_iop,1,3,ridge,47,8.108942028439124,0.8019392757754346,0.6285661402485315,8.738189355669475,0.8019392757754343,0.584610473862207
no_iop,1,3,random_forest,47,7.800160277214438,0.8061521772899652,0.6452589983548573,8.935728494797246,0.8061521772899651,0.550319598152829
no_iop,1,3,gradient_boosting,47,8.077143070064054,0.7848091396080548,0.6123182364607377,9.447529913901047,0.7848091396080545,0.5091046116192718
no_iop,1,4,baseline,47,12.58368624656419,1.4845362714693563e-16,-0.08026675445981168,,,
no_iop,1,4,ridge,47,7.029256046852548,0.784184400759073,0.5401471569334395,9.725473885303627,0.7841844007590731,0.14046539653140455
no_iop,1,4,random_forest,47,7.5798652482269615,0.7561704850583867,0.5384850910531513,10.72431082869846,0.7561704850583869,0.15112720612381658
no_iop,1,4,gradient_boosting,47,7.404359947334623,0.7734131327001803,0.5446409910860246,10.740996305848613,0.7734131327001802,0.13098170481481808
no_iop,1,5,baseline,46,13.75286915015046,4.910732035148386e-16,-0.009090751877213643,,,
no_iop,1,5,ridge,46,6.494041493995028,0.8585922697343307,0.7288625622187962,7.759135082656727,0.8585922697343307,0.6666862564094116
no_iop,1,5,random_forest,46,6.789564439712216,0.8487233890923861,0.716066848604298,8.55147672477997,0.8487233890923861,0.607773537288451
no_iop,1,5,gradient_boosting,46,7.222857973141859,0.8371350472672929,0.6998945393494778,8.916372688484415,0.837135047267293,0.5843521730203605
no_iop,1,6,baseline,46,13.29092041091626,-1.9842159549234228e-16,-0.15064586174550243,,,
no_iop,1,6,ridge,46,6.249585118537977,0.8678677809977796,0.740702841380358,7.168998992254222,0.86786778099778,0.6593892224657171
no_iop,1,6,random_forest,46,6.30274276352196,0.8660420386252715,0.7239746362945705,7.457552780970637,0.8660420386252714,0.6101348007383367
no_iop,1,6,gradient_boosting,46,5.899428498146791,0.877137334163865,0.7578739774613623,7.396630922110607,0.8771373341638649,0.6328175875874968
no_iop,1,7,baseline,46,14.199745771505654,-4.851065589805924e-17,-0.0008593625957833417,,,
no_iop,1,7,ridge,46,7.468424561465542,0.8185094974880659,0.6661904827192758,8.013313681408738,0.8185094974880659,0.5902107769095437
no_iop,1,7,random_forest,46,8.17844828059398,0.7714599304469849,0.5916051473932663,9.87465449571631,0.7714599304469849,0.448009654971973
no_iop,1,7,gradient_boosting,46,8.184225192728565,0.7896162143177348,0.6232745493951934,9.140327805966013,0.7896162143177345,0.5015280065240986
no_iop,1,8,baseline,46,14.752101276330809,-2.6201204104234013e-16,-0.04322140637076832,,,
no_iop,1,8,ridge,46,7.598203687548341,0.8342079870924006,0.6912275571675237,8.328971564314218,0.8342079870924008,0.5974334044454079
no_iop,1,8,random_forest,46,7.380413390790735,0.8351989668823467,0.6934138688372911,8.179100398651638,0.8351989668823465,0.5499683403383308
no_iop,1,8,gradient_boosting,46,7.600599631228723,0.8318745898955477,0.6874785278644178,8.01495644345367,0.8318745898955475,0.5587149182056245
no_iop,1,9,baseline,46,14.107346684652903,-1.3698983182722011e-16,-0.025241052712581702,,,
no_iop,1,9,ridge,46,7.593002995581193,0.8310060871558382,0.6634956175546441,9.930751057478052,0.831006087155839,0.382203610625503
no_iop,1,9,random_forest,46,7.259790960964153,0.8255018119722854,0.6744610867376051,9.842234509331632,0.8255018119722853,0.4638474497255458
no_iop,1,9,gradient_boosting,46,7.549458373083952,0.8194501873109962,0.6525473805352252,10.075007306271074,0.8194501873109962,0.4213650447047611
no_iop,2,0,baseline,47,13.582535885167465,-6.844919640469615e-16,-0.12732222154962258,,,
no_iop,2,0,ridge,47,6.705361172335867,0.850854355127848,0.7037118640771882,8.37899441608564,0.8508543551278483,0.4905122351028659
no_iop,2,0,random_forest,47,6.445027650367525,0.8522230310597821,0.710214326688362,8.05377891182556,0.8522230310597818,0.5367186409672269
no_iop,2,0,gradient_boosting,47,6.528812640079331,0.8421399530237613,0.7005721431510734,8.777261793430192,0.8421399530237611,0.5007452140776656
no_iop,2,1,baseline,47,14.394523058128877,2.486253763390221e-16,-0.0018401427471710363,,,
no_iop,2,1,ridge,47,8.302852314905696,0.801826669609772,0.63154229857184,9.727150758615467,0.8018266696097721,0.4923514414120357
no_iop,2,1,random_forest,47,7.595304964538999,0.837494737786678,0.688326211968499,10.126286615873298,0.8374947377866783,0.48181973352631857
no_iop,2,1,gradient_boosting,47,7.677174265369785,0.8443036242306957,0.6937873160561351,10.510456353560295,0.844303624230696,0.46164024877538645
no_iop,2,2,baseline,47,13.844283823679122,7.94019691580726e-17,-0.009476120401709753,,,
no_iop,2,2,ridge,47,7.7142638467774285,0.784505395197027,0.6146654561242071,7.928993724469909,0.7845053951970273,0.5096242184239769
no_iop,2,2,random_forest,47,7.929933448240713,0.786954242303182,0.6177359838506171,8.214689869038605,0.786954242303182,0.5036342808586736
no_iop,2,2,gradient_boosting,47,7.294377834571066,0.8207643859444946,0.6715300319273059,7.573245991205896,0.8207643859444945,0.5775013540786862
no_iop,2,3,baseline,47,14.351959686450172,-9.125127506112742e-17,-0.0026518244115885103,,,
no_iop,2,3,ridge,47,7.251900134854195,0.8497520149367894,0.7193975822032932,8.788724920729836,0.8497520149367896,0.5448103887619533
no_iop,2,3,random_forest,47,7.047259125678351,0.8679243882092201,0.748576051690852,7.850587364712487,0.8679243882092204,0.6279591279549823
no_iop,2,3,gradient_boosting,47,7.359333974425322,0.8478181905280746,0.7171721544203147,8.893554344095799,0.8478181905280745,0.5560930252556904
no_iop,2,4,baseline,47,12.277394889544945,-3.0147466050167845e-16,-0.0039206944545573386,,,
no_iop,2,4,ridge,47,6.7638763972087865,0.8288724782168753,0.6743093633787438,7.786109893794757,0.8288724782168753,0.5413827281281376
no_iop,2,4,random_forest,47,7.211230697673737,0.7797063846151259,0.6020188600017613,8.562828863609342,0.7797063846151259,0.4163522299747576
no_iop,2,4,gradient_boosting,47,7.487650536080544,0.7677602084754418,0.5749647428032494,8.31787611462261,0.7677602084754421,0.43874144417028527
no_iop,2,5,baseline,46,13.946788419632664,-1.5264671274655042e-16,-0.07315934576028393,,,
no_iop,2,5,ridge,46,7.326760563950642,0.8531822493077463,0.6755401394895233,6.5038290339558475,0.8531822493077463,0.7177544356475565
no_iop,2,5,random_forest,46,7.3518987735149,0.8313735951306871,0.6816400662451141,8.132170205722785,0.8313735951306872,0.594715131307698
no_iop,2,5,gradient_boosting,46,7.349012171138027,0.8179651267237324,0.6628812497655328,7.473253756547514,0.8179651267237324,0.5879732688267202
no_iop,2,6,baseline,46,14.269477015668777,,-0.0026176568678768497,,,
no_iop,2,6,ridge,46,6.770499816324174,0.8706712372218598,0.74493879459798,10.230862063645715,0.8706712372218605,0.46441173097547617
no_iop,2,6,random_forest,46,7.399736705100177,0.8397262239181816,0.7033062547237805,10.629412908229108,0.8397262239181816,0.45532070077835873
no_iop,2,6,gradient_boosting,46,7.130887718078164,0.8570752096996801,0.7299120087569637,10.080841983177764,0.8570752096996798,0.49393583628188753
no_iop,2,7,baseline,46,13.898505759053643,4.619965478386936e-16,-0.002346989391113219,,,
no_iop,2,7,ridge,46,6.648272599380874,0.8502823402322243,0.7075348510382575,9.87646459931212,0.850282340232224,0.44338273647394777
no_iop,2,7,random_forest,46,7.111223130586098,0.831349927097459,0.6852768801914149,9.537464328064628,0.8313499270974585,0.4587760864665201
no_iop,2,7,gradient_boosting,46,6.665400653506462,0.8287208403644195,0.6803682310052236,9.31324875121019,0.8287208403644201,0.452090227186832
no_iop,2,8,baseline,46,16.343903704472346,8.805802570028233e-17,-0.05796095879915897,,,
no_iop,2,8,ridge,46,8.593048076951998,0.7828730690766765,0.6109102426511166,9.799886271155419,0.7828730690766764,0.4786259946300141
no_iop,2,8,random_forest,46,8.524448491458836,0.7785538858280825,0.6055949026386322,10.430418262740545,0.7785538858280824,0.47272489450020394
no_iop,2,8,gradient_boosting,46,8.395689319127042,0.7792609750750857,0.606365591564258,9.947300065544313,0.7792609750750854,0.47316469203683087
no_iop,2,9,baseline,46,14.34699076476082,-4.1859876030692957e-16,-0.005866293407420509,,,
no_iop,2,9,ridge,46,7.129349310782046,0.8313268398259304,0.6900030867179219,8.220859745380682,0.8313268398259309,0.5383622182860612
no_iop,2,9,random_forest,46,6.766484819932505,0.8478945026249701,0.7098445562641892,7.786134519326427,0.8478945026249701,0.609162819937811
no_iop,2,9,gradient_boosting,46,6.686856773929564,0.8502977206830603,0.7174798791199566,7.544258791424489,0.8502977206830609,0.6260745559940352
no_iop,3,0,baseline,47,13.244624860022395,,-0.01955665585497246,,,
no_iop,3,0,ridge,47,6.992978910383625,0.8342020398104202,0.6830835799574433,7.43434347273236,0.8342020398104207,0.6218139877001799
no_iop,3,0,random_forest,47,7.121160581211288,0.8219883680749701,0.6686019977729464,8.339776450318945,0.8219883680749697,0.5257089905917827
no_iop,3,0,gradient_boosting,47,7.212934459031433,0.819721326195546,0.668220688501638,7.929176456858785,0.8197213261955458,0.5445206442130889
no_iop,3,1,baseline,47,16.195276392140894,-1.1745626637062792e-16,-0.018749127300598856,,,
no_iop,3,1,ridge,47,7.8615956184866675,0.8296295606049008,0.6870029152391726,8.861299027113564,0.8296295606049007,0.5698425366175774
no_iop,3,1,random_forest,47,7.754510712583561,0.8351796698492991,0.688316612537199,8.908245654208319,0.835179669849299,0.6097806941020454
no_iop,3,1,gradient_boosting,47,7.412685478446031,0.8497232393233088,0.7121725286007082,8.308925129518483,0.8497232393233093,0.6462013163228637
no_iop,3,2,baseline,47,15.745770131324436,1.7950884872912286e-16,-0.11256128190313541,,,
no_iop,3,2,ridge,47,8.454193723236644,0.7806643270747519,0.6085517706355673,9.596704868948763,0.7806643270747519,0.5041000214817415
no_iop,3,2,random_forest,47,8.834092198581569,0.7791379400770174,0.6047074837749922,9.420503930758906,0.7791379400770174,0.4891384473921526
no_iop,3,2,gradient_boosting,47,8.59811565738879,0.777564624709022,0.6045193557117196,9.760410613761783,0.777564624709022,0.48800225772386774
no_iop,3,3,baseline,47,14.741260307441715,7.290765740442435e-16,-0.0307589159949877,,,
no_iop,3,3,ridge,47,7.9974941776857795,0.7995000063589246,0.6375365774671549,9.460552307423125,0.7995000063589242,0.5157512573471423
no_iop,3,3,random_forest,47,8.433962155506658,0.7952684575980505,0.6274507158249586,9.172977193419213,0.7952684575980501,0.5216553624731066
no_iop,3,3,gradient_boosting,47,8.115674347404934,0.8080422679743093,0.6480808996267969,8.83754266540873,0.8080422679743089,0.5766592361360523
no_iop,3,4,baseline,47,14.334220706505135,0.0,-0.0031915334123582273,,,
no_iop,3,4,ridge,47,8.116733041006855,0.8001389534980339,0.6352401182790318,9.147995174528333,0.8001389534980337,0.4480094586778661
no_iop,3,4,random_forest,47,7.55835755279801,0.8018080366934196,0.6407643884181466,9.358133231451577,0.8018080366934197,0.4771089896195525
no_iop,3,4,gradient_boosting,47,7.651568724841957,0.7960169974928144,0.6300958995072546,9.214635314563955,0.7960169974928145,0.4983864524957389
no_iop,3,5,baseline,46,13.85596658711217,,-0.00032575602323836605,,,
no_iop,3,5,ridge,46,6.330658027310405,0.8783813937258597,0.758734626499685,7.603477943786316,0.8783813937258599,0.6216293776369988
no_iop,3,5,random_forest,46,6.67378259998056,0.8595599860614141,0.729982393656071,8.411653827835362,0.8595599860614146,0.5787144382884479
no_iop,3,5,gradient_boosting,46,7.023334149359945,0.8546098648797844,0.7105219608298287,7.602365241797392,0.8546098648797845,0.5885631260453759
no_iop,3,6,baseline,46,14.397291688284737,,-0.02413935237755016,,,
no_iop,3,6,ridge,46,6.479793173084276,0.8636952633755587,0.7448463836449537,8.47210806959262,0.8636952633755588,0.5389769190627144
no_iop,3,6,random_forest,46,6.874282587883052,0.8481775007833336,0.7167053705389389,8.28261839846047,0.8481775007833333,0.588827307335287
no_iop,3,6,gradient_boosting,46,7.189121063055515,0.8292932594919156,0.6867702214754432,8.521138513810717,0.8292932594919156,0.5489588885383898
no_iop,3,7,baseline,46,14.380917297914289,-1.0332362677956243e-16,-0.011020197559807432,,,
no_iop,3,7,ridge,46,6.419590506429453,0.8772857688846406,0.7676748098504238,9.118004052482602,0.8772857688846405,0.5306534348606032
no_iop,3,7,random_forest,46,6.591855451078054,0.8617580082631915,0.7423857812524048,9.580522397097877,0.8617580082631912,0.5302308761979988
no_iop,3,7,gradient_boosting,46,6.24914392569743,0.882759030713024,0.7705033157366157,10.462963624559878,0.8827590307130245,0.4774942228766246
no_iop,3,8,baseline,46,11.873913043478264,,-0.0017961755232227539,,,
no_iop,3,8,ridge,46,6.957813749605537,0.7795587892765883,0.5589932366965149,8.651837124294403,0.7795587892765885,0.3516250972948862
no_iop,3,8,random_forest,46,6.37836692562128,0.8207336988819868,0.6496582254294921,8.321956208080406,0.8207336988819869,0.4074175927375121
no_iop,3,8,gradient_boosting,46,6.907650941997532,0.7903579154074895,0.577167442857609,9.307810590530018,0.7903579154074893,0.26379870594261856
no_iop,3,9,baseline,46,12.242134481685172,-1.4526237185389322e-16,-9.628370655967444e-05,,,
no_iop,3,9,ridge,46,7.4972841909869885,0.8076517207992948,0.6472105648668363,9.060543122647214,0.8076517207992947,0.48119057647989005
no_iop,3,9,random_forest,46,7.116425364866855,0.8196040183740235,0.6552397616516166,9.481382813720876,0.8196040183740233,0.364947529049518
no_iop,3,9,gradient_boosting,46,7.320072069114268,0.8072123059101853,0.638017055591596,9.147837408379152,0.8072123059101857,0.3943731875443315
no_iop,4,0,baseline,47,11.800167973124301,2.951727436327474e-16,-0.05795718247918091,,,
no_iop,4,0,ridge,47,7.2353435906364485,0.7614767096770293,0.5450845951659781,9.5708521096534,0.7614767096770294,0.23358130134877353
no_iop,4,0,random_forest,47,8.05174741637632,0.7026479444641743,0.45147325792816106,10.115853857156337,0.7026479444641743,0.13018566128457143
no_iop,4,0,gradient_boosting,47,8.049435638372167,0.7074529754142602,0.43073727658495575,10.485704197554371,0.7074529754142607,0.04718949866367439
no_iop,4,1,baseline,47,14.895622518578847,4.943785843025982e-16,-0.01881632750235851,,,
no_iop,4,1,ridge,47,6.960535002619937,0.8606586489332815,0.7328278363236151,7.881239374931391,0.8606586489332816,0.6668030279841651
no_iop,4,1,random_forest,47,7.678686872540394,0.817716401317726,0.6637316521358271,9.573756846345587,0.8177164013177265,0.5036807151243543
no_iop,4,1,gradient_boosting,47,7.812427545279859,0.8191642057274897,0.6647727278620034,9.752042852845522,0.8191642057274898,0.49617978784946315
no_iop,4,2,baseline,47,15.583859309783161,5.10780677510361e-16,-0.026693604368652313,,,
no_iop,4,2,ridge,47,7.463542258234444,0.8378569230355029,0.6983447274218889,8.886609481795187,0.8378569230355029,0.5406782055361394
no_iop,4,2,random_forest,47,7.347225003581543,0.8405880381049767,0.7064889377446977,9.572509120495216,0.8405880381049768,0.5190767761700023
no_iop,4,2,gradient_boosting,47,7.346274611441831,0.8518736890070179,0.724143136990524,9.866547789853595,0.8518736890070179,0.5131480988191398
no_iop,4,3,baseline,47,14.9038633818589,-1.5527929945326726e-16,-0.002975645077584188,,,
no_iop,4,3,ridge,47,7.114719739668792,0.870452455251208,0.7525938419270777,7.690377578831055,0.8704524552512075,0.6641636791076764
no_iop,4,3,random_forest,47,6.836856321573427,0.878590736600801,0.7614093569663043,7.4095594512771665,0.8785907366008012,0.678624839444667
no_iop,4,3,gradient_boosting,47,7.092619142540222,0.8539265320267123,0.7278842411482211,8.3100731854303,0.8539265320267125,0.6007230916610327
no_iop,4,4,baseline,47,11.33857782754759,1.6326721450638436e-16,-0.02803472351531644,,,
no_iop,4,4,ridge,47,7.094559413963826,0.7810267964608764,0.570177806936109,7.766363513866605,0.7810267964608767,0.514021934290035
no_iop,4,4,random_forest,47,6.785178638411957,0.773695788126567,0.566883514412301,7.902092391381847,0.7736957881265673,0.4376641030238757
no_iop,4,4,gradient_boosting,47,6.921668873434237,0.7797312093021326,0.5835125080656889,8.561789477385695,0.7797312093021328,0.4190877496155798
no_iop,4,5,baseline,46,15.245133340251112,9.16501285807837e-17,-0.0038693667381175523,,,
no_iop,4,5,ridge,46,7.00809108029386,0.8382648804780537,0.7020542858927509,8.706390739997698,0.8382648804780538,0.5790463081734571
no_iop,4,5,random_forest,46,7.790811701149535,0.8327835920562162,0.6736702935089985,7.849297665533747,0.8327835920562165,0.6498074549191168
no_iop,4,5,gradient_boosting,46,7.89238048238106,0.8224526456321988,0.6695683768353518,8.42069078963772,0.822452645632199,0.614263750449235
no_iop,4,6,baseline,46,15.194702708311713,4.584422958184247e-17,-0.0001230234022895349,,,
no_iop,4,6,ridge,46,6.6862568828773306,0.860792794487369,0.7405347412659653,8.184505770078426,0.8607927944873689,0.6079098682227465
no_iop,4,6,random_forest,46,6.898048029585349,0.8632574132742712,0.7443842641509382,9.417221352940228,0.8632574132742711,0.5807209658866523
no_iop,4,6,gradient_boosting,46,7.334288218364236,0.8396055446228436,0.704719332382143,9.477888557493271,0.8396055446228433,0.5510699084513361
no_iop,4,7,baseline,46,14.728494344713088,-2.8531397659336953e-16,-0.0672302646215539,,,
no_iop,4,7,ridge,46,6.7651094873353586,0.9152756319997315,0.7591217568493407,9.415321526104126,0.9152756319997313,0.4719725129828708
no_iop,4,7,random_forest,46,5.671170077531321,0.9198391247362566,0.8040996287414645,8.337603590094751,0.9198391247362566,0.5692365805513057
no_iop,4,7,gradient_boosting,46,5.299518559817112,0.92921731498048,0.8223463879014761,7.870313528817618,0.9292173149804803,0.6408212798560704
no_iop,4,8,baseline,46,12.87564075957248,,-0.0357148669908991,,,
no_iop,4,8,ridge,46,8.61516470611827,0.7675032720494244,0.5657515473442698,9.584963627514643,0.7675032720494244,0.34053225146983335
no_iop,4,8,random_forest,46,8.059383116333498,0.7833231971962168,0.6068522907764204,9.992333126441904,0.7833231971962167,0.37088496211633226
no_iop,4,8,gradient_boosting,46,8.439370843964586,0.7608384420469461,0.5605279001139447,10.00715285886217,0.7608384420469462,0.33196578706529734
no_iop,4,9,baseline,46,14.635005707170288,-8.219312745514174e-16,-0.035672341180193134,,,
no_iop,4,9,ridge,46,8.02959393250938,0.7873611341635005,0.6138601212973973,9.210463268503794,0.7873611341635007,0.5260980461146
no_iop,4,9,random_forest,46,7.552576296010921,0.8123128513395625,0.6539139063097319,8.86384858046808,0.8123128513395625,0.5149665620924986
no_iop,4,9,gradient_boosting,46,7.867514863398375,0.8089684358654913,0.6495469132986658,8.802100174170494,0.8089684358654912,0.5366296349388131
no_combat,0,0,baseline,54,14.370824598183086,1.1781191197968742e-16,-0.0017254865975848688,,,
no_combat,0,0,ridge,54,8.548554941119574,0.786052793156909,0.582671747238412,10.1218331497185,0.7860527931569093,0.3839043790938612
no_combat,0,0,random_forest,54,7.502643441770222,0.8307843048002393,0.6575749762759608,9.225161307110309,0.8307843048002393,0.4725694143917003
no_combat,0,0,gradient_boosting,54,7.417181339206014,0.8391807709136664,0.6643530729738633,9.727210698274032,0.8391807709136665,0.44024958734031383
no_combat,0,1,baseline,53,13.591367332438617,,-0.026896002154316312,,,
no_combat,0,1,ridge,53,7.242590256509902,0.7969080252237779,0.6235022468752738,9.456289800857906,0.7969080252237782,0.355490616799055
no_combat,0,1,random_forest,53,7.031238993710691,0.7935888778548436,0.6170171955056187,9.268703922433172,0.7935888778548438,0.39002958481943006
no_combat,0,1,gradient_boosting,53,7.023340864018652,0.814859370530608,0.6526386755203477,9.28703192661937,0.8148593705306078,0.4279668821028981
no_combat,0,2,baseline,53,11.805585379332125,2.545618274466389e-16,-0.007378419105624978,,,
no_combat,0,2,ridge,53,7.2934943415815345,0.7752194907337492,0.5625954001157892,9.016448187799678,0.7752194907337495,0.3476032188116295
no_combat,0,2,random_forest,53,7.185877563759554,0.7722118831681389,0.5279831206523999,9.408033295450393,0.7722118831681388,0.27328418930233067
no_combat,0,2,gradient_boosting,53,6.934199484020529,0.7855206980888693,0.5474421405142201,8.682480560771232,0.785520698088869,0.3066993501198463
no_combat,0,3,baseline,53,14.805080129470277,-3.7943077852020866e-16,-0.06072279611309095,,,
no_combat,0,3,ridge,53,7.536004309012827,0.8428539965779871,0.6918136799232701,7.660762770425732,0.8428539965779873,0.657172464001975
no_combat,0,3,random_forest,53,7.456620138506581,0.8619398255484225,0.6854102013930197,6.952988959950495,0.8619398255484229,0.7343279826082727
no_combat,0,3,gradient_boosting,53,7.71128325527984,0.8442093687703719,0.6604498441190402,7.287947215270494,0.844209368770372,0.7035214644740314
no_combat,0,4,baseline,53,14.767044288308199,-3.3176736598301525e-16,-0.002011468708708719,,,
no_combat,0,4,ridge,53,7.396897753024254,0.8571879035633821,0.73328925231223,8.694460904930452,0.8571879035633824,0.5843449970844645
no_combat,0,4,random_forest,53,6.943336424820943,0.8742160928052275,0.7632646538946318,8.69929228177714,0.8742160928052272,0.6073131122412427
no_combat,0,4,gradient_boosting,53,6.782402956151558,0.8696342159275522,0.7551217105337986,9.22419625352963,0.8696342159275521,0.5609024857539961
no_combat,0,5,baseline,53,13.761139180547882,-7.88297431530618e-16,-0.02621291004076376,,,
no_combat,0,5,ridge,53,7.769911171763676,0.778232762333411,0.5911839973258866,9.994207778233035,0.7782327623334108,0.32353247320023193
no_combat,0,5,random_forest,53,7.6183773584905685,0.788115285979771,0.6166367170219511,10.111626930784183,0.7881152859797711,0.38247255782142764
no_combat,0,5,gradient_boosting,53,7.8249398014059866,0.786974848120008,0.6123194415736575,9.947905057940682,0.7869748481200078,0.3959020139552957
no_combat,0,6,baseline,53,14.48176758506355,2.4941886076243444e-16,-0.009605927810699022,,,
no_combat,0,6,ridge,53,6.268694411452433,0.8769112668074351,0.7647923207754078,8.159990620099046,0.8769112668074355,0.6503357217597122
no_combat,0,6,random_forest,53,6.613115706283524,0.8590655720354802,0.7336755665624093,8.443960868105703,0.8590655720354798,0.5943153524103815
no_combat,0,6,gradient_boosting,53,6.185213853567419,0.8903056304568023,0.789464162230176,7.984697157502096,0.8903056304568024,0.6631240224500543
no_combat,0,7,baseline,53,14.685564853556482,4.509469014744149e-16,-0.010696829275496755,,,
no_combat,0,7,ridge,53,7.935622518472995,0.8110474160253237,0.6483341507226392,8.325778910109657,0.8110474160253235,0.5790591442601323
no_combat,0,7,random_forest,53,7.590144654088054,0.8054505695095919,0.6463672624204159,8.89913960761768,0.8054505695095923,0.5341802053968807
no_combat,0,7,gradient_boosting,53,7.745497820054995,0.7975034217931215,0.634310915568151,9.56382285326213,0.7975034217931215,0.5140229751026875
no_combat,0,8,baseline,53,16.348034262256256,5.050920560617967e-16,-0.0017129706468184125,,,
no_combat,0,8,ridge,53,7.038755349072399,0.877430387332771,0.7401932230510601,7.0326131258211655,0.8774303873327711,0.733412715808268
no_combat,0,8,random_forest,53,7.693578616352202,0.8272527821950376,0.6786760896199711,8.262796947262604,0.8272527821950375,0.5893392730137157
no_combat,0,8,gradient_boosting,53,6.924767731012553,0.872271765318548,0.746811107671376,7.166508802220425,0.8722717653185481,0.6991024869549846
no_combat,0,9,baseline,53,14.169475803268336,,-0.0014458690370926508,,,
no_combat,0,9,ridge,53,7.309850922847048,0.8451467482163784,0.684144291842071,10.06969315258756,0.845146748216378,0.3004202474461656
no_combat,0,9,random_forest,53,6.518375528720536,0.8706100915284557,0.7559083774314236,9.108884219594577,0.8706100915284555,0.5310734103285732
no_combat,0,9,gradient_boosting,53,6.215576863710389,0.874705105243026,0.7622429370523991,9.203078961343504,0.8747051052430258,0.5414768476082654
no_combat,1,0,baseline,54,16.941540492274243,1.4866973924881135e-16,-0.06716428106739625,,,
no_combat,1,0,ridge,54,7.192411197068574,0.8739139612443962,0.7520739254280844,8.42324291610042,0.8739139612443964,0.6114645351444548
no_combat,1,0,random_forest,54,6.337815739719638,0.9213607808170994,0.8046414976686875,7.4363615545592605,0.9213607808170998,0.761047488390401
no_combat,1,0,gradient_boosting,54,6.469472229196219,0.9073910065002443,0.7888169674841945,7.537251258352128,0.9073910065002444,0.7502272142389308
no_combat,1,1,baseline,53,13.904428830820242,-3.9818843808290456e-16,-0.04999892855772936,,,
no_combat,1,1,ridge,53,7.645086361417133,0.81588455714318,0.6462150453081623,10.006289625320111,0.8158845571431801,0.3667447774180522
no_combat,1,1,random_forest,53,7.0793181759425625,0.8343538989403269,0.6910354238846299,9.842962069790557,0.834353898940327,0.48157315625966524
no_combat,1,1,gradient_boosting,53,7.01288431915338,0.8461612640435423,0.7089576994268267,9.561892336206862,0.8461612640435427,0.5156238212471155
no_combat,1,2,baseline,53,13.33367411383911,-8.753547279757171e-17,-0.02254548100300502,,,
no_combat,1,2,ridge,53,7.623816734624509,0.8099480908719041,0.6319228284175555,9.168808517924216,0.8099480908719039,0.4604150647877592
no_combat,1,2,random_forest,53,7.08916187200983,0.8261414836092181,0.6644474305991381,9.965164703616177,0.826141483609218,0.38146389319452656
no_combat,1,2,gradient_boosting,53,7.810018491336196,0.8149265805088218,0.614903663883657,10.822936378241264,0.8149265805088217,0.30042160630819936
no_combat,1,3,baseline,53,13.077007184021475,2.4488848401582926e-16,-0.018026727362816075,,,
no_combat,1,3,ridge,53,7.96978069800615,0.7669868677685572,0.5882539333910626,8.695941790529485,0.7669868677685576,0.45991446471903574
no_combat,1,3,random_forest,53,7.646173310809467,0.7914849704542006,0.6242199784806428,8.011296212532285,0.7914849704542006,0.5088143106331886
no_combat,1,3,gradient_boosting,53,7.590903363500461,0.7762823098779341,0.5993804169360337,8.679004211082356,0.7762823098779345,0.4505968008830592
no_combat,1,4,baseline,53,13.281499171074444,1.0018610077491512e-16,-0.08149719103483455,,,
no_combat,1,4,ridge,53,7.911367580247089,0.7848906103838056,0.5875698363913775,9.50805003159025,0.784890610383806,0.31157251224818594
no_combat,1,4,random_forest,53,7.084198180240499,0.8106802005996382,0.6208688017606625,9.251027688594979,0.8106802005996385,0.36068043775935354
no_combat,1,4,gradient_boosting,53,6.977667319455298,0.809526204945253,0.618226662416361,8.550439216638814,0.8095262049452528,0.42175738909354465
no_combat,1,5,baseline,53,15.935572748085574,-2.823521255927234e-16,-0.05201873114597588,,,
no_combat,1,5,ridge,53,7.14889495205942,0.8455689857139995,0.7104468778015816,9.669445334779354,0.8455689857139995,0.524779712656515
no_combat,1,5,random_forest,53,7.932911949685532,0.8105851358208208,0.6496136456043924,9.262858846862258,0.810585135820821,0.49030548719577727
no_combat,1,5,gradient_boosting,53,8.325539689887151,0.8099375274816103,0.6418703720041261,9.095761435125375,0.8099375274816102,0.5113889093436188
no_combat,1,6,baseline,53,14.066017999526332,,-0.006374557535328673,,,
no_combat,1,6,ridge,53,7.47971901723496,0.8337866758053116,0.6943041948115922,8.30041081540332,0.833786675805312,0.5461872536822072
no_combat,1,6,random_forest,53,7.712283018867927,0.8032119730526028,0.6261956843199578,9.080556923556575,0.8032119730526026,0.468746108073379
no_combat,1,6,gradient_boosting,53,7.137792243795943,0.8372881079601893,0.6898919671819829,8.7122104447667,0.8372881079601893,0.5429517017502825
no_combat,1,7,baseline,53,13.308474776979555,-9.516907174506543e-16,-0.006888036298909661,,,
no_combat,1,7,ridge,53,7.504772137900069,0.7653841374362566,0.5724357277022564,8.540051282844685,0.7653841374362568,0.4866774672524118
no_combat,1,7,random_forest,53,7.372333333333331,0.8149427564458018,0.6405324254268872,8.567009046427108,0.8149427564458019,0.5276372426491158
no_combat,1,7,gradient_boosting,53,6.970934806524812,0.8217785251207608,0.6562561085050049,8.173642800903266,0.8217785251207607,0.5615237243029316
no_combat,1,8,baseline,53,15.014770663929895,4.60180763484491e-16,-0.0003231055027668184,,,
no_combat,1,8,ridge,53,6.978538599609871,0.8794421523755158,0.7515468141867172,7.258575133505118,0.8794421523755164,0.7151352188517492
no_combat,1,8,random_forest,53,7.762980961090662,0.8310117956292976,0.6718505298105557,8.657513502118166,0.8310117956292977,0.5884663526693683
no_combat,1,8,gradient_boosting,53,7.589293384330979,0.8502833479414336,0.6915303044234888,7.918181659776816,0.8502833479414338,0.6411723825118232
no_combat,1,9,baseline,53,14.164225941422592,6.854155920936134e-17,-0.010781061142419501,,,
no_combat,1,9,ridge,53,6.618277102396478,0.8224519292708578,0.6753714866127434,8.016632742826706,0.8224519292708583,0.5362900553682455
no_combat,1,9,random_forest,53,6.319855345911947,0.8191524227719936,0.6682140820852063,8.614362412581363,0.8191524227719937,0.4480353594414922
no_combat,1,9,gradient_boosting,53,5.774231950957928,0.8510579509426843,0.721468700601783,8.212926349983443,0.851057950942684,0.5314409289201847
no_combat,2,0,baseline,54,14.687141858839967,6.271994693940582e-16,-0.07272026441933455,,,
no_combat,2,0,ridge,54,6.735204853349694,0.8695215526296166,0.7273463742199648,8.247712487829112,0.8695215526296167,0.5581455455712371
no_combat,2,0,random_forest,54,6.197042278390533,0.8605924211981151,0.7279145988761107,8.170853498288274,0.8605924211981147,0.5992781758142276
no_combat,2,0,gradient_boosting,54,6.375161248667532,0.8666096566173366,0.7369033087457626,8.076870293323271,0.8666096566173367,0.6198473467733241
no_combat,2,1,baseline,53,13.257918212678614,5.584660321900322e-16,-0.006951742777927317,,,
no_combat,2,1,ridge,53,7.642718905836872,0.7657369474607989,0.5760453579260176,9.649339852534734,0.765736947460799,0.3457097504073968
no_combat,2,1,random_forest,53,8.212880503144643,0.7635118804695016,0.5805866192784466,9.756554010754002,0.7635118804695015,0.3980960774797223
no_combat,2,1,gradient_boosting,53,7.889006224875032,0.7877924198111202,0.6148170096882649,9.358515093957669,0.7877924198111204,0.4329296938519336
no_combat,2,2,baseline,53,12.9252980184732,8.197679532059301e-16,-0.021319752519904922,,,
no_combat,2,2,ridge,53,6.045554786732792,0.8617671326232685,0.7313211446310071,6.652634853667073,0.8617671326232682,0.6415152476388497
no_combat,2,2,random_forest,53,5.904441270359048,0.8471902025698919,0.7066015511225044,8.95339433082336,0.8471902025698919,0.403567998674927
no_combat,2,2,gradient_boosting,53,5.759108225566815,0.8631953674750557,0.7404192927284404,7.552209766204194,0.8631953674750559,0.5582835098621879
no_combat,2,3,baseline,53,13.951646009315542,-4.271285828172375e-16,-0.005506572288393796,,,
no_combat,2,3,ridge,53,7.795821059428296,0.7901890568422703,0.6184854467700023,9.512438070668848,0.7901890568422704,0.46556654402769815
no_combat,2,3,random_forest,53,7.274001429455133,0.8244557145791757,0.6742960412144496,8.202914284255947,0.8244557145791758,0.5758215777822737
no_combat,2,3,gradient_boosting,53,7.573419904495684,0.8187968621740594,0.667895372675581,8.684238166757035,0.8187968621740596,0.5368680229407928
no_combat,2,4,baseline,53,14.954428830820245,-2.769471890668762e-16,-0.034058108353880234,,,
no_combat,2,4,ridge,53,7.6826118140891895,0.8251833652716923,0.671987155791087,7.859389029844986,0.8251833652716924,0.6043158619447997
no_combat,2,4,random_forest,53,7.451875098837692,0.8301585502107874,0.6851007434304409,8.38188028373253,0.8301585502107873,0.5768564242347569
no_combat,2,4,gradient_boosting,53,7.530612049220142,0.8203637504969216,0.6719367831127714,8.217169063880402,0.8203637504969213,0.5664983286510745
no_combat,2,5,baseline,53,15.06573379647904,,-0.010539630206960693,,,
no_combat,2,5,ridge,53,7.0904744031992655,0.8698454261821464,0.7531478295095246,9.289865310706615,0.8698454261821463,0.5300900303821208
no_combat,2,5,random_forest,53,7.217013452911524,0.8840278818403398,0.7694459525967092,8.926745571258017,0.8840278818403393,0.60948644155763
no_combat,2,5,gradient_boosting,53,7.135443269407752,0.8720172773926435,0.7474997826627415,8.746102630011022,0.8720172773926436,0.6117097743336828
no_combat,2,6,baseline,53,13.757006394568561,4.837845545632426e-16,-0.142579841564336,,,
no_combat,2,6,ridge,53,7.47958283147561,0.7999349024762313,0.6093962130162025,8.560714895230987,0.7999349024762314,0.49192886239803546
no_combat,2,6,random_forest,53,7.534091197861625,0.7784029958093239,0.5881352796739201,9.332564359095601,0.7784029958093239,0.43851384158621964
no_combat,2,6,gradient_boosting,53,8.166397882876034,0.7458989309906874,0.5339654406958017,9.480640109961822,0.7458989309906873,0.38973625585406335
no_combat,2,7,baseline,53,14.32083366227205,5.798233639467903e-16,-0.0005664276437997717,,,
no_combat,2,7,ridge,53,7.822185846548705,0.802967541244834,0.6310855504707376,9.800108444204911,0.8029675412448343,0.3620890668202843
no_combat,2,7,random_forest,53,6.093509433962259,0.8688995691510544,0.753704988202248,8.168270058274668,0.8688995691510544,0.5916922598391907
no_combat,2,7,gradient_boosting,53,6.157651176919303,0.8686932940459607,0.7535196382739581,7.688252252199247,0.8686932940459614,0.6228428496907534
no_combat,2,8,baseline,53,15.430950501302595,3.7129436338995414e-16,-0.06405896006896228,,,
no_combat,2,8,ridge,53,9.067697321801159,0.8014424388816888,0.6150159874850125,9.104154954916874,0.8014424388816889,0.5083104054082337
no_combat,2,8,random_forest,53,8.936135739058559,0.7586095492771998,0.5572315423571956,10.0894358778943,0.7586095492771996,0.406316426926269
no_combat,2,8,gradient_boosting,53,8.812282952429207,0.7700672082229774,0.5566404611998582,10.042078728302437,0.7700672082229771,0.4032836555451129
no_combat,2,9,baseline,53,14.72060077366385,3.0922036029162586e-16,-0.0037111280147985592,,,
no_combat,2,9,ridge,53,7.032628092689564,0.8428903968370148,0.7067801814324863,8.943831687807592,0.8428903968370152,0.5466135228833686
no_combat,2,9,random_forest,53,7.217929063264458,0.7993347685357483,0.6339325278347062,9.875705433710634,0.7993347685357477,0.39990846072404806
no_combat,2,9,gradient_boosting,53,7.175060466628214,0.8294892954428494,0.6847864247944673,9.273975563829467,0.8294892954428498,0.49807192212589213
no_combat,3,0,baseline,54,13.544817144188212,5.371521481625444e-16,-0.012665833784984315,,,
no_combat,3,0,ridge,54,7.0444180657468864,0.8369652011856806,0.6918392699739454,7.67179608734568,0.8369652011856809,0.6207289819364965
no_combat,3,0,random_forest,54,7.057761035960914,0.8471404303987875,0.7052966022963995,7.505654940111664,0.8471404303987883,0.6311013480158346
no_combat,3,0,gradient_boosting,54,6.784355060350192,0.8488805837599487,0.7115539397499139,7.286730738984484,0.8488805837599487,0.6541297906554902
no_combat,3,1,baseline,53,15.83388726612458,-3.8261963422333075e-16,-0.08252407557420605,,,
no_combat,3,1,ridge,53,8.487614234954009,0.8180962320621429,0.6567487162223571,10.35561328946422,0.8180962320621427,0.4519018736831558
no_combat,3,1,random_forest,53,8.435380640474339,0.8311796769769189,0.6675630957668698,9.451063281082547,0.8311796769769183,0.59948332084905
no_combat,3,1,gradient_boosting,53,8.485811941573917,0.8214081089271251,0.6585628416986421,10.067901988029792,0.8214081089271251,0.5579615358482115
no_combat,3,2,baseline,53,16.299530275519068,6.326311424398276e-16,-0.00396519544362639,,,
no_combat,3,2,ridge,53,7.64335341008035,0.8346377818191005,0.695253583154515,9.198168462655916,0.8346377818191002,0.5183200655730696
no_combat,3,2,random_forest,53,8.284308113980044,0.813176873794763,0.6581707855242819,9.36615667412562,0.8131768737947633,0.529188646416394
no_combat,3,2,gradient_boosting,53,7.854452072112967,0.8367093399777639,0.6968967545142182,9.346759422779625,0.8367093399777634,0.5800492198681003
no_combat,3,3,baseline,53,13.601113128601881,-1.7647744421502478e-16,-0.013105750121974902,,,
no_combat,3,3,ridge,53,7.278987285472511,0.8041649917673018,0.6436745592851553,8.441626307550482,0.8041649917673019,0.5293834453322595
no_combat,3,3,random_forest,53,6.79234497609102,0.8203039592118043,0.6728533072847088,8.547257021090237,0.8203039592118045,0.49444381573500207
no_combat,3,3,gradient_boosting,53,6.632347248903629,0.8236010574519392,0.6762601143970622,8.411115810305102,0.8236010574519395,0.5158027569311185
no_combat,3,4,baseline,53,13.274911186547723,5.305727838208912e-16,-0.15445909822132875,,,
no_combat,3,4,ridge,53,6.9650888166429,0.779594190594707,0.5777706241233911,8.328312688623628,0.7795941905947071,0.3756201524957804
no_combat,3,4,random_forest,53,6.899292357468675,0.7762266982292412,0.5785418042796602,9.056009075593945,0.7762266982292412,0.3354774396065303
no_combat,3,4,gradient_boosting,53,6.901167937801596,0.7895173364556316,0.5997194275493696,8.479572304839525,0.7895173364556314,0.4045903049118128
no_combat,3,5,baseline,53,13.30749190810768,9.470230136944415e-17,-0.03451010431907631,,,
no_combat,3,5,ridge,53,7.96839223200849,0.794436122368851,0.5838436572098729,10.835430942393693,0.7944361223688511,0.23998943311266863
no_combat,3,5,random_forest,53,7.671093629313354,0.8129060148005732,0.6329995344194338,9.595972697705754,0.812906014800573,0.4004984666892297
no_combat,3,5,gradient_boosting,53,7.53172891529392,0.8305544957508306,0.6589416831094235,9.825623414322866,0.830554495750831,0.41548550009632346
no_combat,3,6,baseline,53,13.907377437435859,5.027282362684956e-16,-0.03375542201805981,,,
no_combat,3,6,ridge,53,8.344495918393655,0.8021807734772229,0.622314800562458,9.097608775923586,0.8021807734772226,0.47363314095338227
no_combat,3,6,random_forest,53,6.636904758414957,0.8585180591501425,0.7219984678124902,7.927834261912519,0.8585180591501423,0.5722918500359923
no_combat,3,6,gradient_boosting,53,7.054228419172911,0.8412128021236419,0.6886615911586964,8.390202684139268,0.8412128021236418,0.5556099390169058
no_combat,3,7,baseline,53,14.49322649403963,-2.2784460582073644e-16,-0.004639542751828207,,,
no_combat,3,7,ridge,53,7.358554718131065,0.8375195146508548,0.7002711381736323,8.875490643711927,0.8375195146508545,0.5075241935770138
no_combat,3,7,random_forest,53,6.6967798742138385,0.8479361372082239,0.718799851943733,8.770541772645132,0.8479361372082237,0.5436840563298448
no_combat,3,7,gradient_boosting,53,6.568738974746157,0.8604179106286193,0.7388410470969531,8.350130185300271,0.8604179106286198,0.5583413450462409
no_combat,3,8,baseline,53,14.246269835004338,-1.1606262407223548e-15,-0.16669785662934644,,,
no_combat,3,8,ridge,53,7.117609577184358,0.806369705017467,0.6162731747557223,8.494988957397622,0.806369705017467,0.4793517189129083
no_combat,3,8,random_forest,53,7.2188819372168505,0.8084396851836744,0.5843303826675184,9.207537670911437,0.8084396851836745,0.3781608437902185
no_combat,3,8,gradient_boosting,53,7.330956314052116,0.7852517033327292,0.5610908840106648,9.470594422193189,0.7852517033327293,0.351987402270322
no_combat,3,9,baseline,53,14.792843609378702,7.854196024341921e-16,-0.06670884841004954,,,
no_combat,3,9,ridge,53,6.900776959861104,0.857240817780122,0.7124832836345538,7.482907020088139,0.8572408177801221,0.6554669017857959
no_combat,3,9,random_forest,53,6.462528839402297,0.8653109126083786,0.7350161363285002,8.468586527558664,0.865310912608378,0.5648015542505185
no_combat,3,9,gradient_boosting,53,6.919769153979634,0.845944422555857,0.7025808826440344,8.414330434462224,0.845944422555857,0.5431638592579685
no_combat,4,0,baseline,54,14.449413774361362,-1.8890983284528785e-17,-0.0031229831377810324,,,
no_combat,4,0,ridge,54,7.143229450968229,0.8246310706766509,0.6790709611099186,8.416179579505846,0.8246310706766504,0.5133044342326523
no_combat,4,0,random_forest,54,6.9937876045670215,0.8245892854736632,0.6760549250613317,8.857368561113606,0.8245892854736633,0.5124472788029066
no_combat,4,0,gradient_boosting,54,6.852773174701936,0.825412382748094,0.67721978052081,8.180780426350415,0.825412382748094,0.5682321260187344
no_combat,4,1,baseline,53,14.058028736085891,5.098550090148537e-16,-0.0212995230194013,,,
no_combat,4,1,ridge,53,7.453417225952689,0.8415927920964417,0.6992119610949266,8.061806513679697,0.8415927920964419,0.6076644694094571
no_combat,4,1,random_forest,53,7.631457523061623,0.8442490353607986,0.6954046226424506,8.641064460423202,0.8442490353607985,0.5466404619924026
no_combat,4,1,gradient_boosting,53,6.794356958372166,0.869734497201312,0.7490189011357042,7.679559178233612,0.869734497201312,0.6483572344561352
no_combat,4,2,baseline,53,14.752443356753771,-2.4927892823121877e-16,-0.005674146191217311,,,
no_combat,4,2,ridge,53,6.769546699034685,0.8477271823975138,0.7185875803684381,8.523761317554177,0.8477271823975137,0.5441950835841901
no_combat,4,2,random_forest,53,6.634503680922347,0.84572372624287,0.7138990146381003,9.475735232144105,0.8457237262428697,0.48683486716383995
no_combat,4,2,gradient_boosting,53,6.361047500180556,0.8656646607946668,0.7470400703580379,9.09039171299338,0.8656646607946668,0.5296769454597545
no_combat,4,3,baseline,53,14.707389279229494,7.998403264887704e-17,-0.007276618942850366,,,
no_combat,4,3,ridge,53,6.587431260603111,0.8722793771723755,0.7580286584352743,8.687131699970918,0.872279377172376,0.5670661868099998
no_combat,4,3,random_forest,53,7.143363752849439,0.8403281246649809,0.6991648835278198,8.719968939601452,0.8403281246649809,0.5577078491867311
no_combat,4,3,gradient_boosting,53,6.596462117376726,0.8757105051179763,0.7577448362733995,7.84485675155912,0.8757105051179764,0.6711099501137912
no_combat,4,4,baseline,53,14.715046972448093,-2.5022718829864376e-16,-0.028399344078005484,,,
no_combat,4,4,ridge,53,7.8622999187922185,0.8041076768452018,0.6274993616647748,9.295492000225456,0.804107676845202,0.47952275871373595
no_combat,4,4,random_forest,53,7.881957888282064,0.7826044489688708,0.603047128866607,9.599459313794911,0.7826044489688702,0.4263715505698302
no_combat,4,4,gradient_boosting,53,8.031921880129886,0.7915119468208963,0.6214546055582721,9.211363441039481,0.791511946820896,0.482359261878605
no_combat,4,5,baseline,53,13.010870766558778,-2.0442868736451286e-16,-0.05412199963628028,,,
no_combat,4,5,ridge,53,8.133624210502498,0.7777083061545148,0.5239034498557033,9.508075301528647,0.7777083061545146,0.3553208550305884
no_combat,4,5,random_forest,53,8.465981132075463,0.7422816581701815,0.5059297984983027,8.98417897458935,0.7422816581701815,0.43538559046077363
no_combat,4,5,gradient_boosting,53,8.149486155900012,0.755356032136574,0.5163927416521259,8.902682607274638,0.7553560321365743,0.4239699868018778
no_combat,4,6,baseline,53,14.590198942133101,7.222894939157411e-16,-0.00917291387796193,,,
no_combat,4,6,ridge,53,6.249531089871302,0.8760625565499807,0.7576173827717418,7.411891028381933,0.8760625565499806,0.6616421299298432
no_combat,4,6,random_forest,53,5.826894246615531,0.8809268623841267,0.7714411933712102,7.636819029264045,0.8809268623841261,0.6282537022312376
no_combat,4,6,gradient_boosting,53,6.214049118911467,0.8649090951980456,0.7478783069250614,8.557034917691984,0.8649090951980453,0.5610313297807186
no_combat,4,7,baseline,53,12.55811952317044,-1.079345857877113e-16,-0.0554734114531914,,,
no_combat,4,7,ridge,53,8.052206879220517,0.7329238238712916,0.5353250581540365,8.975351913249686,0.7329238238712915,0.40706498667768587
no_combat,4,7,random_forest,53,8.181735849056613,0.7004792167296,0.46376010938981516,10.498508942902339,0.7004792167296,0.1327244315527425
no_combat,4,7,gradient_boosting,53,7.742776786146457,0.7354681965455832,0.5236925134823054,9.373105057119128,0.735468196545583,0.2804306196879136
no_combat,4,8,baseline,53,13.51312465461435,2.3225743028557585e-17,-0.05478055492953837,,,
no_combat,4,8,ridge,53,8.341633500622496,0.7455059556122124,0.5462098471323394,9.857229345993348,0.7455059556122127,0.3234968552096795
no_combat,4,8,random_forest,53,6.975056999658468,0.8191439640744256,0.670889613618591,8.705355483417295,0.8191439640744259,0.5008260733622149
no_combat,4,8,gradient_boosting,53,7.7618204985860455,0.7917911564016343,0.6218667905281559,9.106963360263896,0.7917911564016342,0.4328022808512728
no_combat,4,9,baseline,53,16.779880792610722,1.6073334082297348e-17,-0.28773274476587574,,,
no_combat,4,9,ridge,53,8.371296669313478,0.8162759735076214,0.6428357842821473,10.01627752920119,0.8162759735076209,0.3513778307631509
no_combat,4,9,random_forest,53,7.3251147020722085,0.8714133813299157,0.7384220575008323,8.862329977946702,0.8714133813299157,0.5693286414541591
no_combat,4,9,gradient_boosting,53,7.196948852068647,0.8597204472245042,0.7190505931319253,9.034852512487866,0.8597204472245045,0.5599518461423767
raw_volumes,0,0,baseline,54,14.370824598183086,1.1781191197968742e-16,-0.0017254865975848688,,,
raw_volumes,0,0,ridge,54,7.98766006416016,0.8176165539736375,0.6562140371097336,9.463845652193175,0.817616553973638,0.5213353455998346
raw_volumes,0,0,random_forest,54,7.317283605608067,0.8264359047800175,0.6779157272263776,9.541399697629728,0.8264359047800173,0.5452794179146745
raw_volumes,0,0,gradient_boosting,54,7.592268888615639,0.8359199853826447,0.6978172616956289,9.374037082412928,0.8359199853826448,0.568238164037689
raw_volumes,0,1,baseline,53,13.591367332438617,,-0.026896002154316312,,,
raw_volumes,0,1,ridge,53,7.592440042688553,0.8005797769119648,0.6025378127684009,10.210232956875071,0.800579776911965,0.2651742178473103
raw_volumes,0,1,random_forest,53,6.723537685413386,0.7979114787414749,0.6286106516700412,9.995448902842657,0.7979114787414749,0.3069429052371744
raw_volumes,0,1,gradient_boosting,53,6.8315800896117,0.8020291409096442,0.61818170816724,9.616377077342023,0.8020291409096441,0.30427979150143103
raw_volumes,0,2,baseline,53,11.805585379332125,2.545618274466389e-16,-0.007378419105624978,,,
raw_volumes,0,2,ridge,53,6.138094635108222,0.8276073303390918,0.6759060749386182,7.680030417850192,0.8276073303390915,0.5550973941381832
raw_volumes,0,2,random_forest,53,7.311060992073105,0.7514322345157458,0.521084287503875,9.864715579620155,0.7514322345157457,0.16414111826875288
raw_volumes,0,2,gradient_boosting,53,7.029974756654084,0.7892887481659444,0.5837781126710182,9.378178480280251,0.7892887481659444,0.2896110528821416
raw_volumes,0,3,baseline,53,14.805080129470277,-3.7943077852020866e-16,-0.06072279611309095,,,
raw_volumes,0,3,ridge,53,7.0719695049139775,0.8580821772490534,0.7140362586642033,7.164805444820271,0.8580821772490533,0.6846521527247846
raw_volumes,0,3,random_forest,53,7.250025157232697,0.8628397915345837,0.69836776579886,6.743917177856842,0.8628397915345837,0.6934004293966349
raw_volumes,0,3,gradient_boosting,53,7.191738738565314,0.8591989998996308,0.7052423344096876,7.21391033330467,0.8591989998996306,0.695690435446646
raw_volumes,0,4,baseline,53,14.767044288308199,-3.3176736598301525e-16,-0.002011468708708719,,,
raw_volumes,0,4,ridge,53,8.029323662828359,0.8495606258981326,0.713162273473473,8.273619199404218,0.8495606258981325,0.6207030651150603
raw_volumes,0,4,random_forest,53,7.657013508611447,0.8398377960951088,0.7041129008550253,9.81280365065477,0.8398377960951086,0.49371255951488036
raw_volumes,0,4,gradient_boosting,53,7.3252285625268065,0.8698553103783154,0.7525346763718899,8.98351961705535,0.8698553103783161,0.5845975693911751
raw_volumes,0,5,baseline,53,13.761139180547882,-7.88297431530618e-16,-0.02621291004076376,,,
raw_volumes,0,5,ridge,53,7.451790141440974,0.8006369965399238,0.6299702352780416,9.174235696386102,0.8006369965399238,0.40498777534514574
raw_volumes,0,5,random_forest,53,7.235599451367011,0.7749458410388277,0.5966142472354824,9.350660928946956,0.774945841038828,0.3282264416023032
raw_volumes,0,5,gradient_boosting,53,7.1879653577310965,0.7842045660386399,0.6124679577241452,9.111275715587283,0.7842045660386397,0.425355984182611
raw_volumes,0,6,baseline,53,14.48176758506355,2.4941886076243444e-16,-0.009605927810699022,,,
raw_volumes,0,6,ridge,53,6.305366882508356,0.8756344188107196,0.7647298838260421,8.051961879494108,0.8756344188107196,0.6181028598643277
raw_volumes,0,6,random_forest,53,6.951021097464978,0.8631076644071212,0.7354728192140414,8.10141025859114,0.8631076644071215,0.6049554669017541
raw_volumes,0,6,gradient_boosting,53,6.471493711160061,0.8839850685454107,0.772780253495206,7.518802152063993,0.8839850685454105,0.6886517560780119
raw_volumes,0,7,baseline,53,14.685564853556482,4.509469014744149e-16,-0.010696829275496755,,,
raw_volumes,0,7,ridge,53,7.287559314677561,0.8445229933778843,0.7032543782555485,7.9124265624860755,0.8445229933778845,0.6261899145642265
raw_volumes,0,7,random_forest,53,6.807908383792415,0.8545297652998053,0.7170086258683751,8.809723070478451,0.8545297652998051,0.5680709369181132
raw_volumes,0,7,gradient_boosting,53,6.894776214052411,0.8461007086598676,0.7105871291070931,8.40863864619621,0.8461007086598675,0.5828510150029571
raw_volumes,0,8,baseline,53,16.348034262256256,5.050920560617967e-16,-0.0017129706468184125,,,
raw_volumes,0,8,ridge,53,7.647255016558663,0.8602121109965877,0.7174646871382582,7.8198236922498845,0.8602121109965881,0.7149115367698053
raw_volumes,0,8,random_forest,53,8.388027542455617,0.8304488329153956,0.6715719969541174,9.505162800612267,0.8304488329153956,0.5897178525126203
raw_volumes,0,8,gradient_boosting,53,8.053898582631998,0.8465121410086145,0.6972390358175339,8.344155516549474,0.8465121410086143,0.6634962295471531
raw_volumes,0,9,baseline,53,14.169475803268336,,-0.0014458690370926508,,,
raw_volumes,0,9,ridge,53,7.082558873926621,0.8464478174341471,0.6871256302690536,10.396153881837956,0.846447817434147,0.32465906516275833
raw_volumes,0,9,random_forest,53,7.347119496855349,0.8182950955458784,0.6660438994286991,10.35761100346929,0.8182950955458785,0.3926112353273117
raw_volumes,0,9,gradient_boosting,53,7.037274785636221,0.8406957427625912,0.6931686377348432,9.742517837128531,0.8406957427625916,0.454986393676185
raw_volumes,1,0,baseline,54,16.941540492274243,1.4866973924881135e-16,-0.06716428106739625,,,
raw_volumes,1,0,ridge,54,7.623904950640807,0.8676665545622153,0.7434105072939889,8.651791437050658,0.8676665545622155,0.6148007604608003
raw_volumes,1,0,random_forest,54,7.780568910127591,0.8857839317742782,0.7475348247499456,8.40854170355556,0.8857839317742778,0.7056315593814744
raw_volumes,1,0,gradient_boosting,54,7.372482436986629,0.8871364494597962,0.7650319488976183,7.959008081659135,0.8871364494597969,0.7232752236562447
raw_volumes,1,1,baseline,53,13.904428830820242,-3.9818843808290456e-16,-0.04999892855772936,,,
raw_volumes,1,1,ridge,53,6.783754181027972,0.8325206613307675,0.6794198264086209,9.022332386394083,0.8325206613307673,0.41000075106408085
raw_volumes,1,1,random_forest,53,6.618167727275139,0.831779593497244,0.674726138125436,8.949934223068745,0.831779593497244,0.45404213487807454
raw_volumes,1,1,gradient_boosting,53,6.884539705420034,0.824491302554105,0.6506488977836375,9.875119759896549,0.8244913025541054,0.38472693701699967
raw_volumes,1,2,baseline,53,13.33367411383911,-8.753547279757171e-17,-0.02254548100300502,,,
raw_volumes,1,2,ridge,53,7.031559724699043,0.8296624669324205,0.6709526463469775,7.740360615549886,0.8296624669324204,0.5903417242506986
raw_volumes,1,2,random_forest,53,7.615786163522016,0.7865341909236064,0.5998219594556478,10.090871073413165,0.7865341909236068,0.35671764834479847
raw_volumes,1,2,gradient_boosting,53,7.829597267555197,0.7798292197433998,0.5839434358338069,9.94958709262313,0.7798292197433999,0.3648877835951503
raw_volumes,1,3,baseline,53,13.077007184021475,2.4488848401582926e-16,-0.018026727362816075,,,
raw_volumes,1,3,ridge,53,7.229929209413755,0.8103109522651247,0.6550319476631206,7.76682004828438,0.8103109522651246,0.5273825213353933
raw_volumes,1,3,random_forest,53,8.334295597484271,0.7035989738159832,0.48813361140072886,9.905522174844515,0.7035989738159834,0.22860602284820986
raw_volumes,1,3,gradient_boosting,53,8.125009129773145,0.7366324459208838,0.5362213991375315,9.209074623786844,0.7366324459208834,0.38041289328415506
raw_volumes,1,4,baseline,53,13.281499171074444,1.0018610077491512e-16,-0.08149719103483455,,,
raw_volumes,1,4,ridge,53,7.820389732190354,0.775381346923003,0.5677060637816777,10.03327312454959,0.7753813469230032,0.2661167283631868
raw_volumes,1,4,random_forest,53,7.489503144654085,0.7954771669636908,0.6250633328084362,9.837748454241723,0.7954771669636908,0.3161607794280894
raw_volumes,1,4,gradient_boosting,53,7.277121495367482,0.8060785597477785,0.6324504306709253,9.177326957736856,0.8060785597477788,0.38295765369304213
raw_volumes,1,5,baseline,53,15.935572748085574,-2.823521255927234e-16,-0.05201873114597588,,,
raw_volumes,1,5,ridge,53,6.758850757555233,0.862808600505298,0.7344240461204949,9.482036925814786,0.8628086005052984,0.5883249798396719
raw_volumes,1,5,random_forest,53,6.866271267997502,0.8570649258619939,0.7211289722220361,9.79448987582414,0.8570649258619943,0.5445568813146318
raw_volumes,1,5,gradient_boosting,53,6.908818671182524,0.8681308002940714,0.7374709412976719,8.760359852154377,0.8681308002940709,0.6159741763929134
raw_volumes,1,6,baseline,53,14.066017999526332,,-0.006374557535328673,,,
raw_volumes,1,6,ridge,53,7.04093501015578,0.85166725286918,0.7241347981925397,8.093554550178506,0.85166725286918,0.6130811007710871
raw_volumes,1,6,random_forest,53,6.326559748427679,0.895854025308635,0.7820467029680663,7.318958148906399,0.8958540253086352,0.6874291023353478
raw_volumes,1,6,gradient_boosting,53,6.419850106346195,0.8775952602822641,0.7678829924918245,7.68616972376554,0.8775952602822644,0.647507669060516
raw_volumes,1,7,baseline,53,13.308474776979555,-9.516907174506543e-16,-0.006888036298909661,,,
raw_volumes,1,7,ridge,53,8.544807991593629,0.7406517341687211,0.5422259365125551,9.73742096841236,0.7406517341687208,0.4168067525535091
raw_volumes,1,7,random_forest,53,8.53067817678451,0.7046866670658746,0.48547332113868724,10.633396548464171,0.7046866670658746,0.23490856877246724
raw_volumes,1,7,gradient_boosting,53,8.490321421702099,0.7207876232484943,0.5108880298740568,10.081002547002463,0.7207876232484943,0.3319700697025031
raw_volumes,1,8,baseline,53,15.014770663929895,4.60180763484491e-16,-0.0003231055027668184,,,
raw_volumes,1,8,ridge,53,7.433163186004797,0.8696509035730425,0.7258533142730992,7.642211310905493,0.8696509035730429,0.7013891187801146
raw_volumes,1,8,random_forest,53,7.189012578616359,0.8544942946720734,0.7026070677691736,9.191234886684162,0.8544942946720736,0.5679041901662536
raw_volumes,1,8,gradient_boosting,53,7.25239765614213,0.8559133662953992,0.7189522594866773,8.4586653839004,0.855913366295399,0.616539392618785
raw_volumes,1,9,baseline,53,14.164225941422592,6.854155920936134e-17,-0.010781061142419501,,,
raw_volumes,1,9,ridge,53,6.51547029148398,0.8527663041257612,0.7270631406499711,7.577288375378506,0.8527663041257614,0.5913026156700829
raw_volumes,1,9,random_forest,53,6.481559748427668,0.8471976924266068,0.7137036306307573,7.558217385984599,0.8471976924266068,0.5687829554015222
raw_volumes,1,9,gradient_boosting,53,6.4957702172994685,0.84322480418637,0.710633628463391,7.508603751723361,0.8432248041863698,0.5503221690461784
raw_volumes,2,0,baseline,54,14.687141858839967,6.271994693940582e-16,-0.07272026441933455,,,
raw_volumes,2,0,ridge,54,6.638709925511906,0.8855481359498575,0.7579182549870661,6.9548268188044275,0.8855481359498576,0.6724377462008795
raw_volumes,2,0,random_forest,54,7.310376543209883,0.8455768252313761,0.661251485382613,8.589937281840706,0.8455768252313761,0.5342652287163092
raw_volumes,2,0,gradient_boosting,54,6.881716573776369,0.8544162311833176,0.6959104319081452,9.007387531714734,0.8544162311833182,0.5366240868319085
raw_volumes,2,1,baseline,53,13.257918212678614,5.584660321900322e-16,-0.006951742777927317,,,
raw_volumes,2,1,ridge,53,7.155086857540212,0.8219628406031739,0.6607136316905486,9.481662576993289,0.8219628406031736,0.4293426807874702
raw_volumes,2,1,random_forest,53,6.828698235492628,0.7994719405315811,0.6301867875432621,10.190660122927415,0.7994719405315814,0.3013899145435156
raw_volumes,2,1,gradient_boosting,53,7.047605335579926,0.8047032273256519,0.6305431052787935,9.665287891157162,0.8047032273256517,0.3457841212788044
raw_volumes,2,2,baseline,53,12.9252980184732,8.197679532059301e-16,-0.021319752519904922,,,
raw_volumes,2,2,ridge,53,6.874484852485931,0.8379971938158758,0.6857172171921211,8.435389281621292,0.8379971938158757,0.4532814863135075
raw_volumes,2,2,random_forest,53,6.259643396934673,0.8484424815314449,0.7193118177896786,8.802152061206462,0.8484424815314447,0.44323540047124776
raw_volumes,2,2,gradient_boosting,53,7.028949319489406,0.8310186831418327,0.686549206058196,8.685795083619276,0.8310186831418324,0.4759634822526836
raw_volumes,2,3,baseline,53,13.951646009315542,-4.271285828172375e-16,-0.005506572288393796,,,
raw_volumes,2,3,ridge,53,7.336015341851164,0.8056393003886076,0.6488337551908813,8.64512423240906,0.8056393003886074,0.5096259947722785
raw_volumes,2,3,random_forest,53,8.332200556367457,0.7770734968801258,0.6020580994386571,8.690101026439121,0.7770734968801257,0.47235836977259105
raw_volumes,2,3,gradient_boosting,53,7.806403817748151,0.811291196435654,0.6539243154495653,7.759795494709968,0.8112911964356543,0.573634315667729
raw_volumes,2,4,baseline,53,14.954428830820245,-2.769471890668762e-16,-0.034058108353880234,,,
raw_volumes,2,4,ridge,53,7.0918256303817016,0.8417352358075496,0.6957829050281991,7.654197099464305,0.8417352358075496,0.6288704692746481
raw_volumes,2,4,random_forest,53,8.184298953529318,0.7710114019175908,0.5901917637764904,9.055418910248742,0.7710114019175912,0.4524114670380487
raw_volumes,2,4,gradient_boosting,53,7.428648408296954,0.7997025051929826,0.6318453200895444,8.194589788394921,0.7997025051929821,0.5478722428766001
raw_volumes,2,5,baseline,53,15.06573379647904,,-0.010539630206960693,,,
raw_volumes,2,5,ridge,53,7.195568828037415,0.8626832112821415,0.7379908774002892,8.976736666554954,0.8626832112821414,0.5215419226710305
raw_volumes,2,5,random_forest,53,6.7417232704402545,0.8869875702724509,0.7757933439926386,8.959722919778121,0.8869875702724502,0.56758663615359
raw_volumes,2,5,gradient_boosting,53,6.22173342807217,0.9040738282595112,0.8146392922186212,8.613546756957613,0.9040738282595113,0.6081350004471511
raw_volumes,2,6,baseline,53,13.757006394568561,4.837845545632426e-16,-0.142579841564336,,,
raw_volumes,2,6,ridge,53,8.256224419199762,0.7777220687366234,0.5296013263963019,8.949784601052608,0.7777220687366236,0.47200970110810536
raw_volumes,2,6,random_forest,53,7.717773584905677,0.7645296857373808,0.5272988380231769,9.709855830936272,0.7645296857373808,0.34363020166218805
raw_volumes,2,6,gradient_boosting,53,8.156955992529689,0.7745883647370351,0.5088569225266772,8.8708529903739,0.7745883647370352,0.4121951987868566
raw_volumes,2,7,baseline,53,14.32083366227205,5.798233639467903e-16,-0.0005664276437997717,,,
raw_volumes,2,7,ridge,53,7.1754229486194845,0.8330680135297609,0.6864989717787707,9.171911687250653,0.833068013529761,0.5075402284669783
raw_volumes,2,7,random_forest,53,7.016767295597479,0.8487926973262112,0.712360989242899,9.370177429786471,0.8487926973262114,0.5453679690752373
raw_volumes,2,7,gradient_boosting,53,7.1092564873287705,0.8545495082649587,0.7243733808213708,9.492860797710527,0.8545495082649588,0.5503965202954053
raw_volumes,2,8,baseline,53,15.430950501302595,3.7129436338995414e-16,-0.06405896006896228,,,
raw_volumes,2,8,ridge,53,8.089004257084694,0.832993036988575,0.6694737891908746,8.823871667636393,0.8329930369885751,0.5849051541251933
raw_volumes,2,8,random_forest,53,8.7420503144654,0.8069202717650917,0.626722978074381,10.011489917742107,0.8069202717650918,0.4916879816767741
raw_volumes,2,8,gradient_boosting,53,8.50841440201268,0.8066393276936238,0.6271866734102955,9.423132820438715,0.8066393276936237,0.5223174721433437
raw_volumes,2,9,baseline,53,14.72060077366385,3.0922036029162586e-16,-0.0037111280147985592,,,
raw_volumes,2,9,ridge,53,6.798717069165885,0.8509211652390175,0.7218815688849782,8.658196316584904,0.8509211652390171,0.5482098509602844
raw_volumes,2,9,random_forest,53,6.19960750694482,0.8679167965760589,0.7481190300844014,8.56513909131665,0.8679167965760594,0.5890385362823015
raw_volumes,2,9,gradient_boosting,53,5.787970787035793,0.873664704822975,0.7627043283393273,8.208971478839944,0.8736647048229746,0.6166799890496547
raw_volumes,3,0,baseline,54,13.544817144188212,5.371521481625444e-16,-0.012665833784984315,,,
raw_volumes,3,0,ridge,54,5.8699313066107335,0.8799120984532852,0.7592590202339705,6.692543209065824,0.8799120984532852,0.7148625784891023
raw_volumes,3,0,random_forest,54,5.3424753086419745,0.9166454640301713,0.8182342095153393,6.606618518097856,0.9166454640301713,0.7229289248971345
raw_volumes,3,0,gradient_boosting,54,5.922977471184783,0.8956679656668441,0.7906990499646436,6.6301942911195395,0.8956679656668443,0.7126264302544811
raw_volumes,3,1,baseline,53,15.83388726612458,-3.8261963422333075e-16,-0.08252407557420605,,,
raw_volumes,3,1,ridge,53,9.245632873429571,0.8094346742148122,0.6305828078641276,10.975665667162863,0.8094346742148121,0.4144592654681266
raw_volumes,3,1,random_forest,53,8.881386947979921,0.7959323018996576,0.6183708746825729,10.52944987543959,0.7959323018996576,0.4820435260479875
raw_volumes,3,1,gradient_boosting,53,8.722791343665047,0.8138100782175286,0.6457720343335274,10.186513106198255,0.813810078217529,0.524664619146074
raw_volumes,3,2,baseline,53,16.299530275519068,6.326311424398276e-16,-0.00396519544362639,,,
raw_volumes,3,2,ridge,53,7.99809497839001,0.8249635984263591,0.6722299906288166,9.86723528139342,0.8249635984263592,0.5190683869799987
raw_volumes,3,2,random_forest,53,8.202528301886801,0.8036410672786172,0.6355814005822191,10.321157786105916,0.8036410672786174,0.4496137958644131
raw_volumes,3,2,gradient_boosting,53,7.538588791945845,0.817399322477383,0.6498458585709224,10.27036205915734,0.8173993224773829,0.4617496169685965
raw_volumes,3,3,baseline,53,13.601113128601881,-1.7647744421502478e-16,-0.013105750121974902,,,
raw_volumes,3,3,ridge,53,7.805074622470663,0.7859638592038094,0.6171348933671318,8.669329349536557,0.7859638592038095,0.4821698421043107
raw_volumes,3,3,random_forest,53,7.282000000000012,0.7933007533873159,0.6286009939211881,9.526295302831883,0.793300753387316,0.3918551075195734
raw_volumes,3,3,gradient_boosting,53,7.443881585411698,0.7835712785860927,0.6099758598249632,9.429491063074003,0.7835712785860931,0.4115983484273128
raw_volumes,3,4,baseline,53,13.274911186547723,5.305727838208912e-16,-0.15445909822132875,,,
raw_volumes,3,4,ridge,53,6.578748776850477,0.82908624070448,0.6647716400408761,7.293403358323982,0.82908624070448,0.5771674101685842
raw_volumes,3,4,random_forest,53,6.767874213836487,0.8114173026025144,0.6308015122257373,8.313469012982669,0.8114173026025145,0.41173446277660686
raw_volumes,3,4,gradient_boosting,53,6.7286158298143475,0.8238391559890369,0.6507840848818178,7.8025472403700915,0.8238391559890369,0.5060758490927532
raw_volumes,3,5,baseline,53,13.30749190810768,9.470230136944415e-17,-0.03451010431907631,,,
raw_volumes,3,5,ridge,53,7.310138709325993,0.8190858426640504,0.6510031050977607,10.087266796106144,0.8190858426640505,0.39695925034876545
raw_volumes,3,5,random_forest,53,8.246646068187458,0.7383494153212322,0.5167901174058567,11.474741333258509,0.7383494153212317,0.1699994554984382
raw_volumes,3,5,gradient_boosting,53,8.235228301767265,0.7576858895032629,0.5409503131238955,11.121739673617846,0.7576858895032631,0.24890085567197417
raw_volumes,3,6,baseline,53,13.907377437435859,5.027282362684956e-16,-0.03375542201805981,,,
raw_volumes,3,6,ridge,53,8.108809675929415,0.8026667669109138,0.6346631763386064,8.098805581917352,0.8026667669109137,0.5360139341335693
raw_volumes,3,6,random_forest,53,9.043852400039118,0.7435467183189486,0.5011133798157845,10.373294820058206,0.7435467183189487,0.2958109461136611
raw_volumes,3,6,gradient_boosting,53,7.8160285366299265,0.8108234999387457,0.6409839080699811,8.878712901705308,0.8108234999387455,0.494308759417842
raw_volumes,3,7,baseline,53,14.49322649403963,-2.2784460582073644e-16,-0.004639542751828207,,,
raw_volumes,3,7,ridge,53,6.525897710796092,0.861933697904119,0.7381025301694202,8.50289099501156,0.8619336979041193,0.5261583320164656
raw_volumes,3,7,random_forest,53,7.107006289308165,0.8258207650659726,0.6819546929352494,9.114389394784403,0.8258207650659727,0.4699974179494286
raw_volumes,3,7,gradient_boosting,53,6.64323499971298,0.8496115868755304,0.7208024027320202,7.655018565768055,0.8496115868755306,0.6064576108775017
raw_volumes,3,8,baseline,53,14.246269835004338,-1.1606262407223548e-15,-0.16669785662934644,,,
raw_volumes,3,8,ridge,53,7.37724020071452,0.8111084534927352,0.632766209407684,8.114404867168634,0.811108453492735,0.5474318694820075
raw_volumes,3,8,random_forest,53,7.050220125786169,0.8191616294048779,0.6373326617142201,8.658895805400391,0.8191616294048776,0.47075745581967177
raw_volumes,3,8,gradient_boosting,53,6.948803369976676,0.8204286291838256,0.6530101811749571,8.256306982345214,0.8204286291838252,0.5241345184039117
raw_volumes,3,9,baseline,53,14.792843609378702,7.854196024341921e-16,-0.06670884841004954,,,
raw_volumes,3,9,ridge,53,6.221429975937678,0.8867684577573954,0.7723826116309278,7.282932206746332,0.8867684577573957,0.6907582725268036
raw_volumes,3,9,random_forest,53,6.753804600176719,0.84890892364959,0.706441662365735,8.945012134457187,0.8489089236495905,0.5319022105311532
raw_volumes,3,9,gradient_boosting,53,6.762805601136641,0.8594030644624192,0.7303137404221829,8.387943621513285,0.8594030644624191,0.5664049209206472
raw_volumes,4,0,baseline,54,14.449413774361362,-1.8890983284528785e-17,-0.0031229831377810324,,,
raw_volumes,4,0,ridge,54,7.844749773288312,0.8034148832765544,0.6423427948027218,8.409637058124568,0.8034148832765544,0.49462556729212626
raw_volumes,4,0,random_forest,54,7.187137083958163,0.8346657513456627,0.6895105150684742,8.654400901937313,0.8346657513456626,0.541036713903827
raw_volumes,4,0,gradient_boosting,54,7.332630884452917,0.8283241420322437,0.6804249641509994,8.328180709243393,0.828324142032243,0.5534366835650455
raw_volumes,4,1,baseline,53,14.058028736085891,5.098550090148537e-16,-0.0212995230194013,,,
raw_volumes,4,1,ridge,53,7.059570197610923,0.8497463687569108,0.7122706599444288,7.945113055186461,0.8497463687569105,0.6415382129513894
raw_volumes,4,1,random_forest,53,7.474734768601131,0.8193680927938807,0.669841912769196,9.505377906562307,0.8193680927938806,0.42447307001536794
raw_volumes,4,1,gradient_boosting,53,8.365748446628416,0.7937845877268163,0.6156444502668514,9.917199699638992,0.7937845877268159,0.4124039748331001
raw_volumes,4,2,baseline,53,14.752443356753771,-2.4927892823121877e-16,-0.005674146191217311,,,
raw_volumes,4,2,ridge,53,6.363373215262944,0.8492191103270704,0.7209485552016496,8.534207670882894,0.8492191103270703,0.5498598480053754
raw_volumes,4,2,random_forest,53,6.066191389197139,0.8528100390446457,0.7213113714131993,8.988988617862748,0.8528100390446455,0.5236528836620317
raw_volumes,4,2,gradient_boosting,53,6.238155749753043,0.8665422128276965,0.7461757383621643,8.333894543695406,0.8665422128276966,0.5679529402453859
raw_volumes,4,3,baseline,53,14.707389279229494,7.998403264887704e-17,-0.007276618942850366,,,
raw_volumes,4,3,ridge,53,7.111693327477759,0.8537519572512984,0.724580071229012,9.308872868637271,0.853751957251298,0.5032908351243037
raw_volumes,4,3,random_forest,53,7.1046163522012575,0.8287961613643834,0.6723342977086744,7.984493444043669,0.8287961613643834,0.5755269755218109
raw_volumes,4,3,gradient_boosting,53,7.30956177542113,0.8229238173470331,0.6677470242472333,8.474233681169466,0.8229238173470333,0.5586527626514888
raw_volumes,4,4,baseline,53,14.715046972448093,-2.5022718829864376e-16,-0.028399344078005484,,,
raw_volumes,4,4,ridge,53,7.672484633435354,0.8162255602833226,0.6589104583694781,9.153078032108022,0.8162255602833232,0.5559929908449783
raw_volumes,4,4,random_forest,53,7.81289884564756,0.8009086601652087,0.6361212721466071,8.946881756497309,0.8009086601652092,0.48905910697433286
raw_volumes,4,4,gradient_boosting,53,7.696368679333732,0.8092648990571452,0.64797240718544,8.937532573416819,0.8092648990571449,0.5350920495313938
raw_volumes,4,5,baseline,53,13.010870766558778,-2.0442868736451286e-16,-0.05412199963628028,,,
raw_volumes,4,5,ridge,53,8.094632575694485,0.771706810561832,0.5497680884354192,8.482085354566806,0.7717068105618315,0.45883959218130355
raw_volumes,4,5,random_forest,53,7.658895064208734,0.794469691711654,0.5779301972249665,8.717875275471677,0.7944696917116537,0.4584447315212665
raw_volumes,4,5,gradient_boosting,53,7.121956504943418,0.8193585438479734,0.6220925238456756,8.169175400954428,0.8193585438479731,0.5070211685854543
raw_volumes,4,6,baseline,53,14.590198942133101,7.222894939157411e-16,-0.00917291387796193,,,
raw_volumes,4,6,ridge,53,6.3429763372079355,0.8676153867491609,0.7461124830441738,7.482236256101077,0.867615386749161,0.6630847711008827
raw_volumes,4,6,random_forest,53,6.585720032603262,0.85337742701334,0.7268931505969661,9.294528045571369,0.8533774270133395,0.5257171461127796
raw_volumes,4,6,gradient_boosting,53,6.272639722935494,0.8685598984189262,0.7537953705056263,8.630599135004953,0.868559898418926,0.6042286995357851
raw_volumes,4,7,baseline,53,12.55811952317044,-1.079345857877113e-16,-0.0554734114531914,,,
raw_volumes,4,7,ridge,53,7.095993988345656,0.8086748985585729,0.6504574779076124,7.757766986755655,0.8086748985585729,0.5574617868755185
raw_volumes,4,7,random_forest,53,7.308699200093709,0.7831728900193871,0.5994286793531368,9.974654324729647,0.7831728900193871,0.30284553483321586
raw_volumes,4,7,gradient_boosting,53,7.854656316406077,0.7506580440577146,0.5591720794487587,9.012667404810674,0.750658044057715,0.3736255367761825
raw_volumes,4,8,baseline,53,13.51312465461435,2.3225743028557585e-17,-0.05478055492953837,,,
raw_volumes,4,8,ridge,53,7.325084919474967,0.8049916626606911,0.6435652222092128,9.303987079615965,0.8049916626606911,0.4385082666234521
raw_volumes,4,8,random_forest,53,8.305723270440248,0.7276475144491958,0.5205510230525985,10.463238632105334,0.7276475144491952,0.20791202156138222
raw_volumes,4,8,gradient_boosting,53,7.733656690761823,0.7806148564823545,0.6067586390894224,9.645409293387141,0.7806148564823542,0.40361650566399954
raw_volumes,4,9,baseline,53,16.779880792610722,1.6073334082297348e-17,-0.28773274476587574,,,
raw_volumes,4,9,ridge,53,8.030666936397541,0.835280520209165,0.677145670707796,10.087753957447875,0.8352805202091652,0.3933034947305203
raw_volumes,4,9,random_forest,53,8.111698979907938,0.8258988586911251,0.6570811098916938,9.590565965654857,0.825898858691125,0.48723348221901297
raw_volumes,4,9,gradient_boosting,53,7.628173101625868,0.8423766934805493,0.694306607385808,9.316349890887315,0.8423766934805493,0.5313577439464566
include_wb2,0,0,baseline,55,14.439234449760765,9.965237885179346e-17,-0.006155897833386437,,,
include_wb2,0,0,ridge,55,8.909933280439668,0.7064120526905145,0.497873174894789,10.29832151235992,0.706412052690515,0.39462495957468546
include_wb2,0,0,random_forest,55,9.254177373424522,0.7039606609930392,0.49288962247842805,10.72996735320671,0.7039606609930394,0.3486130056442257
include_wb2,0,0,gradient_boosting,55,10.104657784394492,0.6625232490989869,0.41919975083561467,11.722322891665842,0.6625232490989869,0.22681029030994748
include_wb2,0,1,baseline,55,14.762797202797202,-1.2349227893380616e-16,-0.023519819670174913,,,
include_wb2,0,1,ridge,55,6.473150199762131,0.8713957396867421,0.7580788187860933,8.157682131648333,0.8713957396867419,0.608627287534415
include_wb2,0,1,random_forest,55,6.706349345154707,0.8498212961343902,0.7176618080233028,8.15610262738458,0.8498212961343901,0.5971631922853604
include_wb2,0,1,gradient_boosting,55,6.3588267507465535,0.8661913522903973,0.7491286224753938,8.194951943563808,0.8661913522903976,0.625586608780399
include_wb2,0,2,baseline,55,13.759212366580789,,-0.0006128275634766922,,,
include_wb2,0,2,ridge,55,7.943928139315361,0.7942461019533017,0.6301654393304754,9.081695419011288,0.7942461019533013,0.49038198760070806
include_wb2,0,2,random_forest,55,7.534597661703666,0.8145332543951695,0.6634613946794172,9.179696885244125,0.8145332543951702,0.5194732785002758
include_wb2,0,2,gradient_boosting,55,8.266133473658101,0.7785601170793276,0.6006036773770878,9.729874580464761,0.7785601170793276,0.43873089650232766
include_wb2,0,3,baseline,55,15.703268310636732,1.102364535639261e-16,-0.0006371265626330391,,,
include_wb2,0,3,ridge,55,6.592938634426257,0.8889387920169749,0.7801656667649401,9.005757668068116,0.888938792016975,0.6253799777452556
include_wb2,0,3,random_forest,55,7.3915942614583425,0.8555648856252884,0.7222077596815585,9.398423586083279,0.8555648856252881,0.5654441496689673
include_wb2,0,3,gradient_boosting,55,7.274291066849992,0.8697747717800016,0.7503137047488503,9.097723035263032,0.8697747717800021,0.585067009843477
include_wb2,0,4,baseline,55,15.100445344129552,,-0.000927097317158232,,,
include_wb2,0,4,ridge,55,8.945763169274468,0.7819954376608153,0.601466157868205,11.150997694323868,0.7819954376608156,0.37676844867128534
include_wb2,0,4,random_forest,55,8.351946619941634,0.7849029488483815,0.6131955160066861,10.867571975835805,0.7849029488483819,0.4277425189584072
include_wb2,0,4,gradient_boosting,55,8.137549967473953,0.8064127231482999,0.646389023567896,10.307422404432693,0.8064127231483001,0.4863790366937423
include_wb2,0,5,baseline,55,15.024725800515272,1.9684116427211168e-16,-0.00010758714997138874,,,
include_wb2,0,5,ridge,55,6.995539779995063,0.8703945054160752,0.748267260941671,8.322215627392138,0.8703945054160751,0.6374879788951688
include_wb2,0,5,random_forest,55,6.387254545454551,0.89178857620524,0.7865163055685855,7.290991249239798,0.8917885762052398,0.672348939656122
include_wb2,0,5,gradient_boosting,55,6.691057341014972,0.8869953680811142,0.7760516632921984,8.40898441827808,0.8869953680811145,0.6209514006275616
include_wb2,0,6,baseline,55,13.854777327935224,1.5781592266492196e-16,-0.038512460521590075,,,
include_wb2,0,6,ridge,55,6.875900323067704,0.8369613508922397,0.6957621447953812,8.462531154385653,0.8369613508922396,0.5777472153404377
include_wb2,0,6,random_forest,55,7.643327268099505,0.8038396609935483,0.6383409519913317,9.883836555183562,0.8038396609935482,0.45334183148228413
include_wb2,0,6,gradient_boosting,55,7.436471824812291,0.8136731869595636,0.6598014432892787,9.2822069388155,0.8136731869595635,0.5103164058986075
include_wb2,0,7,baseline,55,13.908071402281928,2.2520971015923184e-16,-0.00888793742799776,,,
include_wb2,0,7,ridge,55,7.232804173008916,0.8421823192359102,0.7037300248100347,8.11016706097973,0.8421823192359104,0.627432668464366
include_wb2,0,7,random_forest,55,7.586678023136969,0.8127609996658277,0.6581446917994875,9.358446746736284,0.8127609996658277,0.48665953797313866
include_wb2,0,7,gradient_boosting,55,7.983339937564486,0.7917869861041691,0.62385377171127,9.436675469485294,0.7917869861041692,0.46268150824630316
include_wb2,0,8,baseline,55,13.861082075818915,-4.533017337733098e-16,-6.304629147724228e-05,,,
include_wb2,0,8,ridge,55,6.510312200524721,0.8628902220583958,0.7376780519322644,7.9331909259854685,0.8628902220583963,0.49726817649875377
include_wb2,0,8,random_forest,55,6.930259512762604,0.851141784632705,0.7211791403039856,7.979722975009988,0.8511417846327052,0.6146566185240222
include_wb2,0,8,gradient_boosting,55,6.510417589803916,0.8726563968899147,0.7558243366741582,7.6813864000443575,0.8726563968899149,0.6083233617280135
include_wb2,0,9,baseline,54,13.982390572390571,8.992222844465179e-16,-0.009411454563103216,,,
include_wb2,0,9,ridge,54,6.699836273942225,0.8357303953587261,0.6984367049262397,7.917957915452128,0.835730395358726,0.5471032027816993
include_wb2,0,9,random_forest,54,6.655391956415023,0.824651321377118,0.6766891129580878,9.417047309575903,0.8246513213771179,0.4652136640997562
include_wb2,0,9,gradient_boosting,54,6.653922391395469,0.8155824288323781,0.6579406414707233,9.002814663701672,0.8155824288323781,0.4331604589497109
include_wb2,1,0,baseline,55,13.895874125874121,,-0.022601622608288796,,,
include_wb2,1,0,ridge,55,7.3215475689018845,0.8170244383547275,0.6628441857506908,8.289963329994647,0.8170244383547276,0.543424186603956
include_wb2,1,0,random_forest,55,7.294286854892399,0.8039282595783119,0.645112815591913,8.960667808438465,0.8039282595783123,0.44433336101960486
include_wb2,1,0,gradient_boosting,55,7.694065966713108,0.8040250017274689,0.6348478600134457,9.326663919059785,0.8040250017274687,0.4215507866804217
include_wb2,1,1,baseline,55,15.101232977548767,-5.042634638077827e-16,-0.025817899600513616,,,
include_wb2,1,1,ridge,55,6.128335441195269,0.8790147844582389,0.764629487014329,8.486004981711558,0.8790147844582389,0.5096006106625908
include_wb2,1,1,random_forest,55,5.573771406374394,0.8934769934016554,0.7944878996252299,9.250989771411856,0.8934769934016557,0.5438559411087796
include_wb2,1,1,gradient_boosting,55,5.886922718471396,0.8876670793462447,0.7831304206990733,8.616870662827274,0.8876670793462444,0.5682776303238257
include_wb2,1,2,baseline,55,13.295793154214206,,-0.01170401909599672,,,
include_wb2,1,2,ridge,55,5.821564194887639,0.8786616784690572,0.7719837968630481,7.759441388729438,0.8786616784690576,0.6061196400549543
include_wb2,1,2,random_forest,55,6.509342634861634,0.8514797474322385,0.7248140924124429,8.10547725352132,0.8514797474322389,0.5630790747384714
include_wb2,1,2,gradient_boosting,55,6.876744043779678,0.8454579967933759,0.7104151586255932,9.114251310052719,0.8454579967933757,0.4839683370036785
include_wb2,1,3,baseline,55,15.207508281192485,-7.346849364066559e-16,-0.00017343311258244398,,,
include_wb2,1,3,ridge,55,7.9579175811648195,0.8394087286554884,0.6954190382286232,9.243553726042258,0.8394087286554888,0.5801189419723706
include_wb2,1,3,random_forest,55,7.777390169812179,0.8332091480332834,0.6877398776529136,9.229317635649403,0.8332091480332832,0.5619647464588702
include_wb2,1,3,gradient_boosting,55,8.065950221468487,0.8178182770948405,0.6573183837492311,9.93954375067192,0.8178182770948405,0.5067601651346139
include_wb2,1,4,baseline,55,15.442436510857561,-4.1211010543097255e-16,-0.004487343649145492,,,
include_wb2,1,4,ridge,55,9.023489308488422,0.7865707767670704,0.6055280662768677,9.705616493468261,0.7865707767670707,0.4864040793639558
include_wb2,1,4,random_forest,55,8.558091560014885,0.8002712219312581,0.6258102377527174,9.736856760909163,0.8002712219312581,0.5293532457035216
include_wb2,1,4,gradient_boosting,55,8.66319000619437,0.7892467729704888,0.6010406559202849,9.806651163270661,0.7892467729704891,0.4954441894324064
include_wb2,1,5,baseline,55,14.015182186234819,-2.2338785028054887e-16,-0.009458866438225355,,,
include_wb2,1,5,ridge,55,7.223293762605895,0.8646037163595023,0.715688425863052,8.804382487949688,0.8646037163595022,0.5501129920282539
include_wb2,1,5,random_forest,55,7.0147828437579705,0.8466956911713994,0.6964630048184999,9.841165263298882,0.8466956911713994,0.4595524704097791
include_wb2,1,5,gradient_boosting,55,7.286018207230026,0.8415604641024592,0.6824905239096428,9.197383619637565,0.8415604641024593,0.4744385482369391
include_wb2,1,6,baseline,55,13.635005520794994,-8.585901233262537e-16,-0.0005201849346003762,,,
include_wb2,1,6,ridge,55,7.449004972656874,0.8202719436423307,0.6687602176205368,9.179054458176473,0.8202719436423308,0.4881705971436735
include_wb2,1,6,random_forest,55,7.587586885293756,0.826210306489882,0.67590763163372,9.641952292087327,0.8262103064898815,0.4715104504180342
include_wb2,1,6,gradient_boosting,55,7.367188747892077,0.8283199165283086,0.681622005870608,9.22049187167904,0.8283199165283079,0.4915499030585476
include_wb2,1,7,baseline,55,12.964858299595145,-7.307568707487954e-16,-0.006377374330554186,,,
include_wb2,1,7,ridge,55,7.6703592335473445,0.7885732535201778,0.608115216177873,9.171344221011708,0.7885732535201778,0.4545630460729785
include_wb2,1,7,random_forest,55,7.8800872762281235,0.7653699428199906,0.549953243121002,10.219000112175435,0.7653699428199908,0.30287614658752116
include_wb2,1,7,gradient_boosting,55,7.916508145086857,0.787316330900795,0.5837515771156021,9.911475872081096,0.787316330900795,0.3751452816828269
include_wb2,1,8,baseline,55,14.491453809348547,3.489370083609346e-16,-0.010116091922187431,,,
include_wb2,1,8,ridge,55,8.369751610651033,0.7895272625042687,0.6157733535977158,9.401130739251544,0.7895272625042686,0.48822627612228486
include_wb2,1,8,random_forest,55,8.395672727272734,0.7867733415186635,0.6133424306246162,9.640621059334345,0.7867733415186636,0.49463949731717083
include_wb2,1,8,gradient_boosting,55,8.611573242760016,0.7647815470147086,0.5782866820047767,9.434649882017634,0.7647815470147087,0.48228986921302386
include_wb2,1,9,baseline,54,16.34259259259259,,-0.0031540826482776563,,,
include_wb2,1,9,ridge,54,6.807091495913669,0.8673623574473194,0.7211215394183291,8.754198113992361,0.8673623574473198,0.6249676955823229
include_wb2,1,9,random_forest,54,6.987578837051338,0.8747567368720827,0.7393254848716238,7.726549735771359,0.8747567368720826,0.7022707217524463
include_wb2,1,9,gradient_boosting,54,7.156000855622458,0.8683328384220934,0.731592346692892,7.712116314371604,0.8683328384220932,0.6910345373422021
include_wb2,2,0,baseline,55,14.581174089068824,1.041631089197761e-15,-0.07346987825800166,,,
include_wb2,2,0,ridge,55,6.612153887546168,0.8553915449315466,0.7112319762521621,7.608308588720469,0.855391544931546,0.6123935299734572
include_wb2,2,0,random_forest,55,6.718587563359588,0.844183176860818,0.6967246936062667,9.512277316047756,0.8441831768608176,0.5060224792217732
include_wb2,2,0,gradient_boosting,55,6.697242338839535,0.8445427790806561,0.6984053870516698,8.8428970419868,0.8445427790806564,0.5396042261248658
include_wb2,2,1,baseline,55,15.093375046006622,4.835741157843761e-16,-0.027751165228681707,,,
include_wb2,2,1,ridge,55,6.3953386198069415,0.8853921761346336,0.7722348832386277,9.916765685127748,0.8853921761346334,0.49907097451724725
include_wb2,2,1,random_forest,55,6.871586958716009,0.8703099821642151,0.7568496469368566,9.157240003218979,0.8703099821642151,0.5905780285586346
include_wb2,2,1,gradient_boosting,55,6.735135603340377,0.8693148887272718,0.7539492743915109,9.033846251689509,0.8693148887272718,0.5895094627191112
include_wb2,2,2,baseline,55,14.079602502760398,8.698060720919137e-16,-0.07013527855389179,,,
include_wb2,2,2,ridge,55,7.315331333128368,0.8169158184584144,0.6496650984343258,9.516403011163753,0.8169158184584142,0.35964250472543924
include_wb2,2,2,random_forest,55,6.396470677812666,0.8390687448060797,0.7000178624816924,9.328403759268229,0.8390687448060797,0.45511596361583717
include_wb2,2,2,gradient_boosting,55,6.6116235837892585,0.831500944761901,0.682273875976551,9.179741525778978,0.8315009447619008,0.4475878853383797
include_wb2,2,3,baseline,55,14.9074972396025,1.2714082147400012e-16,-9.334621020129497e-05,,,
include_wb2,2,3,ridge,55,7.682074640041481,0.8131123015735575,0.6599595594278471,9.245240138723098,0.8131123015735576,0.5759407114685697
include_wb2,2,3,random_forest,55,7.824637080702497,0.8097661355690583,0.6515872313532234,9.329955148958515,0.8097661355690585,0.5590835917159465
include_wb2,2,3,gradient_boosting,55,7.746948470040764,0.8059740312393561,0.6466599015127997,9.799870906622075,0.8059740312393557,0.5066077266040641
include_wb2,2,4,baseline,55,14.038778064041223,-1.700360231919908e-16,-0.002720616014636912,,,
include_wb2,2,4,ridge,55,7.550289425535915,0.8475366879494607,0.7027622402890994,7.044761332086422,0.8475366879494614,0.6747148703149932
include_wb2,2,4,random_forest,55,7.2126606060605996,0.8458775066541343,0.6994329898020448,7.940140587411088,0.8458775066541336,0.6469609875656417
include_wb2,2,4,gradient_boosting,55,6.7991306337289785,0.8763645275953477,0.7447155284870579,6.8351376942971,0.8763645275953473,0.7234779702852292
include_wb2,2,5,baseline,55,15.19894368789106,5.643292720650384e-16,-0.0004890486224295998,,,
include_wb2,2,5,ridge,55,7.741331094303911,0.843403329082445,0.7076198206373898,8.732499819821639,0.8434033290824454,0.623471917973262
include_wb2,2,5,random_forest,55,7.138787055798607,0.8702041433062634,0.7550351325819868,8.296961347711916,0.8702041433062632,0.61767819063807
include_wb2,2,5,gradient_boosting,55,7.733812525633682,0.8473050913884744,0.7173124726959106,8.841611926537485,0.8473050913884749,0.5833892205987945
include_wb2,2,6,baseline,55,14.076006624953994,-5.485855949368103e-16,-0.005198385401047334,,,
include_wb2,2,6,ridge,55,8.331788421251732,0.7727992982363657,0.5888218223037821,9.720816940831925,0.7727992982363654,0.39035704283618144
include_wb2,2,6,random_forest,55,7.933023980808803,0.7756735437578799,0.5973736675888908,9.68514484477883,0.7756735437578794,0.40877075379893
include_wb2,2,6,gradient_boosting,55,7.800435281798458,0.7799960114706244,0.6037102302110304,9.244484840030454,0.7799960114706246,0.44428374942574345
include_wb2,2,7,baseline,55,14.389271255060725,-1.6244895634955104e-16,-0.008029119717669397,,,
include_wb2,2,7,ridge,55,6.597723634834246,0.8518419772566745,0.7242229343912046,9.574670411100353,0.8518419772566745,0.5447902972141998
include_wb2,2,7,random_forest,55,7.905315350023134,0.8215006877666169,0.6708497504012902,9.516551956188703,0.8215006877666168,0.5481789769398715
include_wb2,2,7,gradient_boosting,55,8.14824815664489,0.7979501746055615,0.6342656235537003,9.523196381419245,0.7979501746055613,0.5118174842309113
include_wb2,2,8,baseline,55,14.089849098270152,-2.3952828363196716e-16,-0.011814724695431877,,,
include_wb2,2,8,ridge,55,7.598233903972024,0.8122503109039793,0.6567664749275632,7.926422702816599,0.8122503109039793,0.5759819387887177
include_wb2,2,8,random_forest,55,7.389045189722331,0.8025838477794339,0.6407298573375414,9.229287162576192,0.8025838477794341,0.43411172208118776
include_wb2,2,8,gradient_boosting,55,7.582139365027665,0.8018152273013384,0.6336600621790537,9.619832315872307,0.8018152273013381,0.4021467463389099
include_wb2,2,9,baseline,54,14.079629629629629,7.888325981514365e-16,-3.092949283556301e-05,,,
include_wb2,2,9,ridge,54,7.160595860358324,0.8231066890270945,0.6756427199945239,8.546057939126804,0.8231066890270943,0.5022930792184457
include_wb2,2,9,random_forest,54,7.611753875432473,0.8015461655442342,0.640899121473333,8.963138557394165,0.801546165544234,0.46267826612415996
include_wb2,2,9,gradient_boosting,54,7.582886572932874,0.8051098672796292,0.646064793325595,8.731594418308259,0.8051098672796293,0.49209734535336613
include_wb2,3,0,baseline,55,13.894258373205743,-5.0786948239358e-16,-0.030084993168538077,,,
include_wb2,3,0,ridge,55,7.212211637152525,0.847328956089558,0.7112182893227879,7.804466607598206,0.8473289560895582,0.6247005912914888
include_wb2,3,0,random_forest,55,7.179860546332513,0.8588897395463834,0.7325153071786423,7.774312936076748,0.8588897395463831,0.6242754451154657
include_wb2,3,0,gradient_boosting,55,7.843209400203868,0.8251852610862843,0.6797520077379502,8.4260217174049,0.8251852610862844,0.558696644823067
include_wb2,3,1,baseline,55,15.862418108207581,1.3813398610852708e-16,-0.020029071305763813,,,
include_wb2,3,1,ridge,55,7.173233235075348,0.8653361847603217,0.7350478762699403,9.259000813424285,0.865336184760322,0.6005233091506005
include_wb2,3,1,random_forest,55,7.877458756451472,0.8409834464922705,0.6907377374399354,9.200862855193341,0.8409834464922701,0.587958989591763
include_wb2,3,1,gradient_boosting,55,7.569616095097134,0.8543374489132358,0.7149553421140283,8.567289687605095,0.8543374489132358,0.624795843699142
include_wb2,3,2,baseline,55,14.58008833271991,-4.671596430468232e-16,-0.01605250652992285,,,
include_wb2,3,2,ridge,55,7.9220718360281035,0.8119640569636267,0.6590986583974696,8.708257717325495,0.8119640569636268,0.5474609707574413
include_wb2,3,2,random_forest,55,7.901681280426763,0.8000836390934436,0.6382011863523248,8.888217120760421,0.800083639093444,0.5441668721719963
include_wb2,3,2,gradient_boosting,55,7.80459960374733,0.8116952189976778,0.6575738571960075,8.719584729462088,0.8116952189976776,0.57715599279537
include_wb2,3,3,baseline,55,15.329852778800147,-3.084035741246224e-16,-0.00011360461092557728,,,
include_wb2,3,3,ridge,55,6.801365541302684,0.8636351751278796,0.7349538703742097,8.642037858544631,0.8636351751278795,0.5313598654118501
include_wb2,3,3,random_forest,55,6.4476023398974815,0.8705412760658812,0.749991395886763,9.42335151221752,0.8705412760658809,0.557248831212122
include_wb2,3,3,gradient_boosting,55,6.779275897635991,0.8601352334301574,0.7245870167013808,9.746215413201208,0.8601352334301574,0.4995452972971214
include_wb2,3,4,baseline,55,12.92916820022083,4.2899806638286274e-16,-3.496693912219406e-05,,,
include_wb2,3,4,ridge,55,7.2566188378600325,0.8132452137162923,0.6215689012252765,9.525172713209614,0.8132452137162923,0.3200304015750217
include_wb2,3,4,random_forest,55,6.750901601666362,0.8150373207290487,0.6387750626703843,9.430907818573726,0.8150373207290487,0.3470834750160747
include_wb2,3,4,gradient_boosting,55,7.103095435054007,0.8255484683988273,0.6394891871369315,10.16228868417087,0.825548468398828,0.2982841398997026
include_wb2,3,5,baseline,55,14.80112256164888,-1.3553745295489097e-16,-0.053464085717654486,,,
include_wb2,3,5,ridge,55,6.977136658650796,0.851143505786821,0.7163709568921253,8.918339732795882,0.8511435057868212,0.5355168534983659
include_wb2,3,5,random_forest,55,6.849740738983584,0.8543347218106009,0.7182107331264269,9.056769426063395,0.8543347218106012,0.5061187461422996
include_wb2,3,5,gradient_boosting,55,6.953731134802358,0.8607350990421896,0.7266332756190513,9.111446254368017,0.8607350990421897,0.5085961038008819
include_wb2,3,6,baseline,55,14.31105999263894,-7.070892692392219e-16,-6.404934149673025e-05,,,
include_wb2,3,6,ridge,55,6.701440194669056,0.8631329772529073,0.7421888634426506,8.26935296711048,0.8631329772529075,0.6027199156569196
include_wb2,3,6,random_forest,55,7.347585018531958,0.8307314985432976,0.6807691517953895,9.598461798583713,0.8307314985432976,0.4963616032949345
include_wb2,3,6,gradient_boosting,55,6.8786475731993315,0.8482254115322182,0.7132336222383572,8.987481564481326,0.848225411532218,0.5361439266067698
include_wb2,3,7,baseline,55,14.740511593669488,-3.152456201122183e-16,-0.02933228158971457,,,
include_wb2,3,7,ridge,55,8.350307421119686,0.768538176310829,0.5847889374558937,9.778919345103784,0.7685381763108291,0.40940409713087433
include_wb2,3,7,random_forest,55,7.702447039594637,0.8149957408627829,0.6525050719078418,9.661578341850815,0.8149957408627831,0.5437124203200888
include_wb2,3,7,gradient_boosting,55,8.315611208290363,0.7866952545592042,0.6026444809128509,9.430599261128158,0.7866952545592037,0.501500471312134
include_wb2,3,8,baseline,55,13.769050423260952,-2.1470888140949798e-16,-1.8729110196069598e-06,,,
include_wb2,3,8,ridge,55,7.6163771742492505,0.7948675111223164,0.629688178200457,9.064279447992632,0.7948675111223159,0.48142993288595004
include_wb2,3,8,random_forest,55,8.537624242424242,0.748146152785123,0.5467553790181706,10.687727771840175,0.7481461527851229,0.28709076550379997
include_wb2,3,8,gradient_boosting,55,7.813800933444944,0.7807259190784499,0.6010479449130061,9.929055124400781,0.7807259190784493,0.4020941252083463
include_wb2,3,9,baseline,54,14.27222222222222,,-0.003941241511218996,,,
include_wb2,3,9,ridge,54,7.5138232586321285,0.823858839683804,0.6579578003468591,7.7871291377383445,0.8238588396838044,0.6510614567925225
include_wb2,3,9,random_forest,54,8.22675037568224,0.7919005577905922,0.6195060047896304,8.624652423571087,0.7919005577905925,0.540935874888695
include_wb2,3,9,gradient_boosting,54,7.984185312841169,0.8042457125923447,0.6310792732085353,7.875721711575329,0.8042457125923447,0.6016475983891855
include_wb2,4,0,baseline,55,12.816002944423998,3.534831729416648e-16,-0.002548953901881701,,,
include_wb2,4,0,ridge,55,8.680046317061537,0.6810931407067626,0.4300495284706002,10.476553360631577,0.6810931407067627,0.186251074097326
include_wb2,4,0,random_forest,55,8.233287446770506,0.7162338823201079,0.48091997990948687,11.309778411427327,0.716233882320108,0.1848364473081383
include_wb2,4,0,gradient_boosting,55,8.263786909886019,0.7166343119926152,0.4815728682431891,10.78917785545984,0.7166343119926151,0.24833975346825898
include_wb2,4,1,baseline,55,13.882362900257636,-7.632932135289248e-17,-0.04544694983548303,,,
include_wb2,4,1,ridge,55,7.55683333134291,0.8126835852572437,0.6444646363206163,8.944485221273373,0.812683585257244,0.49173770529757377
include_wb2,4,1,random_forest,55,7.91648032866353,0.808015929865827,0.6421560860546804,8.815423824688779,0.8080159298658272,0.540595817049063
include_wb2,4,1,gradient_boosting,55,8.654252180450793,0.7652262481982446,0.5653069440212777,9.915882118268796,0.765226248198244,0.4251368291029073
include_wb2,4,2,baseline,55,14.60811556864188,9.141930099712723e-16,-0.07551755045171005,,,
include_wb2,4,2,ridge,55,6.523004028578259,0.8824834617560396,0.7540501477729888,7.394969147680622,0.8824834617560398,0.6880525673169444
include_wb2,4,2,random_forest,55,6.211693408060653,0.895095325333231,0.7845362108166986,7.513491295666024,0.895095325333231,0.6989787209102015
include_wb2,4,2,gradient_boosting,55,6.5420356105954856,0.8749331309576467,0.7607145768612058,8.339028719894184,0.8749331309576469,0.6191523307761482
include_wb2,4,3,baseline,55,14.800629370629371,-7.704377009965841e-16,-0.0002098004924060426,,,
include_wb2,4,3,ridge,55,7.366573883427765,0.8335693059537079,0.690885030123548,8.409812662593346,0.8335693059537083,0.5798011989655513
include_wb2,4,3,random_forest,55,7.036403682608474,0.8434502362058575,0.689738008368005,9.4612143119182,0.8434502362058574,0.5397860472758257
include_wb2,4,3,gradient_boosting,55,6.618516442325383,0.8634572612487017,0.7196661801602917,8.834719237331456,0.8634572612487018,0.5631204137268973
include_wb2,4,4,baseline,55,15.731365476628634,-4.463531710448557e-17,-0.01609682785738986,,,
include_wb2,4,4,ridge,55,6.930943737184946,0.8881296156145198,0.768343252704903,7.951381151240695,0.8881296156145195,0.681565143680078
include_wb2,4,4,random_forest,55,6.940793226308688,0.8843311628768589,0.7647121358023381,8.107735741176002,0.8843311628768589,0.6936759768343583
include_wb2,4,4,gradient_boosting,55,5.965450321690654,0.9125477641487068,0.8150397828734977,7.461704810115225,0.9125477641487074,0.7459418153284221
include_wb2,4,5,baseline,55,14.942454913507545,-4.720472712864433e-16,-0.04318994369262108,,,
include_wb2,4,5,ridge,55,7.447276748282648,0.8263990944731004,0.6642246096089385,10.024617906960119,0.8263990944731007,0.3891655445928781
include_wb2,4,5,random_forest,55,7.253240223158146,0.838030601945397,0.7017079953630456,8.868790610859723,0.8380306019453974,0.536978689511886
include_wb2,4,5,gradient_boosting,55,7.213735438098934,0.8353907943424651,0.6936095738356645,9.078127820667664,0.8353907943424654,0.5263673966051247
include_wb2,4,6,baseline,55,14.34884799411115,-8.059349256597276e-17,-0.015497750125430976,,,
include_wb2,4,6,ridge,55,7.665734015929692,0.8274945318480249,0.6423325935487517,8.768178506913687,0.8274945318480248,0.547401840234882
include_wb2,4,6,random_forest,55,7.087866265741588,0.8266431734767514,0.6600216128741789,9.357837941325696,0.8266431734767515,0.493912202938949
include_wb2,4,6,gradient_boosting,55,7.2292968841911724,0.8381593820211455,0.6807122785755209,8.77776966869045,0.8381593820211451,0.5487411135628564
include_wb2,4,7,baseline,55,14.5431026867869,-4.527321819420067e-16,-0.024826615007448094,,,
include_wb2,4,7,ridge,55,7.037282408988178,0.8596196423843467,0.7307933005581787,8.603897832535587,0.859619642384347,0.551395541512264
include_wb2,4,7,random_forest,55,8.182904316163675,0.7807679313742542,0.5680548849900853,10.608583244299465,0.7807679313742537,0.2959136593355015
include_wb2,4,7,gradient_boosting,55,7.589530440189636,0.8334111459787205,0.6629012481267291,9.633998951006745,0.8334111459787205,0.45920822489059054
include_wb2,4,8,baseline,55,15.142278248067718,-4.443740231223234e-16,-0.00661066361204532,,,
include_wb2,4,8,ridge,55,7.284266325380088,0.8500473435565622,0.7036531485374286,7.927027700362579,0.8500473435565621,0.625276983024462
include_wb2,4,8,random_forest,55,7.1542484212930955,0.8497870519080414,0.7094063783201674,8.183424896773863,0.8497870519080409,0.593372319697627
include_wb2,4,8,gradient_boosting,55,7.223103879289869,0.8520220868076103,0.7092962703258368,8.150729310620214,0.8520220868076103,0.6000560397649957
include_wb2,4,9,baseline,54,13.746296296296293,,-0.007441321738382856,,,
include_wb2,4,9,ridge,54,7.09421022766532,0.8592963829516086,0.7015641162231905,9.908271649567139,0.8592963829516084,0.4906612402331717
include_wb2,4,9,random_forest,54,7.807251514718979,0.8404620075924583,0.6695373847855208,9.50604883486686,0.8404620075924581,0.4873682361935412
include_wb2,4,9,gradient_boosting,54,7.982832958749215,0.8152013845803864,0.6302481657727586,10.618640946182367,0.8152013845803868,0.38735505517573976
first_pass,0,0,baseline,48,14.328586871069183,,-0.10109122601129195,,,
first_pass,0,0,ridge,48,7.441353025382333,0.8029253189575188,0.5904084275965529,9.414317670793487,0.8029253189575191,0.3916669155795236
first_pass,0,0,random_forest,48,7.591010123296171,0.7927233861430295,0.5870656670541632,9.318935681231261,0.7927233861430291,0.398959251315688
first_pass,0,0,gradient_boosting,48,7.6289372342689274,0.7867019321849136,0.5867474654148004,8.99232161320215,0.7867019321849139,0.4081251481555128
first_pass,0,1,baseline,48,14.558696933962265,-2.008699447873059e-16,-0.06765597146751134,,,
first_pass,0,1,ridge,48,6.943050110437826,0.8541848784271737,0.7233768649576056,8.025588832809838,0.8541848784271739,0.550369554230709
first_pass,0,1,random_forest,48,6.544685460691734,0.8884830787366618,0.7798588083818432,8.066945084781059,0.8884830787366615,0.6140925695533455
first_pass,0,1,gradient_boosting,48,6.860292945573339,0.8752959909684356,0.7573320445610882,8.521910161025609,0.8752959909684352,0.5648903157840628
first_pass,0,2,baseline,47,15.725992490613267,-7.651355029022116e-17,-0.000921587970185378,,,
first_pass,0,2,ridge,47,5.772715461737959,0.9106561695868864,0.8278346718529018,9.562363707542135,0.9106561695868863,0.5453273237706867
first_pass,0,2,random_forest,47,6.643473834875715,0.8865425657907288,0.7846813199431326,10.191824314513205,0.8865425657907289,0.5245825866020479
first_pass,0,2,gradient_boosting,47,6.278654562152299,0.8852016704124939,0.7813580981633655,10.01412387584131,0.8852016704124943,0.5219884496095704
first_pass,0,3,baseline,47,12.086773466833542,,-0.10539340959769317,,,
first_pass,0,3,ridge,47,7.301784708011874,0.7876390905659946,0.5674300345517947,8.64050906324676,0.7876390905659949,0.18398989151652523
first_pass,0,3,random_forest,47,6.436016934808833,0.8060539083683543,0.6360037217445175,8.11253337549761,0.8060539083683546,0.4254634730172554
first_pass,0,3,gradient_boosting,47,6.360272258816295,0.8180863583072392,0.661301068011293,8.08633061719866,0.8180863583072394,0.4314943081856496
first_pass,0,4,baseline,47,13.707459324155193,-2.334895637508205e-16,-0.005076121531859101,,,
first_pass,0,4,ridge,47,6.747877496717663,0.8580309335407689,0.7236083791067696,7.731898871890578,0.8580309335407685,0.6180014632414068
first_pass,0,4,random_forest,47,6.686321945563685,0.8537101564889832,0.7074547361967132,9.721023119314584,0.8537101564889832,0.46299118082021207
first_pass,0,4,gradient_boosting,47,6.932319489630796,0.8559205856908773,0.7030868450236719,8.340106377889683,0.855920585690877,0.49825415157965713
first_pass,0,5,baseline,47,13.476821026282856,-2.3250784029719935e-16,-0.007076353449099182,,,
first_pass,0,5,ridge,47,8.695210766192995,0.7284143315638808,0.48908929207033536,9.663411743404087,0.7284143315638808,0.3744348904733247
first_pass,0,5,random_forest,47,9.00826983572197,0.718286053681825,0.46316159339528806,12.136876259689751,0.7182860536818252,0.1340981834382977
first_pass,0,5,gradient_boosting,47,8.244544362555585,0.7466813333156291,0.5234309580304556,10.57853744052111,0.7466813333156289,0.2873701330946773
first_pass,0,6,baseline,47,14.207484355444302,-1.6941246976366008e-16,-0.013317196032523126,,,
first_pass,0,6,ridge,47,8.792161659049967,0.7594733650495619,0.5538681237089423,9.552072339739718,0.7594733650495614,0.4134965875173737
first_pass,0,6,random_forest,47,8.424320322617799,0.7668580092466799,0.5495974172271334,9.586838293906647,0.76685800924668,0.389612753506565
first_pass,0,6,gradient_boosting,47,8.788316903516007,0.7496603178375397,0.5135456865300363,10.063941115226127,0.74966031783754,0.33260472376847927
first_pass,0,7,baseline,47,14.12925657071339,6.401237722971163e-16,-0.02936810842389148,,,
first_pass,0,7,ridge,47,7.302665043349639,0.8378391010879949,0.6634974078861933,8.858150535142748,0.8378391010879949,0.4928670679292271
first_pass,0,7,random_forest,47,7.48922868102236,0.8182189563629567,0.6369171067757267,8.977872472612598,0.818218956362957,0.4862354578713507
first_pass,0,7,gradient_boosting,47,7.735007450310841,0.8061110454958167,0.6058301481675041,9.103148808578508,0.8061110454958166,0.45431190924284526
first_pass,0,8,baseline,47,13.226648310387985,3.861510076711254e-17,-0.0004302007513392603,,,
first_pass,0,8,ridge,47,7.315511877220724,0.845984254596976,0.6996523737522109,7.898346705733348,0.8459842545969758,0.6240127293122346
first_pass,0,8,random_forest,47,8.358509648588205,0.7903755670062883,0.6138723266727837,8.63274467891269,0.7903755670062877,0.5286535280200586
first_pass,0,8,gradient_boosting,47,8.333139031216179,0.7969520295285225,0.63055799239661,8.606738796033909,0.796952029528523,0.5414250230492168
first_pass,0,9,baseline,47,13.895664580725906,-2.5378548965085455e-16,-0.0016496643327728044,,,
first_pass,0,9,ridge,47,7.612219446002591,0.8080872303504709,0.6503973084185702,9.15161967073176,0.8080872303504708,0.5101057972820114
first_pass,0,9,random_forest,47,7.600695601620634,0.8304872260753848,0.6772143090162396,8.89827516206574,0.8304872260753854,0.5549277131789697
first_pass,0,9,gradient_boosting,47,7.737537507880403,0.8240434779961335,0.671677530609719,9.020694896631488,0.8240434779961336,0.5211118694783049
first_pass,1,0,baseline,48,15.866489779874215,-1.8023928513924857e-16,-0.001515939538196287,,,
first_pass,1,0,ridge,48,7.654349264852207,0.8634359432532532,0.7405605205682728,10.291996963803209,0.8634359432532535,0.517447091368889
first_pass,1,0,random_forest,48,6.912156280881142,0.8931849724973415,0.7859523872693337,8.939901407141834,0.8931849724973414,0.65697435168927
first_pass,1,0,gradient_boosting,48,6.786796160892149,0.8977627649721247,0.7998875758731456,8.85274808312635,0.8977627649721251,0.6610489242990109
first_pass,1,1,baseline,48,13.016057389937105,-6.999339771636863e-17,-0.0058601041906132245,,,
first_pass,1,1,ridge,48,5.996588882942066,0.8639067845168277,0.7437560733929703,7.122450986670331,0.8639067845168277,0.5203701350097878
first_pass,1,1,random_forest,48,6.1960446983970785,0.8614458375459304,0.7383517360997934,8.31200222482314,0.8614458375459307,0.5390191067385062
first_pass,1,1,gradient_boosting,48,6.391636101644117,0.8312802933666867,0.6901389592412017,8.616310232416378,0.8312802933666867,0.45511019945625597
first_pass,1,2,baseline,47,14.956110137672088,1.6287478970400294e-16,-0.0024119573117495907,,,
first_pass,1,2,ridge,47,8.367531356755245,0.8303444936141281,0.6418686124124613,9.71050286403548,0.8303444936141282,0.5182045466723314
first_pass,1,2,random_forest,47,8.588231790600137,0.840821795549735,0.6551062797170919,11.617130233819234,0.8408217955497352,0.4149179192502175
first_pass,1,2,gradient_boosting,47,8.502430991989918,0.8435828114361204,0.6438014123857985,10.66681076322981,0.84358281143612,0.45577000708856275
first_pass,1,3,baseline,47,14.432856070087608,,-0.02201668784399491,,,
first_pass,1,3,ridge,47,8.078329402873107,0.7736391639043972,0.5823371297652784,8.574408745123893,0.7736391639043974,0.4792604251599232
first_pass,1,3,random_forest,47,7.367435792776412,0.7922506172827877,0.6144539328854574,8.513391288027101,0.7922506172827876,0.4301833255268366
first_pass,1,3,gradient_boosting,47,7.9144253800395,0.7833276541257419,0.589533694150769,8.105991202569733,0.7833276541257425,0.5049092562733264
first_pass,1,4,baseline,47,13.180500625782228,-7.905056273971424e-16,-0.0005770870070389567,,,
first_pass,1,4,ridge,47,7.236199315332515,0.8037346239888841,0.6451020324346621,8.189433794045076,0.803734623988884,0.5216923763874723
first_pass,1,4,random_forest,47,7.251216708803257,0.7970079733791277,0.635098292843405,8.798188508263792,0.7970079733791279,0.44941129535269475
first_pass,1,4,gradient_boosting,47,7.511155244667861,0.8005635829350378,0.6392006701732958,8.993239038952686,0.8005635829350379,0.4358082456434398
first_pass,1,5,baseline,47,14.575944931163956,4.715688361674727e-16,-0.003334238441399906,,,
first_pass,1,5,ridge,47,7.808151019602443,0.8006844203045553,0.6346435643811829,8.590331066772613,0.8006844203045553,0.5734974227081564
first_pass,1,5,random_forest,47,8.284799460195405,0.764598730112809,0.5826908807706705,10.172330767621943,0.7645987301128089,0.4495010865027288
first_pass,1,5,gradient_boosting,47,8.149390070782292,0.7668192287396087,0.5865635926268563,9.504567630017998,0.7668192287396087,0.4382625690576374
first_pass,1,6,baseline,47,11.153116395494363,1.1019691691901672e-15,-0.08467869253860183,,,
first_pass,1,6,ridge,47,5.95597629351924,0.8592066217206826,0.7013350477820532,8.361887685235477,0.8592066217206827,0.31350576966435606
first_pass,1,6,random_forest,47,6.23107337599885,0.8086014403300612,0.6312830403706785,8.538380474852513,0.8086014403300613,0.306510203721451
first_pass,1,6,gradient_boosting,47,6.6568335983145905,0.7995998778895634,0.608747028469,8.978213976732864,0.7995998778895634,0.27604903519210566
first_pass,1,7,baseline,47,12.982853566958699,,-0.0003040523822390728,,,
first_pass,1,7,ridge,47,7.617993260026231,0.7802854279534084,0.6002191550539265,9.193557247017726,0.7802854279534086,0.3920820477905298
first_pass,1,7,random_forest,47,7.547229686559484,0.7784422798410696,0.6055142983011579,9.724175183413552,0.77844227984107,0.42327266558964827
first_pass,1,7,gradient_boosting,47,7.003987826761549,0.7914611107495487,0.623832922180467,9.25096238136423,0.7914611107495486,0.4338094288136618
first_pass,1,8,baseline,47,15.09291113892365,,-0.0010489023164637068,,,
first_pass,1,8,ridge,47,7.985439531942742,0.8095092146586301,0.6549613209763272,9.774703770228259,0.8095092146586297,0.5014014543036638
first_pass,1,8,random_forest,47,8.015208994800599,0.8108435159725536,0.6532431831831129,9.003730368935162,0.810843515972554,0.5292389486339272
first_pass,1,8,gradient_boosting,47,8.171708644956352,0.7922290578465319,0.6258943339787032,9.389254387590539,0.7922290578465316,0.46969269604226593
first_pass,1,9,baseline,47,13.977106382978723,-8.90259988024419e-16,-0.05240488068030702,,,
first_pass,1,9,ridge,47,7.495009646285138,0.7969845670365168,0.6315896285601796,9.471729716053451,0.7969845670365169,0.42319042403233165
first_pass,1,9,random_forest,47,7.658501144584212,0.7725170016984011,0.5895263117094153,11.266213363576941,0.7725170016984014,0.2684968168945677
first_pass,1,9,gradient_boosting,47,7.829589182422155,0.779367811828311,0.5791115635844317,11.262828487531927,0.779367811828311,0.20096862998177112
first_pass,2,0,baseline,48,13.83176100628931,-7.551465991686538e-17,-0.00892062453783149,,,
first_pass,2,0,ridge,48,9.381384813463583,0.6839124262357781,0.4440790070728966,10.648776238713028,0.683912426235778,0.20596171640867988
first_pass,2,0,random_forest,48,9.181172148999217,0.7003285189475695,0.47720792318918104,10.976443156858702,0.7003285189475694,0.26952863208831346
first_pass,2,0,gradient_boosting,48,9.098130815513258,0.7022876795889639,0.4780637841669584,10.447672515788154,0.7022876795889642,0.3010746911884947
first_pass,2,1,baseline,48,14.84428066037736,3.7842934193489026e-16,-0.008221886181349225,,,
first_pass,2,1,ridge,48,8.15159690695289,0.7867281981690962,0.6113779119634003,9.746106304743583,0.7867281981690964,0.3802927827199356
first_pass,2,1,random_forest,48,7.426137642155562,0.8178702955199216,0.6667618940296793,9.889992285025428,0.8178702955199221,0.4780538396046802
first_pass,2,1,gradient_boosting,48,7.690660457728395,0.8035198717480434,0.6384840373770011,10.135068128234826,0.8035198717480435,0.4269792111775331
first_pass,2,2,baseline,47,13.70544680851064,1.472549707321575e-16,-0.007851028783206981,,,
first_pass,2,2,ridge,47,7.6427064087006435,0.8016016147671418,0.6197376228025877,9.071451749084366,0.8016016147671416,0.47004320392480303
first_pass,2,2,random_forest,47,8.257869774698024,0.7646729337391622,0.5638569622192646,10.401350140676351,0.7646729337391625,0.3097597844452322
first_pass,2,2,gradient_boosting,47,8.560935483100096,0.7518286167015668,0.5513559004514097,10.270774038644436,0.751828616701567,0.3447999260370721
first_pass,2,3,baseline,47,13.197712140175218,3.8150884128542515e-16,-0.021884862130755023,,,
first_pass,2,3,ridge,47,7.447628569322875,0.7924469719445703,0.6246317562942417,8.092755111761065,0.7924469719445705,0.542921250551204
first_pass,2,3,random_forest,47,7.826280612266269,0.7918954242847352,0.6264767568764439,9.54481740419779,0.7918954242847351,0.42125296864609085
first_pass,2,3,gradient_boosting,47,7.541048475138515,0.7897949026946737,0.6224295624928884,9.151102680328892,0.7897949026946737,0.45296160325166457
first_pass,2,4,baseline,47,13.579349186483105,1.6089525080726994e-16,-0.07018599678077009,,,
first_pass,2,4,ridge,47,7.654784082229973,0.7912762270529102,0.6099765050244066,10.166183971463866,0.7912762270529099,0.31998620660048294
first_pass,2,4,random_forest,47,7.615506139250914,0.797021145697052,0.6232032378328731,9.864750318940429,0.7970211456970524,0.38424668707733967
first_pass,2,4,gradient_boosting,47,7.0849590802898605,0.823535786872568,0.6753102890083716,8.710454272982645,0.8235357868725683,0.48956567997324174
first_pass,2,5,baseline,47,15.041867334167707,1.8932129215801729e-16,-0.039688137542459145,,,
first_pass,2,5,ridge,47,8.404365755232858,0.8424624717468512,0.6844534714640571,7.950181382401257,0.842462471746851,0.6660937279741517
first_pass,2,5,random_forest,47,7.584088167721617,0.8638918221534174,0.7213002195258214,8.092648916255278,0.8638918221534178,0.6771861789762792
first_pass,2,5,gradient_boosting,47,7.994215164033016,0.8470883485473812,0.7030343327293787,7.707163070101444,0.8470883485473812,0.6394702439119703
first_pass,2,6,baseline,47,15.41839799749687,,-0.008063521525550676,,,
first_pass,2,6,ridge,47,7.275144176606479,0.8416962675781511,0.7075351369652174,9.604648038061052,0.8416962675781511,0.5011136662160585
first_pass,2,6,random_forest,47,7.35479634762992,0.8263500655294943,0.6815792311439113,9.790945643131767,0.8263500655294944,0.5115159622319851
first_pass,2,6,gradient_boosting,47,7.265765637288647,0.8411454197769581,0.7064610785687854,9.879240358231563,0.8411454197769582,0.5374321001030204
first_pass,2,7,baseline,47,13.327444305381725,-6.269916887153505e-16,-0.008680666125446823,,,
first_pass,2,7,ridge,47,6.572882866937565,0.8437404668193641,0.7086751166075916,9.245977614830958,0.8437404668193644,0.4652312641829044
first_pass,2,7,random_forest,47,6.71242805544244,0.8221650055033235,0.6695185878620175,9.16345871058153,0.8221650055033233,0.40062914389068205
first_pass,2,7,gradient_boosting,47,6.601564657304255,0.8217258807800838,0.67128191768202,8.304240605266669,0.821725880780084,0.4724691713304271
first_pass,2,8,baseline,47,12.697116395494366,,-0.0019204220507078595,,,
first_pass,2,8,ridge,47,5.803673721387086,0.8841761116040673,0.7758299814256832,7.704924806328886,0.8841761116040673,0.5431967989854033
first_pass,2,8,random_forest,47,5.5093377179529766,0.8826792034163019,0.7729614050229747,8.448419774591322,0.8826792034163022,0.535943168140694
first_pass,2,8,gradient_boosting,47,5.1189513381529075,0.8993333106063521,0.8033000314998794,8.402823935845094,0.899333310606352,0.48915374060801853
first_pass,2,9,baseline,47,13.524720901126408,,-0.0028383548979218354,,,
first_pass,2,9,ridge,47,5.505951537841868,0.9024713971079971,0.800957076871392,6.504309208761556,0.9024713971079973,0.7232258674400699
first_pass,2,9,random_forest,47,6.853052932704921,0.8302405706008634,0.6842382751790967,8.584133267475414,0.8302405706008631,0.529405005971415
first_pass,2,9,gradient_boosting,47,7.202074629317134,0.8289208185541967,0.6850086616382551,8.76261155933761,0.8289208185541966,0.5058111393451887
first_pass,3,0,baseline,48,16.379412342767296,,-0.0006602964043711523,,,
first_pass,3,0,ridge,48,7.153612322595073,0.8781105874950764,0.7655858675823184,9.272656431595705,0.8781105874950768,0.6141885379628291
first_pass,3,0,random_forest,48,7.346955496256153,0.8810605102858572,0.7613672699582529,9.14412160821692,0.8810605102858572,0.6529692141244646
first_pass,3,0,gradient_boosting,48,7.588234010558236,0.8824547672815497,0.7636763891358203,9.285930073384263,0.8824547672815496,0.6101548722403396
first_pass,3,1,baseline,48,12.779500786163522,,-0.005713920545090678,,,
first_pass,3,1,ridge,48,7.606982525543221,0.7879282555847379,0.6073189832645239,9.659680069133541,0.7879282555847383,0.33821986432130413
first_pass,3,1,random_forest,48,7.292976979153313,0.796264252281672,0.6269666246210657,10.088348110820283,0.7962642522816721,0.3343778312609721
first_pass,3,1,gradient_boosting,48,7.225142323925131,0.8110119708845305,0.6481446138681772,10.047694033881243,0.8110119708845305,0.3708563603269872
first_pass,3,2,baseline,47,12.871524405506882,,-0.03447606560737815,,,
first_pass,3,2,ridge,47,7.430444252640457,0.7483207518735634,0.544352494145157,8.173556444680585,0.7483207518735635,0.3718238182668181
first_pass,3,2,random_forest,47,7.902226223033786,0.7510556985130439,0.5462312472664037,9.849465711560335,0.751055698513044,0.312119958296596
first_pass,3,2,gradient_boosting,47,7.534633663783284,0.7508448350360255,0.5398292966754588,9.60236236855703,0.7508448350360254,0.27957363201399066
first_pass,3,3,baseline,47,14.864205256570719,6.150076452423147e-16,-0.0026544103929644347,,,
first_pass,3,3,ridge,47,6.818721311473965,0.8688671140526917,0.7507234991107002,8.932519103521633,0.868867114052692,0.567816010935677
first_pass,3,3,random_forest,47,6.870184813034646,0.8640706397029614,0.7284222950565821,8.422364339454914,0.8640706397029615,0.6196134395198167
first_pass,3,3,gradient_boosting,47,6.973942196530522,0.8652393678861238,0.7395038736899631,8.415910660537781,0.8652393678861235,0.6268971713787687
first_pass,3,4,baseline,47,13.565451814768458,,-0.004809943911665782,,,
first_pass,3,4,ridge,47,7.33589239185273,0.8105575135140616,0.6478606015491283,8.899697780969236,0.8105575135140615,0.5520192744460657
first_pass,3,4,random_forest,47,7.665767027327575,0.7951776821656987,0.6191759058249967,8.680686209271908,0.7951776821656984,0.509379296432577
first_pass,3,4,gradient_boosting,47,7.413368481053056,0.792884574482968,0.623829847970191,8.822947059809602,0.7928845744829681,0.48389350809325515
first_pass,3,5,baseline,47,14.019429286608263,9.135116454486485e-16,-0.02464332882285114,,,
first_pass,3,5,ridge,47,7.603227157781789,0.8301027185233804,0.6743156592369763,7.625638400448331,0.8301027185233804,0.6225373239276959
first_pass,3,5,random_forest,47,8.222181415253502,0.7845727236053431,0.6099256909972481,9.144038225630426,0.784572723605343,0.42387341506768816
first_pass,3,5,gradient_boosting,47,7.444521449753749,0.8125247530848735,0.6569575345903562,8.419504199716807,0.8125247530848732,0.49657230798596586
first_pass,3,6,baseline,47,13.66169211514393,-7.655411715108198e-16,-0.06822685055258892,,,
first_pass,3,6,ridge,47,6.737667305365151,0.8442469668211837,0.7050627161841336,8.812147221384436,0.8442469668211834,0.4683767636050594
first_pass,3,6,random_forest,47,7.012852069751058,0.8446467572675818,0.695992059387635,9.229460172020811,0.8446467572675814,0.4596492023979194
first_pass,3,6,gradient_boosting,47,6.589742557243952,0.8558169896289489,0.7178559579185425,8.197815903303933,0.8558169896289487,0.5519894894917498
first_pass,3,7,baseline,47,14.3046057571965,,-0.023736069980847763,,,
first_pass,3,7,ridge,47,7.947647269166808,0.7846015311467107,0.5902026468969301,9.395755897670462,0.7846015311467107,0.4185266063421481
first_pass,3,7,random_forest,47,8.115262771275747,0.757747431250902,0.554661437310462,9.639157918399688,0.7577474312509022,0.35217441364988533
first_pass,3,7,gradient_boosting,47,8.080551901130573,0.7603889664482485,0.5504190807117371,9.277100391715019,0.7603889664482487,0.3501045796138279
first_pass,3,8,baseline,47,13.17414267834794,4.583961358583996e-16,-0.0018004150044701461,,,
first_pass,3,8,ridge,47,6.706999053549376,0.8582460407468587,0.729936393569935,7.523392708658877,0.8582460407468584,0.6367472073172795
first_pass,3,8,random_forest,47,7.111569692213773,0.8165037739780847,0.6640018438874355,9.64432966060506,0.8165037739780845,0.4450440069020378
first_pass,3,8,gradient_boosting,47,6.72702119931599,0.830336586634181,0.6883156981051077,8.661723162417674,0.8303365866341806,0.5339650575476839
first_pass,3,9,baseline,47,13.493852315394241,-1.1245847926606663e-16,-3.4701129588698976e-05,,,
first_pass,3,9,ridge,47,8.33371491328426,0.7475173809609871,0.5294596703711597,10.326482260252726,0.7475173809609876,0.23659906817457732
first_pass,3,9,random_forest,47,7.831638297872345,0.7695030110072474,0.5858495958758834,9.852742607163865,0.7695030110072477,0.33834534965155827
first_pass,3,9,gradient_boosting,47,8.161799294850939,0.7614887850858357,0.5716648596539905,9.82877534029027,0.7614887850858357,0.3713622703359022
first_pass,4,0,baseline,48,14.565742924528301,,-0.0011680900178747677,,,
first_pass,4,0,ridge,48,6.996170782278252,0.8336845513927834,0.6931497058436824,8.047681680375748,0.8336845513927833,0.566280064982059
first_pass,4,0,random_forest,48,6.67384798914581,0.8547596002296723,0.7256605141917765,8.839522953606256,0.8547596002296725,0.5733863768227974
first_pass,4,0,gradient_boosting,48,6.79000049524679,0.8289511343968322,0.6866407946595956,8.950678529981106,0.8289511343968323,0.5379347912066818
first_pass,4,1,baseline,48,13.049479166666666,,-0.005739614252202374,,,
first_pass,4,1,ridge,48,8.063102526405881,0.7473505217665568,0.5352473420444341,9.942425353211062,0.7473505217665566,0.291757937846971
first_pass,4,1,random_forest,48,8.240556917285675,0.7620337929067998,0.5444843370536767,10.774654579161327,0.7620337929067995,0.1742614399247765
first_pass,4,1,gradient_boosting,48,7.96446221213034,0.743488203817851,0.5272296482847199,9.99441730161671,0.7434882038178512,0.25206851086939697
first_pass,4,2,baseline,47,12.837952440550685,-3.034621049165268e-16,-0.020815948968122777,,,
first_pass,4,2,ridge,47,8.87706431877414,0.7165581713809941,0.4619812159460902,11.607575493054906,0.7165581713809944,0.10013330723833713
first_pass,4,2,random_forest,47,8.48819051564359,0.719070918758151,0.4860512168458948,11.726146289890382,0.7190709187581511,0.10873932338159653
first_pass,4,2,gradient_boosting,47,8.835783624860959,0.7196837245435989,0.46515769093074155,11.221044155160376,0.7196837245435987,0.11898444197301195
first_pass,4,3,baseline,47,12.881877346683355,2.2873755760205054e-16,-0.01682502812988451,,,
first_pass,4,3,ridge,47,7.085393908344418,0.8302732366340213,0.6830444303193388,7.628413085227417,0.8302732366340214,0.5978472543747839
first_pass,4,3,random_forest,47,6.7900402725726705,0.8202559855633202,0.669882794225525,9.47419323926638,0.8202559855633202,0.4613045596398978
first_pass,4,3,gradient_boosting,47,7.051278456418498,0.8222158237274731,0.6723063154368168,9.40574286993659,0.8222158237274734,0.45996474163689915
first_pass,4,4,baseline,47,14.286102628285361,6.316388288341409e-16,-0.02077029409891562,,,
first_pass,4,4,ridge,47,8.141935189589802,0.7428409270685294,0.5328640026344057,10.249182193050734,0.7428409270685296,0.2972301696800963
first_pass,4,4,random_forest,47,8.488582239389652,0.7074982173957559,0.48338204303317334,10.443279018122267,0.7074982173957557,0.2977217153332018
first_pass,4,4,gradient_boosting,47,8.442860376772302,0.7232185732775617,0.5066299904224311,10.048788163267186,0.7232185732775618,0.3480429409119521
first_pass,4,5,baseline,47,13.520295369211516,9.372435720964156e-16,-0.0018078741670388698,,,
first_pass,4,5,ridge,47,7.941132853966631,0.8005271630992947,0.629324379971796,8.634971393242576,0.8005271630992948,0.5494199113301643
first_pass,4,5,random_forest,47,8.107682309527181,0.7855955816980443,0.6154303406137303,9.298592202930514,0.785595581698044,0.45487568663088507
first_pass,4,5,gradient_boosting,47,8.224156688561123,0.7956812206366688,0.626136880692469,8.075930631597354,0.7956812206366686,0.5557248503474139
first_pass,4,6,baseline,47,13.023724655819779,-9.777038536156471e-17,-0.002820659172857898,,,
first_pass,4,6,ridge,47,5.791531368270322,0.8831626042325272,0.7796535430993182,7.3835621578994175,0.8831626042325277,0.5847837913174545
first_pass,4,6,random_forest,47,5.943232509695935,0.8855996916091992,0.7768179455001472,7.215900401567754,0.8855996916091996,0.646251264323404
first_pass,4,6,gradient_boosting,47,5.81919889686577,0.8806990075209962,0.773041951339095,7.1472646738780625,0.8806990075209965,0.6374103080272892
first_pass,4,7,baseline,47,14.674698372966205,5.312691668245855e-17,-0.037892807512754256,,,
first_pass,4,7,ridge,47,7.197065477612242,0.8627378313880513,0.7413556577832894,9.313409110110687,0.862737831388051,0.5913096889028298
first_pass,4,7,random_forest,47,7.847661990388376,0.8370079656736965,0.695429383875154,9.494672216474143,0.837007965673697,0.5296352342179715
first_pass,4,7,gradient_boosting,47,7.879028332732377,0.8346490598222813,0.693376439783975,9.008396148697113,0.8346490598222818,0.5488564153882287
first_pass,4,8,baseline,47,15.291709637046306,,-0.02808632424375146,,,
first_pass,4,8,ridge,47,6.958291729916926,0.8755423046377816,0.7426454909804552,7.709515622119708,0.8755423046377816,0.6417749178073737
first_pass,4,8,random_forest,47,7.6279950078085355,0.85381162632266,0.7068075491765483,8.798774906685663,0.85381162632266,0.5437351576571021
first_pass,4,8,gradient_boosting,47,6.707407924097448,0.8776556360834704,0.7558945802052295,8.197458119921206,0.8776556360834704,0.5779409181122888
first_pass,4,9,baseline,47,15.124540675844804,4.330707648354517e-16,-0.054911679395278856,,,
first_pass,4,9,ridge,47,7.056098928657134,0.8392016811011854,0.7024626255738833,8.965002085702382,0.8392016811011852,0.5160754496017212
first_pass,4,9,random_forest,47,7.012497718689371,0.8213961751993067,0.673785917170004,9.14063845566923,0.8213961751993064,0.4904262298436586
first_pass,4,9,gradient_boosting,47,6.935336854736484,0.825205824111838,0.6799455549502835,9.56646341785833,0.8252058241118378,0.482786715577715
