n,draw,age_coef,p
25,0,-2.020551295677058,0.0003726193766619922
25,1,-2.8219415495254907,3.857612574948085e-09
25,2,-1.823037394868309,1.035233088747013e-05
25,3,-1.970015003817669,0.0003437118422980155
25,4,-1.685835797326364,2.1895489703744965e-06
25,5,-1.8841020111100795,3.580781975494347e-06
25,6,-2.0795185927569193,6.50375674062854e-08
25,7,-2.1174358683266155,1.041618479746388e-05
25,8,-2.0604768677943817,0.0006398858792138514
25,9,-1.33760709832789,0.006302608715665869
25,10,-2.0978930337928947,9.043130600907867e-08
25,11,-2.171323969484673,3.6974965011350914e-05
25,12,-1.9535738388206623,2.3226699168641163e-05
25,13,-2.3853199589578153,4.903403719087752e-06
25,14,-1.8149326969946529,0.0006162433844329915
25,15,-2.171963896031473,9.277918552605311e-05
25,16,-1.7921917777691005,2.5177228866657322e-08
25,17,-1.9559543585394215,1.760403564833738e-05
25,18,-2.110401920403019,3.457377875058373e-07
25,19,-1.785459345721426,6.0013617027998244e-06
25,20,-2.0673402117224757,1.1373687571359416e-05
25,21,-1.2494456862455996,0.014753214562726165
25,22,-1.787847855887624,2.1360989856460357e-05
25,23,-2.644914419401581,5.457298085034931e-07
25,24,-1.5960441051157277,1.772280524159452e-05
25,25,-1.8554948971270386,1.787484977584512e-07
25,26,-1.736243895802669,1.551250541360222e-05
25,27,-1.840665149322632,0.00010125308371387673
25,28,-2.545088249920373,3.317529103527728e-08
25,29,-1.4615990137674064,9.737180938321839e-05
25,30,-2.716743788646764,1.1467579580237453e-09
25,31,-1.2416410284780754,0.0006779442646055068
25,32,-1.7384862327215123,8.790325351548812e-06
25,33,-2.2083705112544822,0.00012948979751024469
25,34,-2.2120038197688108,1.0051347918015219e-06
25,35,-2.3444568666873877,4.6463484527646104e-08
25,36,-2.084397126049554,4.995093321498888e-06
25,37,-2.1667653273921017,0.000248144830045602
25,38,-1.944261687469277,3.227975687337255e-05
25,39,-2.3824318776157707,1.5594148382350685e-06
25,40,-2.469644122806052,1.7689362876545528e-07
25,41,-2.752791188052206,5.680957534226335e-07
25,42,-1.7627622920002075,8.177381606940651e-05
25,43,-1.9681083807958495,0.0004286038383908066
25,44,-2.529478026801723,9.379921135868125e-08
25,45,-2.148716291663585,2.563029511816756e-07
25,46,-1.762378659589443,1.80740014102213e-05
25,47,-2.7711427284086785,5.468428520486959e-06
25,48,-2.751705566927308,7.338321858797695e-09
25,49,-2.085850656853001,1.5666174591987927e-07
25,50,-2.1009756291216624,1.5156725473872394e-05
25,51,-1.5920065295696615,0.0008074056352695706
25,52,-2.5955153540477243,6.183551435357941e-08
25,53,-1.698823996827918,2.3765924894447586e-05
25,54,-2.2261377354256116,2.3243406131685703e-06
25,55,-2.2549060519561,8.294752560253688e-06
25,56,-2.450527637317152,0.0001862308869868188
25,57,-1.9673134376948767,1.9406635366703294e-07
25,58,-1.7982147858490611,2.800900153590334e-07
25,59,-2.1254480673633553,1.172415587173456e-08
25,60,-2.8804534422985775,7.648226569835739e-05
25,61,-2.3641069214207713,1.8687731054461214e-06
25,62,-2.0335219892841296,2.5991509112135878e-05
25,63,-1.7489403570295794,4.757756901351966e-05
25,64,-1.7874003152999234,6.428697898758405e-05
25,65,-1.7815445396575758,0.00029838731519588074
25,66,-2.3860096865900786,1.156485418345904e-05
25,67,-2.2073626535627087,1.4530247478574017e-05
25,68,-1.8346604916888891,1.3148142065963562e-05
25,69,-1.6176419470602301,1.5137034572110346e-05
25,70,-2.039083772494868,4.687812417922859e-06
25,71,-1.9076322689767204,4.4263860900469815e-05
25,72,-2.514190493781893,2.065219089708567e-08
25,73,-2.1348861945082014,3.681302753823109e-08
25,74,-2.2585589596580515,4.6061771934773605e-06
25,75,-2.317184333293004,2.6405861379048897e-09
25,76,-1.828216471695856,1.5698811725336484e-05
25,77,-2.007893793378443,6.304852659566298e-06
25,78,-1.9789916567494874,9.230014118942494e-06
25,79,-1.9446323162838244,1.1337393346341886e-06
25,80,-2.7514970737682733,1.1669565925963615e-06
25,81,-1.5471628386826062,0.003025901904702538
25,82,-1.690231592354336,0.0004232067855984837
25,83,-2.1713283704810458,2.6105827936776634e-06
25,84,-1.6373046044997608,0.00011614339091760227
25,85,-2.021590437797668,2.624948361308018e-06
25,86,-2.136539155124498,6.857040553115962e-07
25,87,-2.1270721521279303,2.547324160439078e-05
25,88,-2.040168789009897,1.0670084210420604e-09
25,89,-1.681163654752024,0.0009328395311772767
25,90,-2.0400222714529965,6.783427168761249e-05
25,91,-2.153141895274328,4.655601816406326e-05
25,92,-1.4686253257469382,0.0035991857503797123
25,93,-2.0280958303675707,1.9524723521122725e-06
25,94,-1.3670159188773123,0.003502204926761352
25,95,-2.3833181674305486,0.00033840567714606997
25,96,-1.9359966197516414,8.39918679256924e-06
25,97,-1.8704325387655425,2.514666040015997e-06
25,98,-1.0219479317620568,0.013191625816808545
25,99,-1.657237384353282,0.00017514196415071542
25,100,-1.8846002771215202,9.161096730349238e-06
25,101,-2.409459017653548,1.4329688574953752e-05
25,102,-1.9473697278176765,2.766110734085881e-05
25,103,-1.8380787850787517,0.00043576098088462525
25,104,-2.400932545447054,2.485080037406835e-08
25,105,-1.641830472133896,8.9169838787952e-06
25,106,-1.4311830282922022,7.331528373409375e-05
25,107,-2.716886388293735,3.56054027211906e-07
25,108,-1.5622127839387696,0.009072171659086579
25,109,-2.3638047439335335,1.1729065449660178e-05
25,110,-2.1576021576049387,1.0092256411346881e-06
25,111,-1.6812733704276912,5.729886804692382e-06
25,112,-2.3826748480433855,2.926197041584284e-06
25,113,-2.568946393127908,7.955597760807665e-07
25,114,-2.007815892424772,6.496086675538924e-07
25,115,-2.5942718683544883,6.849574637206203e-08
25,116,-2.589226880846848,1.856915678635052e-11
25,117,-2.2895870465373234,5.852171750165883e-07
25,118,-2.027669449612156,2.9440634677127175e-05
25,119,-2.2747675863067545,8.139014730680909e-07
25,120,-2.3137242727446496,1.6399637938965627e-08
25,121,-1.9586336134596554,1.7888138927426663e-07
25,122,-2.8195643553845615,8.753943601864526e-06
25,123,-1.8623557822070538,0.0006515552035237158
25,124,-1.964626284854936,0.00010316065953265047
25,125,-1.9575141786614312,5.13770221221926e-06
25,126,-2.008975462220521,1.524404825506688e-08
25,127,-1.7689796553486659,4.116538911999531e-07
25,128,-1.9646310716453845,4.654431846201271e-06
25,129,-2.3765793421553534,4.7366720597990945e-07
25,130,-2.209336330967016,1.697467808075292e-05
25,131,-1.8793035461146212,0.00012689355319512883
25,132,-1.8795324993216065,0.0006590485164435297
25,133,-1.4730983761209968,0.0013060261446276634
25,134,-1.5449194835292452,1.6273482804784265e-05
25,135,-1.8011406400278354,1.000862924295541e-06
25,136,-1.8248931763588576,6.97078514273583e-06
25,137,-2.092612299098157,2.3634364945675275e-06
25,138,-1.8061274816291668,1.019362903810731e-05
25,139,-2.8873035727995013,5.1755993984268204e-08
25,140,-1.6048009148759386,3.846018976698798e-08
25,141,-1.6036579368448125,0.0003058818517636445
25,142,-1.8524744019032742,0.0008364519069468287
25,143,-2.203322564871245,7.011277094117072e-05
25,144,-2.0181622277213336,9.950315461449742e-07
25,145,-1.6669067179343884,0.0002997031471914896
25,146,-1.9105404909558343,0.00014514857364509822
25,147,-0.9034416963197529,0.03223010292418122
25,148,-1.791742934775547,0.0006041756349117775
25,149,-2.3611659016616855,2.0468440127434726e-07
25,150,-1.7449622918491148,1.4422553394841393e-06
25,151,-1.9927757398849781,4.2527242012869965e-07
25,152,-1.6845347957432022,0.003261978316366151
25,153,-1.928264349472018,1.4775133322242932e-06
25,154,-1.5100618203314564,3.0512913643804558e-06
25,155,-1.9833809937048663,3.1384169547666904e-06
25,156,-1.3430973013659235,0.0003236513937236196
25,157,-1.8626194677671983,2.861753607064355e-05
25,158,-1.8468322900792362,3.5526638966187596e-05
25,159,-2.2255224116470114,1.2544955033520313e-07
25,160,-2.596356394962374,2.1369058349934536e-08
25,161,-2.5517014765321466,9.083628909006369e-05
25,162,-2.2698860824498572,1.3165924871994635e-06
25,163,-1.4263465160399091,0.0004888568925056233
25,164,-2.4635654359484507,8.9116298638711e-07
25,165,-2.009825368024197,9.412706499281397e-08
25,166,-2.859417676965223,7.936627011941123e-06
25,167,-1.7726140755896935,6.722094180164746e-05
25,168,-1.9832131748678536,3.1807594499473564e-05
25,169,-2.1547215138179663,0.0005484453997236835
25,170,-2.0625894324686698,7.312690683781802e-06
25,171,-2.374213396641469,2.810818476458389e-06
25,172,-2.140696019089372,1.7521283072525742e-06
25,173,-2.317551091347441,0.00020138110223253273
25,174,-2.205144981448286,2.3203554545792323e-06
25,175,-2.4877181719201777,0.0001287605649334894
25,176,-1.9760891250005055,5.499547804631695e-05
25,177,-1.9425921800899753,9.634827177855911e-08
25,178,-2.234158924348211,1.3044804259925773e-05
25,179,-0.9579315097052685,0.007189313381773693
25,180,-1.7489958697800931,0.007247017218651596
25,181,-2.1779132763400435,0.0002908725909407756
25,182,-2.237470558112439,2.635414400662656e-06
25,183,-1.8761577980808841,5.497660097847487e-07
25,184,-2.1594901241708087,1.4970718626235518e-06
25,185,-2.040201436329772,9.287913502117742e-07
25,186,-1.9800318829399397,3.251346943689205e-06
25,187,-1.728238157115877,0.0008692503522923308
25,188,-1.7223848784843332,2.9121980420272956e-05
25,189,-2.3099786314331214,3.228421738987505e-07
25,190,-2.421384641956444,5.876391902569883e-09
25,191,-2.042630615138906,1.7842405449835926e-06
25,192,-2.2254341588330586,1.827990996008727e-06
25,193,-1.6232382827833325,8.418909991832823e-05
25,194,-2.2533423012608145,5.1153058875919464e-08
25,195,-1.9276289943450333,7.686244696406862e-08
25,196,-2.3505027243100995,7.257078237544508e-09
25,197,-2.2056539453792086,7.856287507292971e-06
25,198,-1.8541589792839854,6.438072976425013e-06
25,199,-2.3207017557901004,9.758985495117472e-05
25,200,-2.6065512041666903,2.51609661549359e-07
25,201,-1.9778508561061665,3.321657702712735e-06
25,202,-2.333361553863793,0.00013720911486563985
25,203,-2.0625461130619653,8.91910577396289e-06
25,204,-2.7170602061415545,3.548963484293984e-07
25,205,-1.421136014399396,0.0009772456826934951
25,206,-2.8375790330959205,1.649628824337937e-07
25,207,-2.280089761187125,1.3338523321354035e-05
25,208,-2.1513069338300967,4.6488110689392586e-07
25,209,-2.108973143311035,2.021012729584696e-05
25,210,-2.0849909112448066,2.8058857184162516e-05
25,211,-1.7096343176070876,5.658830221842206e-06
25,212,-1.982021512438167,5.1414923009206954e-05
25,213,-1.5531915461009032,0.0005617690335351657
25,214,-2.4682055218673256,7.784946022478663e-08
25,215,-2.004665249473641,0.0001459680648750102
25,216,-2.149010240007697,0.0002959363406749487
25,217,-1.7200137490993237,0.0025663976177906136
25,218,-1.9185664632209498,8.759296582813706e-06
25,219,-1.3620425536383234,0.007570182767050087
25,220,-2.207585447433379,5.795429279130347e-05
25,221,-2.6646090229295423,1.0351807749360076e-06
25,222,-2.1575132279393463,2.5927574871655357e-06
25,223,-2.296761584522878,5.415520966285698e-06
25,224,-1.9061541119841081,4.799957373045493e-05
25,225,-2.0652376711934535,0.0007728008314771006
25,226,-1.783139971732357,1.9350489525858772e-05
25,227,-1.7101025245967216,0.001955421881072993
25,228,-1.876190722898464,0.0001812183840909999
25,229,-1.4041854727690595,0.0015241620312635943
25,230,-2.0547971574396087,3.370300665370811e-07
25,231,-2.0333445151298193,2.173382826240743e-05
25,232,-1.8335569083686316,1.4621123558130456e-05
25,233,-1.8011918645191942,0.001091331413772449
25,234,-2.021461001373935,7.875524992514973e-06
25,235,-2.090979290892224,5.632556869369718e-07
25,236,-2.9693086543373006,1.1904480675492934e-07
25,237,-2.0274616480943273,1.0486563316767846e-05
25,238,-1.991939301440917,5.924684893464039e-06
25,239,-2.321625524275751,2.453857924980927e-08
25,240,-2.248548419910093,1.8373918632425657e-06
25,241,-3.106419691653356,4.8178394188524616e-08
25,242,-2.5369360420618743,1.8577594151185305e-05
25,243,-2.7449789190955394,3.4200077210220735e-06
25,244,-2.8197297747431964,6.521055068941128e-06
25,245,-2.499395914504215,7.667470622706092e-07
25,246,-2.065650697982809,1.0285582202863173e-06
25,247,-2.64671203836568,5.15085218654064e-05
25,248,-2.635885177640249,2.2134039863767163e-06
25,249,-2.0138981673484153,4.8252185219948006e-05
25,250,-2.444971451748369,1.7156792537208118e-07
25,251,-1.9758533978028794,1.7710879823468362e-06
25,252,-2.2050712014715907,4.400284454827777e-05
25,253,-1.6128655930970615,7.588845453714812e-05
25,254,-2.2234315447299595,5.0128461040942747e-05
25,255,-2.028175657995993,1.463252468329027e-07
25,256,-1.9844111324731513,1.9913954672110893e-05
25,257,-1.6762942444669493,1.1634910138302931e-06
25,258,-2.1674406440207017,5.111343374686887e-05
25,259,-1.8777817264237235,1.457726190673423e-06
25,260,-2.0759432622219185,3.305195337124445e-07
25,261,-1.817957117181484,1.7841805901295237e-06
25,262,-1.847738343843477,3.476338961071009e-05
25,263,-1.9998984051438535,3.0293191426486565e-07
25,264,-2.231745255674577,8.118124102035696e-06
25,265,-2.0162782272320596,0.00269218405531931
25,266,-2.1745744069813657,2.4642198562683442e-05
25,267,-2.087627979368473,4.453569634191158e-07
25,268,-1.7771017472606045,3.986023741435762e-05
25,269,-1.8326203476963516,1.0987617983588966e-06
25,270,-2.2622575209897606,6.576052813437864e-09
25,271,-2.7966394503352325,2.9258387054678932e-08
25,272,-2.642786777324397,6.163372954431908e-10
25,273,-2.2226738855981147,4.4229841314418e-07
25,274,-2.070847819942184,5.674298100793506e-05
25,275,-2.4330780841786996,3.3019876631007454e-06
25,276,-1.7860080514084782,1.2485395897909207e-05
25,277,-1.8016007948825017,1.102338106267544e-05
25,278,-1.7394396864925241,1.7091392462909763e-06
25,279,-2.3098983581571613,4.850980716962258e-09
25,280,-2.211578679247884,0.00010311175240412069
25,281,-1.6492588404577653,6.628025251518293e-05
25,282,-2.070721957773194,2.7779432932244438e-06
25,283,-1.6539359908963966,0.00020830005325660303
25,284,-1.673937893877694,0.0011779358924515072
25,285,-1.9267133417028344,1.119784540171449e-05
25,286,-1.5023520049005317,0.0004951477876470239
25,287,-2.2724174257030407,5.902872379598628e-06
25,288,-1.388623806662448,0.0005619712441320731
25,289,-2.4558346801966624,5.589987383682582e-07
25,290,-1.9691768323325753,3.277494034839716e-05
25,291,-1.9520034853774542,0.000611053178079543
25,292,-2.7921390317947923,1.144385037884712e-08
25,293,-1.6967617284789496,9.713126443325252e-05
25,294,-1.7974285597582673,0.00028725583842565094
25,295,-1.383203170340435,0.0003827292408705308
25,296,-1.4420702779803092,0.0011442144033254541
25,297,-2.721991198856483,1.313359956511346e-07
25,298,-2.040779201236439,2.6141923162878802e-05
25,299,-2.2982167182392086,1.2921602363282181e-08
25,300,-2.2786855594284483,3.4698868393535667e-07
25,301,-2.1594381783306673,8.826823332472132e-06
25,302,-1.5817546822236483,7.335352171070227e-05
25,303,-1.5071642758808128,0.00010372116714424424
25,304,-1.7501810936949953,2.2674969386270416e-05
25,305,-1.866636150776828,1.7471112736838395e-05
25,306,-1.661628174458671,7.249579487887746e-05
25,307,-1.9609331933593372,9.63916268656329e-07
25,308,-2.422445093277109,1.4250307218369248e-05
25,309,-1.1103575936546601,0.002967370115819209
25,310,-1.8293491579514853,0.0008707573995621154
25,311,-1.8742273684745498,2.612579988851371e-07
25,312,-2.1224221164020047,9.056515473176756e-05
25,313,-1.8842378649972904,8.029716618673414e-05
25,314,-2.0649431946677126,2.423790834750086e-06
25,315,-2.2345880433903744,4.653417014478027e-06
25,316,-2.559645098803903,1.9279624679131596e-07
25,317,-1.5132995237115061,0.000288036515290095
25,318,-1.9735736903183385,1.6675636056397207e-05
25,319,-1.5759513342086722,0.0067033633105875266
25,320,-2.1275864350482205,5.324170927759127e-08
25,321,-1.9942884698976355,1.346735700073448e-07
25,322,-1.3908748850597563,0.0004206144202428875
25,323,-1.637212732696156,6.171548230507231e-07
25,324,-1.6460484054189273,0.00011017864545442088
25,325,-2.1604805481701437,7.168525435819609e-06
25,326,-2.1056460642724533,7.941333198038654e-06
25,327,-2.0749800951097805,3.91979888668506e-08
25,328,-1.331978251780006,0.01252242138430652
25,329,-2.13426531331299,8.944474186039455e-06
25,330,-1.9045430276566666,7.635519817881064e-05
25,331,-1.7161839778950467,0.0001751038454866523
25,332,-2.089041030301014,6.715633787500959e-07
25,333,-2.1296826695794726,2.2860799939316737e-06
25,334,-2.388347466931898,1.4199654281690804e-07
25,335,-1.7072552103046554,0.0006240044813136424
25,336,-1.5157830152192284,0.0016905111204176286
25,337,-2.399982301797551,0.0001574795067821571
25,338,-1.6545770494999976,3.88164935009053e-06
25,339,-1.4185270862704424,0.001622521958014837
25,340,-1.5820781130378645,0.0011224183882405333
25,341,-1.6225225904499028,4.0108383743018816e-05
25,342,-2.648312106715383,1.2661892711515819e-05
25,343,-2.075097039769946,1.0695773315150544e-07
25,344,-1.729361558433327,5.957858297183785e-06
25,345,-1.2162580196943127,0.032265556289382484
25,346,-1.8047458607522122,0.00019850711092008283
25,347,-1.8163093625359128,8.375534779539868e-05
25,348,-2.079918813776994,6.068414037007712e-06
25,349,-1.5182962075545339,0.0012580951836130326
25,350,-1.2966240671597458,0.0008195661349784438
25,351,-2.3671959128622815,3.949482501531308e-08
25,352,-1.9236424019607394,1.1112591361546882e-06
25,353,-2.3023432936483075,3.051706760165566e-07
25,354,-1.9384921678770741,4.4003522312619156e-08
25,355,-2.1584553853439417,5.198497958064917e-09
25,356,-2.261069366436459,1.1010822082670061e-06
25,357,-1.2014532769153732,0.006221741085195633
25,358,-2.067804629107436,0.00011895319142089465
25,359,-2.431852686195181,3.344171505131701e-06
25,360,-2.1403847995821526,2.1870452999535905e-05
25,361,-1.6560861387042998,1.4209220773950102e-06
25,362,-1.4240688096183236,0.005606754979987477
25,363,-2.0509303266950774,4.014928937516854e-05
25,364,-1.919015569996736,7.036056693183085e-07
25,365,-1.7353423153730088,7.322974971233159e-05
25,366,-2.262524813373112,5.85137281275386e-07
25,367,-1.9915849487629673,5.347359883461534e-06
25,368,-2.3709792388649436,8.573820188472409e-06
25,369,-1.7761777139779809,0.0004108495576854677
25,370,-2.1113360364322142,1.922320173059358e-07
25,371,-2.573294123043496,4.34262554566821e-10
25,372,-1.2934378631513725,0.008232301428536185
25,373,-2.1052796181386055,4.270164766796579e-06
25,374,-1.4882562700689608,0.00016219168752825027
25,375,-2.089822656850612,3.5707050331481904e-07
25,376,-1.7591435903067767,8.393632430325503e-06
25,377,-2.1678099864276783,0.00010430281920461691
25,378,-1.9073889645150546,4.281769189030951e-07
25,379,-2.082016262366216,3.0324708034389306e-07
25,380,-1.8249919363346052,4.852024121495294e-05
25,381,-2.2750582514325144,2.5480530763038927e-05
25,382,-2.3826049189703857,2.4999799898809853e-10
25,383,-1.966665086226107,1.249807986789656e-07
25,384,-1.8150861130751554,8.264550171588641e-05
25,385,-2.4420153688191863,1.0041688021581914e-06
25,386,-2.290722438946995,1.7367549365030995e-06
25,387,-2.5569077826805695,8.829313561874201e-07
25,388,-2.268559908110544,3.969669843396317e-06
25,389,-2.3417949769831514,1.98477064492501e-08
25,390,-2.132630809141517,2.9506910223723988e-05
25,391,-2.3759082203374176,8.927059135833008e-08
25,392,-2.199589279622459,0.0001278731094269649
25,393,-2.1462481237703313,2.7087771810680894e-05
25,394,-1.5982975085391447,0.000430557653976053
25,395,-1.9854507443981735,1.1282619887956346e-05
25,396,-1.4846629677307162,0.0016989700885074435
25,397,-2.3844869178085104,1.6799945881597224e-07
25,398,-2.079027781508743,4.3044622480163363e-07
25,399,-1.9570781532855488,3.793504294512688e-05
25,400,-2.128502652222158,2.193766919826159e-06
25,401,-1.9942578048184494,5.114712382695812e-07
25,402,-2.018909184011556,1.9810686330647475e-05
25,403,-2.3638765355794513,8.096065638957563e-06
25,404,-2.253299446449053,6.795433120793262e-06
25,405,-1.7999059986851256,8.301721719442917e-06
25,406,-2.1050823780363794,2.0737235593834495e-07
25,407,-2.2570341093885746,3.2604209652046307e-06
25,408,-1.6020982307198608,3.129367652663951e-05
25,409,-2.0410569201522084,0.0003549812514903702
25,410,-2.0891242296715653,5.251691124224259e-06
25,411,-1.5010055859939113,5.978417248366503e-07
25,412,-1.9845535334070616,3.151873451212108e-07
25,413,-2.0168285155596024,1.2968481608977478e-05
25,414,-2.661022261366985,3.7156767317051955e-07
25,415,-1.3222659941819126,0.0003008763489313576
25,416,-1.8064334643913735,1.378747614582579e-06
25,417,-2.3987656000179243,3.296111468023915e-06
25,418,-1.5941844419250994,0.00016217401192305421
25,419,-1.6831662712692532,9.898579636639572e-05
25,420,-2.1498196069215263,7.593356964355185e-07
25,421,-2.4843590975392242,4.804726803256265e-07
25,422,-2.1815604609273027,1.96314570480542e-06
25,423,-1.9436666840051346,4.335882174082408e-06
25,424,-1.7661352298616162,6.292333583319029e-06
25,425,-1.7735226131915747,2.0382139192157423e-05
25,426,-2.1005013740714347,1.601799015247311e-05
25,427,-2.188951236990196,6.783699249374487e-06
25,428,-2.7365507236889677,6.370676856420764e-07
25,429,-1.7840542755025055,0.00015806412206801251
25,430,-2.2072807339105234,2.5624259800026774e-07
25,431,-2.259008723172692,8.372249615082783e-06
25,432,-1.5973106251352593,0.0021645403424201837
25,433,-2.013077930151174,1.1081335873451668e-06
25,434,-1.5502014119991951,0.0003185680124541144
25,435,-2.094588821040298,8.722316627650995e-07
25,436,-2.4785574599164137,3.424722206124013e-05
25,437,-1.4298985607865182,0.0011400796939362197
25,438,-1.9298703665521604,5.1010546603132556e-05
25,439,-2.1326379932579753,2.6288272123788363e-05
25,440,-1.8051869229487547,0.00010112187976998697
25,441,-2.0035090094875514,2.3546280437817035e-06
25,442,-2.39576157132419,3.795624614145142e-07
25,443,-2.2697715716676576,2.4738694122228285e-05
25,444,-1.493006888178468,0.010710605072972983
25,445,-2.023582394718271,1.8151078581731095e-06
25,446,-1.9713431061257305,2.711213387440996e-06
25,447,-1.906147016236682,4.640499775362762e-07
25,448,-2.561029682160406,2.5645020931597306e-05
25,449,-2.308957804196756,4.974028095140176e-07
25,450,-2.0990501698685726,2.5309742605662683e-05
25,451,-1.635746476824984,2.2972233353476294e-06
25,452,-1.8836975810641592,8.950286532433723e-05
25,453,-2.1668556797738416,6.437706473515935e-07
25,454,-2.224849222058042,0.000496549570570768
25,455,-1.357145114154406,0.008979030299015794
25,456,-1.9066634077236477,1.192468776263285e-05
25,457,-1.9860184932154281,2.408423332405545e-06
25,458,-1.9506050906815,1.822698059365142e-05
25,459,-1.3647261891937088,0.0060234626475009845
25,460,-2.2715927715552047,7.845290994014869e-05
25,461,-2.0515237789317697,5.857079626025317e-05
25,462,-1.9880773348214364,6.53501042327919e-06
25,463,-2.0955896974559343,8.662477555135136e-05
25,464,-1.944701348182904,6.523966873263878e-06
25,465,-1.4723601655708158,0.0015704917001255873
25,466,-2.054633347655594,1.6822577732906714e-09
25,467,-2.45846267374531,8.13737419464836e-09
25,468,-1.8797499980487373,3.3221548060911744e-07
25,469,-1.8396990198411833,3.250976282165971e-08
25,470,-2.055023908883446,1.812340790859943e-05
25,471,-2.129564416624176,1.601077244376078e-05
25,472,-1.8720891985768917,1.0051152255412697e-05
25,473,-2.10200508866654,7.654231555254035e-07
25,474,-1.6708815232792569,0.0010718289474067532
25,475,-2.789719166864,3.466748888006978e-08
25,476,-1.5598107659953167,4.240587215296195e-05
25,477,-2.8195157410281197,1.1686894612367961e-07
25,478,-1.5453025606817405,0.0007889034222089989
25,479,-1.5768594671108858,0.0005287151930311144
25,480,-1.9011138272528942,6.824902867961515e-05
25,481,-2.089666225770224,1.167487779761699e-05
25,482,-2.172485004148503,5.187948675091088e-06
25,483,-2.416840956599336,0.00015049797251298204
25,484,-1.966823527246409,5.671100674244669e-06
25,485,-2.189911110482784,0.00011481394120922726
25,486,-1.8521276474594943,3.269693732932138e-06
25,487,-2.120029300118601,4.550056160171476e-06
25,488,-2.5530775592632047,4.305297254258885e-08
25,489,-1.8757038528108954,7.075733531786446e-05
25,490,-1.9721909922131546,3.704298302129928e-08
25,491,-2.201506144720489,8.386591132115227e-09
25,492,-2.3057731586998744,2.2882349028011603e-07
25,493,-1.9042845788949307,2.1212546837502697e-07
25,494,-1.8043358045489688,2.3325828217575384e-05
25,495,-2.148708564135408,6.90964487679493e-09
25,496,-2.2313372263046602,1.4192472298811381e-06
25,497,-1.9382302130798683,4.5678135428220205e-05
25,498,-1.6751456070825617,0.0001592296292736888
25,499,-1.5724988236239543,0.0016123515855134803
25,500,-2.0305786753644544,5.931148565996292e-06
25,501,-2.3583326096944397,1.246225266828968e-07
25,502,-2.4444453312407806,2.2899383947109642e-07
25,503,-1.4390464247811146,0.003697429816798775
25,504,-1.9067626435485172,0.00021135734657973414
25,505,-2.463743033598225,3.274249605840957e-05
25,506,-1.9908286513745903,1.653850803496481e-05
25,507,-2.7936173764711576,7.398327997038473e-06
25,508,-1.8304052102889505,3.802963605592864e-06
25,509,-2.3214595903713855,2.987331489567221e-07
25,510,-1.8084342858229245,3.9465871765600364e-05
25,511,-2.2031896994210074,2.3497686200921654e-08
25,512,-2.2562212892719122,1.2259710822813762e-07
25,513,-1.5939523575387486,0.0001602552063458067
25,514,-1.5680796308594713,0.00020700699668435436
25,515,-1.412780876910869,0.008303197503609123
25,516,-2.008538666879339,6.268864005283003e-07
25,517,-1.9747499642840616,9.24104880744293e-06
25,518,-1.6719978325764107,0.0020612377692724036
25,519,-2.113537547984998,2.189220001492273e-06
25,520,-3.1061986516349407,3.236053623114023e-08
25,521,-2.4393554875801575,3.578127213881535e-06
25,522,-1.5656318719858655,0.0007244531485689496
25,523,-2.791619681972981,8.670119190782124e-05
25,524,-2.648808371847143,3.2921650307399256e-06
25,525,-1.4452207193164774,1.0916681466845578e-05
25,526,-1.7290248630914569,1.4105092401609108e-05
25,527,-2.102270966391729,0.000234319420830068
25,528,-1.8341180112367503,0.004937015615427243
25,529,-2.116747429172352,9.287649170176325e-06
25,530,-1.4428845202500886,0.0009100084742298104
25,531,-1.4746836262908767,0.015056901825310675
25,532,-2.116578711883319,1.3263280953449693e-06
25,533,-1.8034232372139964,0.00024322459013360908
25,534,-2.1168404798853793,5.774733911643891e-07
25,535,-1.7541557805644574,4.566758513384783e-06
25,536,-1.9914789229129362,2.1784904161990993e-07
25,537,-2.662281700083576,1.679758557673786e-07
25,538,-1.9403723166323408,2.2931729205486084e-06
25,539,-2.1179563774073635,2.7705385052884254e-05
25,540,-2.640675567769902,4.402820656197821e-07
25,541,-2.136124181571722,8.959910744946076e-08
25,542,-2.59693345158965,1.1017732157670571e-08
25,543,-1.8932672982475491,0.00023280714380483723
25,544,-2.1569203391149,8.059709350119613e-07
25,545,-2.170737360688671,1.1983523600014878e-06
25,546,-2.2406050840121665,4.6958892666448556e-08
25,547,-2.1286465598489155,6.721025090363549e-05
25,548,-2.2071533904823353,5.442856120203295e-06
25,549,-2.0600034039738393,0.00010412304647360103
25,550,-1.7954089403665465,0.0001313771434739339
25,551,-2.106653285699296,8.739363676262708e-06
25,552,-1.739898875004279,2.570296497796836e-06
25,553,-2.1326780938879475,0.0001799900089393094
25,554,-2.537408203117117,1.056538273920427e-07
25,555,-1.9825412186613596,1.382304688555875e-06
25,556,-2.216502553911859,1.191702719462357e-07
25,557,-1.7289023271566828,0.000260723039209347
25,558,-2.347659484273662,1.8137906029091337e-06
25,559,-2.2037038322952274,1.4815386180726302e-07
25,560,-1.6221730219855388,6.073563383318967e-05
25,561,-2.217786682046326,6.575503960777355e-08
25,562,-1.748497973618555,1.4482532982868995e-05
25,563,-2.0540863694511113,3.106285541590073e-07
25,564,-1.8127709807263779,8.602069224545388e-05
25,565,-1.933217555241427,4.813105762776587e-06
25,566,-2.7615129595372876,2.6448263233193433e-07
25,567,-2.616688612085813,6.534055209002221e-07
25,568,-2.144738704593446,1.6601664681468058e-06
25,569,-2.4894820245767306,8.116361507379325e-07
25,570,-2.023127234040059,6.513234332675197e-07
25,571,-2.032618602333943,9.401795833966178e-10
25,572,-1.722147889214761,8.956362195064997e-06
25,573,-2.0658379865143104,1.1240848130503472e-08
25,574,-1.935331075447591,0.0002446078889291529
25,575,-1.6340420723830054,9.752578492075566e-05
25,576,-2.362429182716368,3.721862058291659e-07
25,577,-2.0785360315785866,1.063590992778089e-08
25,578,-2.4361969137477217,1.8401439164117826e-06
25,579,-1.7511821976377924,0.00046231118067432904
25,580,-1.699450551290111,0.00014871009561276923
25,581,-1.8636972572089876,0.0001686126294875119
25,582,-1.6027018707949194,0.00028766009749162395
25,583,-1.6314833824223998,0.0037267069937331806
25,584,-2.6722267245528712,1.4442897552219916e-07
25,585,-2.1245670817908797,1.1682189339455402e-07
25,586,-1.792494412283145,1.8017079672939226e-05
25,587,-1.8238071096716526,3.6056369514591814e-06
25,588,-1.996438916748633,8.816694877874835e-06
25,589,-1.756666449729793,4.543211339952709e-05
25,590,-2.0111645936669262,0.00020905063410259954
25,591,-1.5377477071766563,0.0006353684367517391
25,592,-2.6310055716583522,0.00012230055088715124
25,593,-2.173425166987199,3.0544969024516115e-07
25,594,-1.2508646680350939,0.014697903270095543
25,595,-2.469123738703968,1.2741357522972464e-09
25,596,-1.9368784676102582,1.6713119490768985e-05
25,597,-1.7785254480649684,9.48467435199738e-07
25,598,-1.916661378666067,3.7967335785140165e-06
25,599,-1.9972932747846004,2.2442226676673342e-05
25,600,-1.8054329402144536,2.2162874115915865e-06
25,601,-2.4496709909000325,2.0976545059439194e-06
25,602,-1.9582293607847623,2.5448592674316855e-05
25,603,-1.645750792224729,2.221796611656221e-07
25,604,-1.8616453981762442,0.0002009593076788996
25,605,-2.258325095305473,1.101192682426647e-07
25,606,-2.0974357590424306,6.006751555702236e-06
25,607,-2.157063323962581,1.5604481861599323e-06
25,608,-2.0791133315839767,5.210790447234947e-06
25,609,-2.0303978369319786,3.254039350958879e-05
25,610,-2.2893484302264175,9.04399047157816e-08
25,611,-2.1153265850206537,1.0761864520220078e-06
25,612,-2.221836604799834,1.9596360680150787e-06
25,613,-1.4458784114388363,2.0591937473239608e-05
25,614,-2.9931604809739594,1.243143900986261e-10
25,615,-1.8490892482031134,0.0001603408289765392
25,616,-1.4222525132734134,0.0014529442959590735
25,617,-1.893604132037698,0.0018791871934632305
25,618,-2.2137566225789147,2.0165960354747854e-05
25,619,-2.593665534729211,1.4868503294684841e-08
25,620,-1.8054458356344973,5.309978402084095e-05
25,621,-1.7580692562883327,2.252083786054424e-06
25,622,-2.5856002274350347,0.00035472213948239956
25,623,-1.7779409975124967,4.68639568895724e-05
25,624,-1.6178598935276476,6.655577283181886e-05
25,625,-1.8915032951708017,1.8900440474483162e-06
25,626,-2.4303223374384504,5.458277173354957e-05
25,627,-1.9948065693152133,2.806748476222193e-06
25,628,-2.4670134649755138,4.0409191658425334e-07
25,629,-1.6207933694732288,1.1381582461771895e-05
25,630,-2.087699303362429,5.671173078048886e-06
25,631,-2.711550053072921,1.7616682762899838e-06
25,632,-1.7491332593733464,7.073593950550449e-05
25,633,-1.8725716472516822,0.001987067743475378
25,634,-2.474636635107321,1.3386063787860174e-06
25,635,-2.011728941521336,2.265614685382093e-06
25,636,-2.5524473032780275,1.1144347273618417e-07
25,637,-2.319420566404828,4.2541071162820624e-06
25,638,-1.8666036776092785,0.0001073738749529483
25,639,-2.0912781492129535,3.5869656787951803e-07
25,640,-1.8141490906508722,4.021867797104527e-05
25,641,-1.813537002788948,4.051915749589017e-06
25,642,-2.1512706642454233,1.2420767215975346e-05
25,643,-2.2766893230941996,1.008999843910724e-06
25,644,-2.370077395330729,9.039191653170894e-07
25,645,-1.9992439051672024,2.546347640034685e-07
25,646,-2.3529170070965364,2.022127330727262e-07
25,647,-2.0809088852993605,7.654396504164052e-06
25,648,-2.1893677567044447,4.597448123750643e-08
25,649,-2.337955152191344,4.0626949551791376e-07
25,650,-1.9317217372591982,0.00018928803835565537
25,651,-2.470788796566901,9.957787073360864e-07
25,652,-1.9298588155237635,5.720172584256751e-05
25,653,-1.6700559251090352,0.00022042163279897096
25,654,-1.0296200398495996,0.07414355539717862
25,655,-1.6991609233438334,0.002923308981452725
25,656,-2.1167393747294883,4.847336472243668e-07
25,657,-1.9364359855181146,3.189385228343603e-05
25,658,-1.7088525980874003,0.00014627243113460311
25,659,-2.059464610788808,1.159514426188508e-06
25,660,-2.2735370832660076,4.8858865234522745e-06
25,661,-2.0721669980832393,5.244257366723647e-05
25,662,-2.2853895119534657,2.2133215726374113e-06
25,663,-2.013238214083178,8.167507548618719e-05
25,664,-1.8118192861163074,0.0001050273086902824
25,665,-2.4035895728115664,4.694767068593925e-08
25,666,-2.2103908734730173,1.3717720287576312e-05
25,667,-1.6878702781534987,0.0006147343986317413
25,668,-2.6501482737656747,5.483031414098474e-07
25,669,-2.496028897217978,6.791662675093083e-06
25,670,-1.4587302171468703,0.0001362029438917815
25,671,-1.7174563526215554,0.0030241907826077394
25,672,-2.023894690664351,2.565785181051539e-07
25,673,-1.8381544279868054,0.0003029448638435201
25,674,-1.3821839895401338,7.078121373355551e-05
25,675,-2.5432571687078003,9.845298067115828e-07
25,676,-2.3751352786158435,1.342714242113541e-06
25,677,-2.239054898988101,1.2740378524047584e-06
25,678,-2.2057219385728013,1.0190981751252389e-05
25,679,-1.9433834513804005,0.0001491012104712237
25,680,-1.7720606858300583,1.3631927787815474e-05
25,681,-2.6267017153486805,1.731620944956432e-08
25,682,-3.0319657598981555,6.086248925053283e-08
25,683,-2.7121456423741526,1.2781344069621227e-06
25,684,-1.7947738802892914,0.000474215528183817
25,685,-2.2312403597632606,1.571016328865525e-06
25,686,-1.5956831586893614,1.01640781758252e-05
25,687,-2.3060287939318433,5.188149322281979e-06
25,688,-2.145615710102116,3.1117203629485606e-07
25,689,-1.5862094921910526,2.667116832992549e-05
25,690,-2.9841976992286536,8.978423517371201e-10
25,691,-2.633638533188181,2.627871291611809e-06
25,692,-1.8932688430950306,4.487697730028759e-06
25,693,-2.4486778217981406,2.458656084640806e-08
25,694,-1.7902216202395937,0.009322934710882802
25,695,-1.3004911368685717,0.0014430923681207851
25,696,-2.044858349172606,0.00016437692426302488
25,697,-1.891274909453868,6.730310419009713e-07
25,698,-2.175943765732266,9.728533817137133e-05
25,699,-1.584568126825605,7.54171196282316e-06
25,700,-1.626256974779217,3.481608150815657e-05
25,701,-2.4803967307744648,1.1425991600010361e-06
25,702,-2.0780791637736895,3.0028310881610896e-06
25,703,-2.1250667807003207,1.1872976348714507e-06
25,704,-2.044178553946776,3.695530046403642e-07
25,705,-2.165815827244594,0.00031688597527454313
25,706,-2.2569763584603724,2.8362051671166587e-07
25,707,-2.2582672994730437,5.137232211133214e-06
25,708,-2.038693479530334,0.00012085344998395062
25,709,-2.21426804070831,9.71504523196254e-07
25,710,-2.1101054188777475,1.9016172805085326e-08
25,711,-2.020240554226355,9.841009505167778e-08
25,712,-1.7679706112720144,0.00011136159140320349
25,713,-1.5403190951362218,0.00046499204579402575
25,714,-2.5270013832860165,1.8600129629431316e-06
25,715,-1.8233698752388632,4.183101121242682e-06
25,716,-1.9493338789690249,2.0188305544438516e-07
25,717,-1.7625165463815682,2.420360600037603e-06
25,718,-1.6816895061707662,0.00023861321620468487
25,719,-2.5423364550688987,3.034584176368827e-08
25,720,-2.0784318418650507,4.6488153250660047e-07
25,721,-2.286427078228483,9.494551286605876e-08
25,722,-1.5525944974690962,5.153885238493673e-05
25,723,-2.0923732582416785,4.934486102112617e-05
25,724,-2.587886661124714,3.538659217791659e-06
25,725,-2.687054308416876,1.9475848205316608e-05
25,726,-1.6974222832926333,0.0001408512242217084
25,727,-2.0423954057669187,4.7469206750307835e-05
25,728,-1.8483862027653846,2.772333838516934e-05
25,729,-1.5598695236003906,8.70234618727404e-06
25,730,-1.8891399811416818,1.2881185073008123e-05
25,731,-1.4849766041650385,0.00019548619070120226
25,732,-2.1842804957484194,3.653021424644995e-08
25,733,-2.379166169689241,1.3536615423613236e-05
25,734,-1.924430550592823,0.0006798453026356414
25,735,-2.3584514254994753,5.010461744927077e-07
25,736,-2.381318352790261,1.4135747766331302e-05
25,737,-2.2559660580834464,1.3162242306211598e-05
25,738,-2.1865547841754074,2.5214418020877928e-06
25,739,-2.5240939416056465,1.96176317162447e-06
25,740,-2.354891160902854,7.922726216064104e-06
25,741,-0.8785086843540455,0.18738609925187963
25,742,-2.6779797499940967,1.2746037811909177e-07
25,743,-2.2734485770707122,0.0002494895593785572
25,744,-1.4232215239971513,0.0019330823990627544
25,745,-2.2238475898720464,1.853229157744238e-07
25,746,-1.728170449746779,0.002276226240689638
25,747,-1.610948886471748,1.3148562864576242e-05
25,748,-2.3248964271947203,2.600994938603536e-06
25,749,-1.7059009400174654,0.0008799221327337514
25,750,-1.5930408047328806,0.0036712759239315986
25,751,-2.1263361297152485,3.30061925421568e-05
25,752,-1.967703770284972,7.202103746928642e-05
25,753,-2.725175422833423,6.321253642119187e-06
25,754,-1.9054694390531708,1.2715421390747587e-05
25,755,-1.7964819886347918,1.2621844149774067e-06
25,756,-1.433013920097281,0.004781452654656667
25,757,-1.671077472671084,0.0002325277316226257
25,758,-1.6212243719583732,0.004577424065541614
25,759,-1.6598612550815934,0.008519423023278428
25,760,-1.876201971394095,0.00017434073814003796
25,761,-1.3708485657482727,0.0030048282884132926
25,762,-2.5079072933310655,9.776520277955797e-09
25,763,-1.6005490264991575,2.7145917171544318e-05
25,764,-2.245240561849637,2.4659994793819798e-06
25,765,-1.9340386221227917,7.439995293682334e-06
25,766,-2.9302465506323636,1.6099236428988227e-06
25,767,-2.4401439066908672,1.657512729513173e-07
25,768,-2.004164983313397,4.1690748331729315e-08
25,769,-2.200927222051069,0.00014743664397346692
25,770,-2.4228182204515836,3.0694561841329286e-07
25,771,-1.819857450025025,1.8284951967097324e-05
25,772,-1.89698205249746,2.8719338825525883e-08
25,773,-2.0173821653107593,1.6100379997784143e-07
25,774,-1.8563727658388798,0.001331274913721711
25,775,-2.333805421912336,3.488909890902506e-05
25,776,-2.314832310554541,5.560762154238153e-06
25,777,-1.7330154730047953,0.00041734473406036034
25,778,-2.5361844506712883,5.6636558263130776e-08
25,779,-2.151098212769268,3.247196003408226e-08
25,780,-2.1782643935106956,1.3590034751983728e-07
25,781,-2.018660664952455,1.073077479114049e-05
25,782,-2.1927789469825756,6.010008816337163e-07
25,783,-2.130698518306408,3.492976191825169e-08
25,784,-2.124833608053784,2.499377044615682e-06
25,785,-2.6924651602968304,2.1170607410986015e-07
25,786,-2.510958293848798,2.368665638346805e-06
25,787,-1.7866824098858434,1.5201091893136838e-05
25,788,-2.6151122654074106,1.1814960064513477e-05
25,789,-2.350033188865152,1.1214580878548185e-05
25,790,-1.9987660268213236,0.0005018346834451551
25,791,-2.6225224590134637,1.698152385386387e-06
25,792,-2.643399106748647,1.9080858052684254e-07
25,793,-2.2968437135091504,1.6497907338246603e-06
25,794,-1.8367613903674016,0.00011041868044382276
25,795,-1.7983042758951582,3.012870603323691e-05
25,796,-2.5643890323338594,4.254154555102772e-06
25,797,-1.964234924103895,0.0001889002235892764
25,798,-2.407475168342124,4.902902872167622e-07
25,799,-1.9255712462213364,1.05379145314565e-05
25,800,-3.06702624049,5.40510263255461e-06
25,801,-1.7181498329616307,1.383420162845884e-05
25,802,-2.283462256080017,1.46769752074033e-05
25,803,-2.0003123581926667,0.00014867559263355442
25,804,-1.9336534617549725,5.117942009915367e-07
25,805,-2.4560364370327283,8.861514840522661e-07
25,806,-2.0953221788907115,1.4283231566607817e-05
25,807,-2.0638806604261264,2.6435876478997303e-07
25,808,-1.952831663374174,7.456524516664e-05
25,809,-2.2231830080870596,6.167713525721586e-07
25,810,-2.145963360508877,5.808230044809728e-06
25,811,-2.2152801516056706,1.0225882460811755e-06
25,812,-2.9290993846102364,2.7982861815014976e-05
25,813,-1.7753198072715453,0.0008575429617351939
25,814,-2.04026560076423,0.00011801690345688899
25,815,-2.1014699411655817,6.957982480814499e-06
25,816,-1.551592417753188,0.0011432385068153663
25,817,-1.610806167549491,8.195737954064581e-05
25,818,-1.8700929593342677,0.001983502195698946
25,819,-1.3659878437151018,0.005466265850896118
25,820,-1.5643164094182866,1.426901494371166e-08
25,821,-1.7993794189027446,0.00012711759585445545
25,822,-2.1088004851034556,2.8339732733006104e-05
25,823,-1.8628898696917462,1.7999642268324406e-05
25,824,-2.577851994804629,1.611779464564866e-05
25,825,-2.1606968089095417,5.152294889169987e-06
25,826,-1.6335824236785577,0.00012255397089378322
25,827,-1.505898543869165,0.013001227282142843
25,828,-1.4287826856033243,0.00022646883738994817
25,829,-2.3267894789499257,1.3998219945498359e-07
25,830,-2.042214016225425,2.5877581146024016e-07
25,831,-1.4569185697094742,9.085145636638575e-07
25,832,-2.2627415748074435,6.406605579655991e-08
25,833,-1.8413512952280584,0.00029211904133017537
25,834,-2.194151781823836,1.289058175335098e-07
25,835,-1.6327348360492557,2.4293756949118027e-06
25,836,-2.347540378827535,5.032077279004649e-05
25,837,-2.5954974523783934,1.847896539343174e-07
25,838,-1.725146676332657,1.0431446955170276e-05
25,839,-2.1092987616798773,1.5088998041416704e-05
25,840,-2.2328819680224514,1.4080229568221738e-06
25,841,-2.569113693712686,4.1972483341618573e-07
25,842,-2.280036823455257,8.478549586104325e-09
25,843,-1.741530237258785,2.814203242924136e-07
25,844,-1.73609364617195,7.391641423386213e-06
25,845,-1.927537245572954,3.395777274105882e-08
25,846,-1.345342356336638,0.016953110578131998
25,847,-1.6846187558314591,1.867708894519651e-06
25,848,-1.8678313044606232,1.3403858136899382e-06
25,849,-2.5250466621822643,1.4210176694075069e-08
25,850,-1.574400594678651,9.081699378857006e-06
25,851,-2.673273412717562,2.038064704732066e-08
25,852,-2.3448913335986354,6.287070481692034e-06
25,853,-2.240631370505783,8.490211679776367e-09
25,854,-2.2929768908516843,1.7652037818696306e-07
25,855,-1.5510294672027838,7.661280375074314e-08
25,856,-1.694899207446678,9.297145557784959e-05
25,857,-2.1301321110806604,0.00012593442829022204
25,858,-1.3274480671959425,0.0018472918847838588
25,859,-2.1524083783763373,1.224792047862976e-06
25,860,-1.402097036710778,9.736785659473744e-06
25,861,-2.170252265836134,1.1684190854544023e-08
25,862,-2.2940479723631375,3.403242002564131e-07
25,863,-1.742524081292851,0.00036011087713298513
25,864,-1.900948953034141,1.0313104881549803e-05
25,865,-1.802730066651895,0.00023602628614371462
25,866,-2.4042716240474418,9.146924080010144e-06
25,867,-2.3997913751222266,1.6384256217892684e-06
25,868,-1.9312926366232919,0.00011389169227276481
25,869,-1.639104306430121,2.2610886846065475e-06
25,870,-2.317461589492865,4.499301541334958e-06
25,871,-2.8211466694119665,2.1570131253988281e-07
25,872,-2.1623743062675684,3.648938413899108e-07
25,873,-1.8756855215986654,0.00023312400099589952
25,874,-2.5625652073387277,1.215640698127682e-06
25,875,-1.6669964493886784,0.0027918888392617015
25,876,-2.3261475485212353,5.598588603918334e-07
25,877,-1.3146476999330758,0.004392185044484099
25,878,-1.7882836711680117,2.4269831685723306e-06
25,879,-1.930930161757825,0.0004747675174956216
25,880,-1.182868769174271,0.0008785464281304379
25,881,-2.0220103013662127,1.6055469122883286e-06
25,882,-2.2238750745158704,2.869932306419222e-07
25,883,-2.09020660616925,3.9658675407035785e-07
25,884,-2.521948782459947,7.600571162089843e-06
25,885,-2.2194579138495074,5.352027965765143e-06
25,886,-2.2493781155004875,7.392974676329628e-07
25,887,-1.7916001302151914,0.0008311172964715244
25,888,-1.3446566511974192,0.010321575922563619
25,889,-2.142069279125897,3.592204786406585e-05
25,890,-2.1564520095175244,5.538380623196788e-07
25,891,-2.363311439816316,3.3932069218179094e-05
25,892,-2.7539826972371033,3.4453207171978286e-05
25,893,-1.477714097667917,0.00011860965049863022
25,894,-1.9392035829056988,1.0869079340986977e-05
25,895,-2.4727019973070776,3.817575051763374e-09
25,896,-1.8112674254660943,1.4809103724554972e-05
25,897,-2.4260004569953777,1.5783206299313716e-05
25,898,-1.5893541772728854,0.0004879992594693193
25,899,-1.990882639156089,1.2325246270528383e-06
25,900,-1.9376273456543984,9.489594536309284e-05
25,901,-1.789926143151349,0.00471369979958943
25,902,-2.0362719206352713,0.00043400796972179677
25,903,-1.8462730724684162,1.1806831598143227e-05
25,904,-1.13737900089067,0.0025825704334568496
25,905,-2.0035699168395826,0.00012745971582862515
25,906,-1.9546564876696904,6.131109082842013e-08
25,907,-2.1972304667710887,4.2696529845425785e-06
25,908,-2.9953260715522263,8.812407803961946e-05
25,909,-2.2184226037839974,9.60154821651961e-07
25,910,-2.022893858249156,0.00010835933338244213
25,911,-2.363001941829709,5.13160750345239e-07
25,912,-2.47510807243384,3.7485183342358326e-06
25,913,-2.3576501128453513,6.431728085131794e-06
25,914,-1.4260630915221366,0.00014976791299030568
25,915,-1.7359263754236034,7.262687576605702e-06
25,916,-1.798917478079506,0.0003411376383372095
25,917,-1.7060348414071198,5.500976496676811e-05
25,918,-1.7938101678600384,2.060409387199799e-06
25,919,-1.8838210916152973,0.0002663975369590941
25,920,-1.520763499259112,3.4343682474409424e-05
25,921,-1.8180483290916598,0.00020401324677528555
25,922,-1.8161240801998373,0.0002053739434199027
25,923,-2.429695586698446,0.0001951277321558673
25,924,-2.497422962853539,1.4160559079288327e-05
25,925,-2.2137594855707303,0.00019231912742051672
25,926,-1.6328981923016253,0.0012893893887006092
25,927,-1.8950852249225614,8.648171720418351e-07
25,928,-1.7615344733854776,1.3004059210884821e-05
25,929,-2.2374285131374325,3.4502998387350246e-06
25,930,-2.5714555035154456,4.594441945544337e-09
25,931,-2.0582548063190433,0.00030653073023037406
25,932,-1.9322827021722109,5.394938254171533e-06
25,933,-1.9436391949048129,2.2951435609066865e-05
25,934,-2.3014376691770897,0.00011964745381639844
25,935,-2.605774889485498,7.286071723782407e-07
25,936,-1.9999260613090692,1.279456155090221e-06
25,937,-2.085176147660494,0.00015150115507505573
25,938,-2.141528262924038,2.3564949171939873e-08
25,939,-2.073134481765461,4.6582626151080166e-06
25,940,-1.5251518081409454,7.413474520748591e-05
25,941,-1.533835688123017,0.001197184463983674
25,942,-2.404241816152279,7.207925161980685e-08
25,943,-2.1086912151585553,3.456118657267197e-06
25,944,-1.8831012861509642,5.474351195273129e-06
25,945,-1.9345931815253143,2.277270096203252e-06
25,946,-2.0470877076549456,8.002948514238882e-06
25,947,-2.698947922417931,7.361083952785235e-07
25,948,-1.9781475774057178,1.04262863876418e-05
25,949,-2.3850948611583034,3.6350520707164034e-09
25,950,-1.932073867938911,0.0009036240229120656
25,951,-2.1537868878120854,2.3226629239484695e-06
25,952,-1.518241010828695,0.0001454746937711709
25,953,-1.4244426506684071,0.0022856130586964805
25,954,-1.454930567653597,0.005662153580113824
25,955,-1.7283350286853052,0.00011616030945409409
25,956,-2.053309438525189,5.505585919370885e-07
25,957,-1.9404907017036956,4.984077510666186e-05
25,958,-2.755171004019373,0.00013019237931528622
25,959,-1.889319569491307,0.0025645763440510154
25,960,-2.3494776141972684,4.938150141115899e-07
25,961,-1.9929203893364065,2.953415368520839e-05
25,962,-1.8817819375134501,4.8223780440759573e-05
25,963,-2.317242541267845,2.738717016657808e-07
25,964,-2.402952469309727,6.690347216254259e-09
25,965,-1.7921995918183455,0.00011178535310633859
25,966,-2.7078355028006764,4.48703760078497e-08
25,967,-1.8343320639702974,7.023765264296914e-07
25,968,-3.001276576261918,2.8117403583335887e-08
25,969,-1.624087986703584,0.007975285833293981
25,970,-1.7764894667967255,0.00017338296409649516
25,971,-2.165346942814012,5.509451134445116e-07
25,972,-2.086727236371373,2.9855112803619726e-06
25,973,-1.6061500823939694,3.439252711857508e-05
25,974,-1.9675470383504274,4.705363637195904e-07
25,975,-2.2544984827969126,2.0117487111725956e-05
25,976,-2.0163644920607218,9.380515004919295e-07
25,977,-1.9529962373791312,2.4032896334839514e-05
25,978,-2.3472972623571167,0.00013388804000796144
25,979,-1.8957434368068924,6.563610845471124e-07
25,980,-2.1519877743138953,4.149233030472077e-09
25,981,-1.9442763427501024,1.4724507841512575e-06
25,982,-1.56061300994811,0.0068699806939397
25,983,-1.8978330764416462,1.1458596489880517e-05
25,984,-2.259690958632186,9.941953488053145e-07
25,985,-1.9367846545962646,1.897826195193814e-05
25,986,-1.4510635686203628,0.0006745580123670446
25,987,-2.7053923413910232,1.6837904641851123e-07
25,988,-2.782689438188462,1.400277393221706e-07
25,989,-2.3154684180704033,7.11091005723139e-06
25,990,-2.3441285954429194,7.235635868593927e-07
25,991,-2.07234577656219,0.0005025642826633025
25,992,-2.485060130418777,4.148707258178512e-06
25,993,-1.430705097535247,0.0015353048359736936
25,994,-1.9621298032622185,3.5629414453549536e-07
25,995,-1.7114991030341935,2.9115994468021695e-06
25,996,-2.271497473892519,0.00016726845070042098
25,997,-1.9271941573672597,3.542717755817341e-05
25,998,-1.5980976572448036,6.985641014814107e-05
25,999,-1.8458495076690076,2.3864206193856686e-06
50,0,-1.7357235737195404,6.205292981721555e-11
50,1,-2.121056603311879,4.320027970482382e-11
50,2,-2.2002165578114345,1.1067679400090193e-10
50,3,-2.4369085927895426,8.41225464137883e-16
50,4,-2.3129729471380713,4.086522643120934e-12
50,5,-1.8138411272352624,3.557343475784885e-08
50,6,-1.704158057750563,2.1188514648697157e-10
50,7,-2.1607899559267336,7.599789876557304e-11
50,8,-1.2519054560873162,3.4210188841931695e-05
50,9,-2.0126628485203284,1.3629511268758242e-14
50,10,-2.126834215500171,2.4227828252567873e-09
50,11,-1.6660517167567255,8.160788735194321e-07
50,12,-2.2497101854998176,2.1171447900489158e-14
50,13,-1.9165204751233311,6.858866764749581e-09
50,14,-2.1128408718607767,1.0408682289496013e-09
50,15,-1.992765993225472,7.354065342204661e-12
50,16,-2.183757113215849,1.7804050417692237e-13
50,17,-2.2832598886068407,5.132684604803941e-15
50,18,-2.3060825039215302,3.757469540493236e-13
50,19,-2.093036419894097,1.3862517344237142e-10
50,20,-1.8728901699231262,1.0282256340252886e-12
50,21,-2.04239804196693,4.407466064952108e-11
50,22,-2.3983997102032957,2.255735201361325e-12
50,23,-1.858126933244935,1.1846627410534289e-07
50,24,-1.8170521117628562,6.5389117731900265e-12
50,25,-2.320553281192246,1.2305872838509629e-11
50,26,-2.256771595625147,2.459046182568566e-11
50,27,-1.9713775107767488,1.4123714988658389e-11
50,28,-2.1122939507508933,5.539733294432312e-13
50,29,-2.2623194983445476,3.1776230469243556e-12
50,30,-2.08070376797179,2.0409016876780818e-13
50,31,-2.057373365387341,3.6033675284227356e-10
50,32,-1.9597564979281588,9.150532240124724e-11
50,33,-1.7969565793725781,1.1161804874036648e-12
50,34,-2.6070119478059057,1.823955400379071e-16
50,35,-2.2170405805298525,2.1278637935552378e-13
50,36,-1.845350529563115,4.753309612042345e-10
50,37,-1.989605989009319,3.792849588486819e-13
50,38,-2.159515321513065,1.3263443288686768e-10
50,39,-1.8515708528996013,1.639526097939404e-10
50,40,-1.6974072234966435,3.0814463064956417e-09
50,41,-1.7026740107214149,4.733329561039692e-09
50,42,-2.422966448891674,6.88857021845415e-12
50,43,-2.311230569832375,2.686188986738107e-11
50,44,-2.27956316373777,2.1503727456350157e-10
50,45,-1.9949272681867978,9.034352219569736e-12
50,46,-2.318084317211235,7.933725041414632e-10
50,47,-1.7478625228603422,1.3846774719064477e-09
50,48,-2.0053174876630755,8.095012019069808e-13
50,49,-1.5787055463109265,1.772315493231676e-09
50,50,-1.8413922475489164,7.90930928890544e-10
50,51,-2.0060387304779734,1.0737273106406127e-14
50,52,-2.0802574335617194,2.9638248518007586e-12
50,53,-1.9782430146034047,6.686341042623092e-09
50,54,-2.351259498334379,1.4088422646042408e-12
50,55,-2.4725111092356538,2.579365450215796e-12
50,56,-1.9474839809972977,6.219510052855639e-09
50,57,-2.399548141898812,7.420741533618185e-11
50,58,-2.327804138200939,4.380963434107255e-12
50,59,-1.7716243620209076,2.4006817073719817e-11
50,60,-1.9546362150481933,5.18917824650531e-13
50,61,-1.8739842115081808,1.9832381405051045e-11
50,62,-1.9476358839624641,4.865872961427199e-12
50,63,-1.9722593169062828,6.567956762182757e-11
50,64,-2.0079548395054125,2.877009944533469e-14
50,65,-2.363211711375553,4.77918242549119e-17
50,66,-2.013587389537121,3.001719510036086e-07
50,67,-2.052821484170365,6.167477317581948e-11
50,68,-1.8967926230615575,2.604391899490789e-09
50,69,-2.5182091478041677,9.094518634976967e-15
50,70,-1.779816534868977,1.9445065445043604e-07
50,71,-2.094546035020997,2.0899626105444652e-11
50,72,-2.1725517176496787,1.2222984675624965e-12
50,73,-1.8086599315872087,2.53743208550341e-09
50,74,-2.072814074908994,1.4198414685870543e-12
50,75,-1.6074402868669448,3.7705151543666785e-08
50,76,-1.8319306841734493,2.4429847858448365e-11
50,77,-2.1881834954767045,1.6967628378311951e-12
50,78,-2.139092251124769,7.021241395995501e-15
50,79,-2.116033808204689,4.44685492867264e-14
50,80,-1.9357116538436285,7.35986262713727e-09
50,81,-2.4096234688617604,2.1162651624244086e-12
50,82,-1.672549239440798,4.88842050158536e-07
50,83,-2.2878770722261548,8.186461449811889e-15
50,84,-1.8353669450743606,1.0415295435940745e-08
50,85,-2.161360010527442,8.677039655872409e-15
50,86,-2.188898451253859,7.35246152043076e-12
50,87,-1.9722553255867368,3.584098975305711e-09
50,88,-1.6729757717355218,1.4533586669748342e-11
50,89,-2.1815169755585986,1.6478982768224142e-15
50,90,-2.4597456581581776,1.301006335135612e-13
50,91,-1.816216312490007,3.4290138183654157e-10
50,92,-1.8748678822186529,1.7651136885377484e-09
50,93,-2.3564373395048595,1.0762764637001418e-13
50,94,-1.8603379521555992,2.4164385441230814e-09
50,95,-2.2517977047005147,1.8336507448806047e-15
50,96,-2.0821692498229414,2.8255506311014043e-15
50,97,-1.946699791333665,5.64640732902101e-11
50,98,-2.0338294864882687,2.182002889752879e-12
50,99,-2.1291913822044384,4.7385506826978985e-12
50,100,-1.4988235784327406,1.222502172574985e-06
50,101,-2.211255528717736,1.2428992887992242e-08
50,102,-2.4417296015538357,1.8509427743841937e-12
50,103,-2.1565815761185023,1.7547126330584406e-10
50,104,-1.8913858271841404,3.6056063847064857e-10
50,105,-1.861512177015351,1.1929303326676175e-09
50,106,-2.128897303652795,7.676971167333655e-13
50,107,-2.3273178296144823,4.393790663231772e-13
50,108,-1.9431793372666677,2.4387017513128732e-15
50,109,-2.101877412909254,2.3894261863375203e-10
50,110,-1.6887325872475776,3.1060062248627586e-10
50,111,-1.9220969878907912,2.951149616212507e-08
50,112,-2.192075771159047,4.228283105936869e-12
50,113,-2.455250001795629,9.790041851079068e-14
50,114,-1.978516075966322,1.868045918326902e-10
50,115,-2.1352680994758764,1.418203191723934e-12
50,116,-1.9908208570404966,4.7340910161426525e-08
50,117,-1.8500312489249113,1.796909311617069e-10
50,118,-2.581311386379289,6.46393349929988e-14
50,119,-2.2172230866933536,1.7469203074848828e-11
50,120,-1.8010974401181326,2.705892904587542e-07
50,121,-2.092950231812055,4.578700809581829e-13
50,122,-2.050697627202342,3.2162853885903035e-08
50,123,-2.0781869275404574,7.804029386008074e-11
50,124,-2.091159009632455,4.892709427035771e-09
50,125,-1.8846863646952956,7.415804190254513e-11
50,126,-1.9159395387937304,9.607554824893485e-08
50,127,-2.272809822184535,3.252509043602938e-13
50,128,-2.148018912587002,4.471600779073176e-10
50,129,-2.1481610299331475,3.2307274417529027e-12
50,130,-2.1031911713624596,8.685272304467338e-11
50,131,-2.108708197368461,8.72100330971544e-11
50,132,-2.073206661159996,5.588119733859536e-10
50,133,-1.9549606957387988,1.2893864924337145e-13
50,134,-1.7765616820944725,4.1667193661168486e-11
50,135,-1.553535928499941,8.105896568241479e-09
50,136,-1.9792785934910677,1.6223050270753222e-06
50,137,-1.9892567653910342,1.6967944203675066e-11
50,138,-1.8756024546315846,2.7282224195375976e-10
50,139,-1.9647156530981071,1.3054281813238717e-11
50,140,-2.151717185865091,1.8570294286153672e-12
50,141,-2.225170880248762,3.0729328341875805e-15
50,142,-2.08051445826075,8.43323633894048e-11
50,143,-2.238483352169906,5.599683903280982e-11
50,144,-1.8942813380091286,1.0840068923919078e-14
50,145,-1.9482205634420335,1.7997256642511004e-11
50,146,-2.069197215442168,1.8291955619871767e-11
50,147,-2.0510320558914863,8.138083264532089e-10
50,148,-1.8494225736648309,6.301570477809555e-07
50,149,-2.031324120288091,2.06792949043403e-12
50,150,-2.4815768508605798,6.430864295502294e-16
50,151,-2.1380922996924143,4.521332259753823e-12
50,152,-2.224897693178967,3.044584813856862e-12
50,153,-1.9818336247345743,5.851574721210722e-11
50,154,-2.257659963474044,3.0307476852704445e-13
50,155,-2.394517569257725,1.7052581900310393e-11
50,156,-1.6893840304958303,3.9257459691343866e-09
50,157,-1.646219055341935,2.883421449821838e-06
50,158,-2.0594502521083715,4.5925012047717657e-10
50,159,-1.929986754408504,1.2971122325783876e-12
50,160,-1.944739165731912,7.350236842861199e-11
50,161,-1.9936314205039887,5.587190640625305e-16
50,162,-1.9148242421591446,6.554422179937676e-11
50,163,-1.7097454269903478,6.875578581988472e-07
50,164,-2.1185892731755613,2.10490457353663e-09
50,165,-1.9285528396743405,3.098412590246416e-13
50,166,-1.782105204703174,3.2947628537609495e-09
50,167,-2.1153104595307095,1.1521970204632883e-11
50,168,-2.238339345941842,1.0061093748931021e-13
50,169,-1.8250408278143668,7.106982048459575e-09
50,170,-2.27681329756634,2.1582449740815224e-11
50,171,-2.1432255115613215,9.913160391958001e-11
50,172,-2.0430392718642807,4.36848201101864e-12
50,173,-2.4337062166529932,3.340256065513392e-15
50,174,-1.7807234103714293,8.161657055292314e-07
50,175,-1.9073152800647426,3.7399898763662757e-13
50,176,-1.853810503753797,5.2767648588871954e-11
50,177,-2.242998575825503,1.3592866306009745e-11
50,178,-1.7514793309031358,2.0894875578255295e-07
50,179,-2.2563961716557825,1.3677053195210479e-14
50,180,-1.6764153639103831,3.96132505121448e-07
50,181,-2.200314609455985,4.3863645321567744e-11
50,182,-2.362351091505645,4.847509815922079e-15
50,183,-1.61216581956083,2.283910278542175e-08
50,184,-2.3296354373696646,2.4066541441433763e-12
50,185,-2.3771150083928756,3.062505580602622e-14
50,186,-2.0723102352554426,4.686775430305946e-12
50,187,-2.04884564139359,1.4563910080658176e-13
50,188,-2.400590295287528,1.6187107173991875e-10
50,189,-1.9826657005077566,1.4748504058488785e-13
50,190,-2.190807068379688,2.9981624733471084e-10
50,191,-1.6337883553347812,5.696026517173358e-10
50,192,-2.1579994761304038,1.29919317628633e-13
50,193,-2.1248645224006744,2.3829739873355112e-11
50,194,-2.0310475889220223,3.290601481299657e-11
50,195,-2.1026779188791958,3.93855983609464e-12
50,196,-1.6587546806881797,9.948188809370473e-08
50,197,-1.1122644137904292,4.434779412655434e-05
50,198,-2.017247745193204,4.940525960823049e-10
50,199,-1.9930934598875174,1.3166142612424669e-09
50,200,-2.2062434032558524,3.118769329157191e-13
50,201,-2.115328033781134,7.520003390976496e-11
50,202,-2.4170884534604538,7.88322140383307e-12
50,203,-2.1612867754081035,2.1666997088388938e-13
50,204,-1.858110722063281,5.90418821788183e-11
50,205,-1.955434661647752,1.7250097417584601e-09
50,206,-2.1149791549894648,6.13386429758388e-11
50,207,-2.6254316876591965,5.250487950919197e-13
50,208,-2.0664467478325395,2.3167325214781126e-11
50,209,-1.8307046557612763,2.8065074505101876e-10
50,210,-1.8841846399114681,3.8348198022478616e-10
50,211,-2.5357242372012028,4.8739440213359515e-15
50,212,-2.0291209285906513,1.8545987316839198e-13
50,213,-1.8519391585058527,1.5003353071807497e-11
50,214,-1.641614993160589,1.905751038290486e-07
50,215,-1.8078245854663857,3.135790933943389e-08
50,216,-2.0434050187097745,1.111207196666758e-10
50,217,-1.8933739439225592,2.9299479482979947e-10
50,218,-1.640913706260032,1.0807224134875166e-08
50,219,-1.5585392072645012,4.449089259787025e-06
50,220,-2.121359468607242,1.8157984107307359e-12
50,221,-2.323472537550958,3.8605308432431594e-12
50,222,-1.8764843683748342,1.6984640477521108e-10
50,223,-1.8659117416533508,6.950492554748388e-10
50,224,-1.6801738063526566,2.208812856691508e-10
50,225,-2.6561825856339984,1.3985106073339907e-12
50,226,-2.180717964851153,7.352961538737637e-12
50,227,-1.762132354006238,8.860098545480765e-09
50,228,-2.1785496061367073,3.7062390672212633e-16
50,229,-1.9386821280513296,4.868213400220884e-12
50,230,-2.077599001483689,1.2795349358914846e-13
50,231,-1.8360416069651189,8.423098857360133e-11
50,232,-1.9926120520794175,5.068181012195981e-10
50,233,-1.7258128994654127,1.2487011568368813e-11
50,234,-2.5415400300765167,6.717920256096512e-13
50,235,-1.9595996062189425,5.530082308554581e-09
50,236,-2.257562957447609,1.8987785538725624e-12
50,237,-2.6438717980295054,2.074299143106771e-15
50,238,-2.3089377565255265,3.6820263425112646e-13
50,239,-2.1209247988642446,3.0702382894082983e-13
50,240,-2.1504086510091858,3.477491282420883e-14
50,241,-2.1442308543936726,2.0292634065177539e-13
50,242,-2.0586092799496853,1.148125677021745e-14
50,243,-2.194623198174244,1.4331827578175633e-15
50,244,-2.2190747394252917,1.1461498630776184e-08
50,245,-2.5063784418031565,8.784896744357316e-15
50,246,-2.1707902992491412,1.4067648257220164e-10
50,247,-1.9264169356796401,1.0988632586400011e-12
50,248,-1.884583972141062,1.34491939099287e-12
50,249,-2.1251327570672354,4.809852770084885e-12
50,250,-1.481279098864066,8.498101592151569e-07
50,251,-1.9938778462496858,5.953254742509423e-11
50,252,-2.204545079231793,3.190691470281671e-13
50,253,-1.9488996947158634,1.500920578158845e-09
50,254,-2.101269358173501,1.1135418274741164e-11
50,255,-1.9394452385575134,1.6518583420248037e-15
50,256,-1.7613170482131908,4.917490558019316e-12
50,257,-2.3761391141817025,7.249347633566972e-10
50,258,-2.2824022621967464,1.0471353856874181e-13
50,259,-2.390868225374046,6.5473975711665716e-12
50,260,-1.8737235269641976,1.0459272224409675e-10
50,261,-2.4990845839641347,4.9565606759098265e-11
50,262,-2.2110576085380984,7.265744873774243e-13
50,263,-1.8260897686170274,7.195496718700582e-13
50,264,-2.2310881345840103,1.0188580276814044e-11
50,265,-2.3837040874278133,3.533161595840637e-13
50,266,-1.3887963128595384,3.7028277152899483e-09
50,267,-1.6646871137416648,5.992170329378253e-09
50,268,-2.3484405946954965,8.831212983078173e-17
50,269,-1.91509156118265,2.575848883985924e-09
50,270,-2.496098233903745,1.861819308567097e-11
50,271,-2.281154282438938,3.2038683208018306e-12
50,272,-1.8785583275345807,6.075029371535999e-13
50,273,-2.029143941195535,8.535347379355979e-13
50,274,-1.3758962855097598,1.3876441704726073e-06
50,275,-2.215542467997551,3.844756999604924e-15
50,276,-2.2793411849861975,4.6981467566165044e-15
50,277,-1.7645567059391007,5.509892285956873e-09
50,278,-1.8210776301142984,3.1167795846311714e-08
50,279,-2.0739032293886197,1.780840688121701e-11
50,280,-1.6858288708402123,1.9770451652980028e-09
50,281,-2.447959900363622,1.578223407607151e-13
50,282,-2.20098660842209,1.9967325455915662e-11
50,283,-1.8878660715836908,1.6681224029041083e-10
50,284,-1.9544896188450531,6.747776641207545e-10
50,285,-1.8055820981821364,4.7669635261100285e-09
50,286,-2.014707321919965,3.960175973831563e-12
50,287,-1.9824349941914425,2.4334052796392644e-11
50,288,-1.8075405496455552,1.2326440448309761e-09
50,289,-1.8709404584264808,4.319126193750067e-09
50,290,-2.1036010251917423,5.207527019388292e-15
50,291,-2.1434266040369687,5.375867098657356e-10
50,292,-1.8218483565791397,4.503587307700191e-09
50,293,-2.0038354598397357,7.361668541495249e-16
50,294,-1.7075730797814543,1.584173116990465e-10
50,295,-2.318250584648994,2.9282351934266765e-12
50,296,-1.7163886550347867,1.0217993350332905e-09
50,297,-1.8247414376597693,7.441080927041361e-08
50,298,-2.1167291627468163,7.414314281610504e-10
50,299,-2.174589598207853,3.9475829945441686e-11
50,300,-1.989295987394084,8.187294027580051e-12
50,301,-2.1397969826584538,3.4325595716230805e-14
50,302,-2.3332741368881065,1.2569809326119673e-09
50,303,-2.17058517615902,1.0856503407060669e-14
50,304,-1.7776713134641478,2.470937514319944e-08
50,305,-2.1903119110049403,4.804711825667152e-10
50,306,-1.7152468877704399,2.6175504588523467e-10
50,307,-2.008930813251295,3.159915036681739e-13
50,308,-2.5532426774230594,1.827310472126401e-13
50,309,-2.14098450824346,1.2163213776196435e-14
50,310,-2.1191177414074662,6.193755262317359e-13
50,311,-2.3023967168832016,6.280367930477222e-16
50,312,-1.9417493050963115,4.693661128563901e-12
50,313,-1.983448814965218,5.820549803942398e-08
50,314,-2.235295451666512,9.307054574247713e-11
50,315,-1.8677852259083245,2.698449135727079e-09
50,316,-1.8218500053986215,5.3233299522968293e-11
50,317,-1.6124819053698536,4.0498361337912964e-08
50,318,-1.8706705206582468,3.421672946488037e-10
50,319,-2.1388519209796115,2.1008832438791366e-14
50,320,-2.535134355574198,1.2584746663340745e-12
50,321,-2.0285279255014617,2.0553080209309664e-09
50,322,-1.9427488059788383,8.340985268159612e-13
50,323,-2.1160993065534086,3.139136096668691e-13
50,324,-2.0914333775846714,2.693117181880161e-13
50,325,-2.141602554054094,3.0634463680106555e-11
50,326,-1.61497362873377,4.071830616985044e-11
50,327,-2.0134375222671803,2.7932248061161425e-10
50,328,-1.949616133379163,9.065300829639708e-12
50,329,-1.9255117177172663,4.418484815428273e-12
50,330,-1.820621681578964,2.769835656811371e-09
50,331,-2.111085225802703,6.442192895673025e-11
50,332,-1.9547038419446636,1.423122367883494e-10
50,333,-2.0338931002224596,4.010540202351634e-12
50,334,-1.892084577218105,4.951810183150712e-10
50,335,-2.362493327471223,4.175747386447506e-14
50,336,-2.4259444855169967,8.060359947983385e-14
50,337,-1.997025167050408,9.200180245166864e-13
50,338,-2.2168007974553,8.444766945843928e-10
50,339,-1.8484968408625102,1.1205814948307529e-09
50,340,-2.117075254309846,1.7242308504990806e-12
50,341,-2.6013809655157782,1.7488165756026275e-13
50,342,-1.9989813503683083,1.1743122172549351e-11
50,343,-2.3112978012986636,2.0143281259573433e-13
50,344,-2.3809319014546384,2.085598382891727e-12
50,345,-1.9666461220630271,2.7537650935021125e-11
50,346,-1.9074793164058974,5.380221189214853e-09
50,347,-1.7340254087086402,5.546949140120244e-12
50,348,-1.9996000573479566,5.228795531841654e-11
50,349,-1.806961174621934,1.7832838941553887e-07
50,350,-1.7727231832450103,1.1245037715785203e-08
50,351,-2.014564859199254,3.584564727777977e-11
50,352,-2.4458415141659127,1.5390506640650373e-14
50,353,-1.6874745611298287,2.536349126383083e-07
50,354,-1.7641615571556626,1.4906990507688647e-09
50,355,-2.3604773369869916,2.29174554695192e-13
50,356,-1.826448391723373,1.3510351701912933e-09
50,357,-2.154741165942795,7.37734398258495e-13
50,358,-1.6885999854789002,5.1306779432137975e-08
50,359,-1.9640527021747776,1.171380277812763e-11
50,360,-2.0339894993067293,3.6514370353082254e-08
50,361,-1.9630746967353154,1.4891044786425663e-09
50,362,-2.343533776852266,1.2151760451164453e-16
50,363,-2.28499284228986,6.586412621792194e-17
50,364,-2.171792009206957,4.4624088893539735e-13
50,365,-1.9566418753852837,4.352130581596916e-09
50,366,-2.058771674984679,4.4141571696760557e-13
50,367,-1.9379739797697324,2.894433428361095e-12
50,368,-2.51118408354896,1.1538861099170455e-13
50,369,-1.758543825973999,1.879468212587535e-08
50,370,-2.0036542641325923,9.418251454520898e-11
50,371,-2.3505741978476715,1.9713946328607195e-13
50,372,-1.6002946188142193,1.090300979300178e-08
50,373,-2.1007883521575503,7.439894534727719e-12
50,374,-1.9913857019809456,2.8931236575049687e-12
50,375,-1.8696353308327525,8.488665614515467e-12
50,376,-1.459599995489409,2.11939694562982e-07
50,377,-1.9710116252151924,6.935691955644771e-10
50,378,-1.7175551637869253,8.677973988920085e-08
50,379,-2.0809334074400727,4.1607246932245926e-11
50,380,-1.7628773569205638,3.782970215873679e-10
50,381,-1.889177299877117,1.2866354414975958e-10
50,382,-2.4016909863971767,3.452933598102066e-12
50,383,-1.5640462019689316,1.3372622507323942e-08
50,384,-2.4929488153992265,1.485837413135139e-12
50,385,-2.1384053853652008,1.3475133541059502e-12
50,386,-2.1244309856238806,2.137797392667684e-11
50,387,-1.828359649982648,1.551433832252471e-10
50,388,-2.115837567672342,5.193765112335076e-14
50,389,-2.398820079955889,9.366799871628265e-15
50,390,-2.0774539721752436,9.941481898220851e-11
50,391,-1.9563341485858405,3.2445936072025504e-10
50,392,-1.9033833816746606,3.80573944767703e-12
50,393,-1.949705716725874,1.3968306113682068e-13
50,394,-2.556103215374158,2.2455070298034755e-16
50,395,-1.9489989234101417,1.7695838011722337e-11
50,396,-1.868467726445977,7.116200823741494e-10
50,397,-1.702251235332386,5.656812303898245e-10
50,398,-1.9451411628225124,2.2118878052760892e-10
50,399,-2.22907425525446,1.0673489660135382e-08
50,400,-2.208154528862897,1.5965701670139514e-11
50,401,-2.1913405866425437,1.8283360900188376e-14
50,402,-1.8610174875807743,1.3353963007880695e-11
50,403,-1.9123920707529987,2.6881931720595416e-13
50,404,-2.3319563153995304,8.91760577524767e-15
50,405,-1.8249937701559604,3.855307642694565e-10
50,406,-1.9044829630635993,3.6823495610764234e-11
50,407,-2.2039552915681933,2.105283088622585e-14
50,408,-2.1633151058052302,1.1062056938128324e-10
50,409,-1.899603969196348,5.370447738887474e-12
50,410,-2.114834697591329,2.7766392572654914e-12
50,411,-1.7932186821525073,4.7334195381943666e-11
50,412,-2.015721478789655,5.42362692502792e-14
50,413,-2.174004380274316,1.4526779170270723e-12
50,414,-1.8578045498795586,1.0089238928768843e-10
50,415,-2.1241296400882925,9.481712721643096e-12
50,416,-1.6725234399647757,1.266435113020094e-10
50,417,-2.5735600676600825,2.563007270847502e-12
50,418,-1.7595842447380732,7.0284209926149864e-09
50,419,-1.6683835629868211,6.660984949632166e-08
50,420,-1.8785139304637664,1.4627059868277214e-10
50,421,-1.9844991523266469,2.818751753043033e-07
50,422,-1.7119355633003392,1.4008706342720215e-09
50,423,-1.795407084749324,1.21459903838992e-12
50,424,-1.966743316429218,2.3583928381681362e-11
50,425,-1.624238712820686,2.2554200354345638e-09
50,426,-1.8476339314854968,5.5919867537919875e-09
50,427,-1.9351839387039655,8.968368848230532e-10
50,428,-2.025544911127234,3.620328937172872e-13
50,429,-2.4587931526629134,8.602627985791058e-13
50,430,-2.4145588067965855,1.5398795856777663e-18
50,431,-1.683466991821171,1.9602739514332888e-08
50,432,-2.1607518808798405,1.929768499545332e-10
50,433,-2.4749413303247465,1.884626614370699e-12
50,434,-1.982583065059094,4.213183486547114e-11
50,435,-2.0333842590721014,5.449658757959328e-12
50,436,-1.7098600244581297,3.0571558922012597e-07
50,437,-1.948353524695352,7.756599302305291e-10
50,438,-1.7552460192670631,9.313935794322918e-08
50,439,-2.3203133229353963,6.863165516695821e-14
50,440,-1.8675103023714428,4.5057048183777425e-10
50,441,-2.084748508434541,1.7530128289589777e-13
50,442,-2.526908968297592,5.735031360650016e-10
50,443,-2.554527535393608,1.2741337311922436e-12
50,444,-2.1359084117260707,3.895666969868738e-11
50,445,-2.3006896559692045,5.853315429435251e-12
50,446,-2.1086960480498718,2.9883367974517796e-12
50,447,-2.017440006671256,8.905036363818807e-12
50,448,-2.0663406108657822,1.4507756104474596e-13
50,449,-1.9298449670997684,5.433236449152626e-08
50,450,-2.120605348274543,1.4264990873934778e-14
50,451,-2.278197267414437,4.962976294163992e-10
50,452,-2.136957466706888,1.5031333316942224e-14
50,453,-1.9653344929766385,5.797150699340149e-12
50,454,-1.964157727752152,3.309182259931321e-11
50,455,-2.2871926075654256,3.87956230465092e-11
50,456,-1.7934191191896938,2.7481641998233384e-11
50,457,-2.350833047980929,1.490828462660958e-11
50,458,-2.254414440379783,5.8386417057964144e-12
50,459,-1.615542503693292,8.155932420260653e-10
50,460,-2.157343026926462,2.2344010530349992e-12
50,461,-2.493774857219962,3.153326584721001e-11
50,462,-1.884029010088767,1.7765497594095804e-08
50,463,-2.2916486130055773,1.2163666067163197e-12
50,464,-1.9538940850157687,9.277338712760113e-12
50,465,-2.170017665550093,1.5424660235802477e-14
50,466,-1.8654207028546326,2.6917874924395538e-09
50,467,-2.3795010466560824,1.6514729617007902e-14
50,468,-2.063544403451921,9.49338536944448e-12
50,469,-2.141671254414939,4.0242221415124675e-09
50,470,-1.9811688385780526,6.75060019616073e-14
50,471,-2.281992055431733,9.867443118434688e-13
50,472,-1.8274496156140465,7.919331258374125e-11
50,473,-1.8573252655782864,5.239405314615633e-09
50,474,-1.8074194497779317,3.7315229357535834e-08
50,475,-1.8358541752814723,5.830501795357011e-12
50,476,-2.0933378085310848,2.7199971827765285e-09
50,477,-1.6841827774417792,4.1022343097872034e-07
50,478,-1.9813545838164104,8.8520402703769e-10
50,479,-2.0536008204438687,5.893192293798606e-13
50,480,-2.261879257237272,2.69989692932151e-10
50,481,-1.9323004756150182,1.263033325407212e-10
50,482,-2.517481237969184,6.559591671267617e-12
50,483,-2.006070274085795,2.6437982899177673e-10
50,484,-1.617230978926159,1.7103937436383305e-12
50,485,-2.1751134403927104,2.0388179389205163e-12
50,486,-1.6863397604623853,4.649817473750924e-09
50,487,-2.091568680526758,1.2158587491400503e-13
50,488,-2.0167973374340544,1.159529402315142e-09
50,489,-1.715795560889477,1.2376545905595983e-07
50,490,-2.2458009785764546,3.0059521155191774e-11
50,491,-1.9447879634981913,1.3110550955136216e-10
50,492,-1.7735399718510694,5.483250173252139e-13
50,493,-2.1554761413222243,1.0800282060484892e-12
50,494,-1.9606113852212648,3.232029084760931e-12
50,495,-1.8487568766933773,4.2047527120730206e-10
50,496,-1.934755318569752,3.2733182676911778e-12
50,497,-2.171153962889993,5.9183931819252114e-12
50,498,-2.1215224050833,1.8914482265998817e-11
50,499,-2.166520166588559,1.4982309237118865e-13
50,500,-1.5830974481644535,1.0384495221421717e-06
50,501,-2.1133824246291537,1.874832315234796e-11
50,502,-1.8126560339605655,1.298321624671879e-10
50,503,-1.7403494594983027,1.9368614219629903e-07
50,504,-2.0626202994756637,4.300658554407518e-11
50,505,-1.8955565359610356,2.799685868162349e-10
50,506,-1.8255236605805454,1.2392584853270903e-10
50,507,-2.5986458961805594,2.928568433632092e-13
50,508,-2.1347747492269544,4.4843287391517055e-17
50,509,-1.9478185354071487,7.692168349362237e-12
50,510,-1.4751106850474365,2.2873193409732873e-07
50,511,-1.885487035475646,9.057997603642878e-13
50,512,-1.9439032199588935,3.5019978943958084e-12
50,513,-2.1907379057679766,1.3912925344617912e-10
50,514,-2.1403817453988765,2.7146374456486525e-11
50,515,-1.8648003528030186,9.34755586054137e-10
50,516,-2.1376007422825745,1.997288869279987e-12
50,517,-2.757931385992185,1.6704858790201843e-14
50,518,-2.0993492551350306,3.041240218150366e-13
50,519,-1.6941378321997158,4.232976523621624e-12
50,520,-2.2086488196348038,1.1596379646673748e-13
50,521,-1.555656920326376,1.0941188604008419e-06
50,522,-1.7487939075032513,6.251809112865555e-10
50,523,-2.009604940850136,2.9345771264249868e-12
50,524,-2.306863183828434,1.091795077718382e-13
50,525,-2.0186450275915533,1.6527871058771876e-13
50,526,-2.008162271955004,7.637222824078625e-10
50,527,-1.8442404003371795,5.394494850048432e-10
50,528,-2.108709199168623,8.955356010675288e-13
50,529,-1.8874072541902187,4.879729105494642e-11
50,530,-1.849705289225323,5.5278118068582185e-09
50,531,-1.506469150509779,1.2451414432687896e-06
50,532,-2.0577261983671633,5.086943321127917e-10
50,533,-2.219922151486392,4.3685419888723547e-11
50,534,-2.1539944306448247,2.0830045472328254e-11
50,535,-1.797222305118841,8.443748259956724e-09
50,536,-2.086995467155032,1.6083399986346633e-10
50,537,-1.883283237155239,8.972747892942197e-09
50,538,-2.1859863593035556,7.403578502740185e-09
50,539,-2.175787748597827,1.9381618795591056e-15
50,540,-2.2268811804531583,4.167926655304785e-15
50,541,-2.3833309430369223,9.270980378279549e-16
50,542,-2.2214176905982335,5.00586439706592e-13
50,543,-2.2728837358431004,3.5670474624450434e-12
50,544,-1.8457404669851432,4.770119220998366e-12
50,545,-2.2946912753356576,3.0238223554016482e-12
50,546,-2.2669482301243926,1.3091934691825514e-13
50,547,-2.407708633789074,2.2060572853058534e-12
50,548,-1.772633148623333,1.1589080896160982e-10
50,549,-1.7450610605302082,1.6707193550109138e-08
50,550,-2.2072050766947617,7.498052228060796e-11
50,551,-1.658419810974216,8.879355716565976e-09
50,552,-2.440729747217977,1.083935792225954e-11
50,553,-2.1302235143491135,8.718559436947967e-11
50,554,-1.674748295186756,1.4100656132561122e-08
50,555,-1.736748222243416,5.291376217099313e-12
50,556,-1.814796241940277,1.3923423495186158e-07
50,557,-2.090244733235399,4.942799553760873e-12
50,558,-1.9844027927053967,1.9203828473699425e-12
50,559,-2.3387412672428227,1.768252427085794e-13
50,560,-1.76501367613698,4.959646199537168e-09
50,561,-1.7677391489464673,5.321114885446661e-09
50,562,-2.6277473891300223,7.27822207014294e-11
50,563,-2.162590066113067,5.423151586549991e-12
50,564,-1.9669189428340994,7.084170742088951e-12
50,565,-2.2461893356094054,8.735332951345057e-15
50,566,-1.7265727769157362,9.107017866029536e-10
50,567,-2.3487445937028717,1.185943826761134e-13
50,568,-2.156734995537726,1.8756048699081932e-14
50,569,-2.1297690200088444,2.2667181815985246e-14
50,570,-2.144108251259178,1.3761493380420486e-09
50,571,-2.170982619112694,1.7463306673235805e-11
50,572,-2.208526361974552,8.49530803006116e-12
50,573,-2.6229425915496867,1.4015354533869961e-15
50,574,-1.903858954650044,6.951679783328009e-11
50,575,-1.7687075155553948,6.077741376980924e-13
50,576,-2.2660085217036894,1.7531860881092172e-13
50,577,-2.2966096568882253,3.887202189553984e-14
50,578,-2.1454584455642616,1.1128490593445015e-10
50,579,-1.8291022793469596,7.7628789262368e-13
50,580,-2.0304996913255318,2.0816910412473952e-14
50,581,-1.5819969048768057,4.434646985069321e-06
50,582,-1.4525706134103116,3.3968999437706865e-07
50,583,-2.2739562174131,1.305913285398168e-10
50,584,-1.974677777808966,2.8757737249861417e-14
50,585,-2.0276175768743157,1.1439685742075067e-10
50,586,-1.9570261055836387,3.5918022417663504e-11
50,587,-2.015262968344328,6.10669117295548e-13
50,588,-1.8001662429325007,1.7566417155155405e-11
50,589,-1.9008745677383247,3.953863968708704e-10
50,590,-1.658962962644341,4.24248502176609e-08
50,591,-1.7897875008612507,1.247973085223063e-09
50,592,-2.2882490017055783,6.681130723026572e-16
50,593,-2.2424826874531005,7.141011423939782e-16
50,594,-2.3573496569697987,1.428529042776253e-13
50,595,-1.6499502656263747,4.0271475928069877e-07
50,596,-1.6798281326161053,1.7013320819701248e-10
50,597,-2.236342246165482,7.735060460196832e-14
50,598,-1.862165685036162,5.9096907677327246e-08
50,599,-2.1438367939166376,3.8932067567130485e-10
50,600,-1.9612635030820345,1.0794813532534297e-11
50,601,-2.064213303463034,8.56079962020953e-10
50,602,-1.6855178770096142,2.3484635588413724e-10
50,603,-1.9334272287451775,3.567227249172608e-12
50,604,-2.2204530047567674,2.5406570542012703e-09
50,605,-1.8708562021152426,1.5550485706240586e-11
50,606,-2.0811603265465304,1.7093179649985916e-12
50,607,-1.9001342306047162,1.594199285451814e-12
50,608,-2.2439962183203095,1.0704742271656753e-11
50,609,-1.8741880604422505,5.973315485644947e-09
50,610,-2.191063762099242,2.879245626202844e-12
50,611,-1.909382036480804,1.7627700917818843e-08
50,612,-1.9590053690246512,6.712521994636643e-11
50,613,-1.8051325915680732,1.5663830456648803e-07
50,614,-2.09172597896798,9.487789616226848e-10
50,615,-1.989453368666287,1.0288286968835169e-09
50,616,-2.0778292928915727,1.8124788891341616e-16
50,617,-2.2795684559852223,7.700612582205609e-13
50,618,-1.9938530748343437,7.368274783901506e-13
50,619,-1.7799264187042354,4.009538492993256e-08
50,620,-1.8757272127422278,2.6989635145411742e-11
50,621,-1.9217825862058833,1.679810580915557e-08
50,622,-1.6314013789587989,1.9416817503954937e-06
50,623,-2.0926249710846685,4.823043678587345e-13
50,624,-2.091725482236378,3.3313517423735107e-10
50,625,-2.2143485001076897,1.639167309990711e-09
50,626,-2.252431620407237,1.200685034032313e-08
50,627,-1.8401828830056743,3.6931304834560935e-09
50,628,-1.9375739223871173,4.453273146962347e-11
50,629,-1.8033995177520534,1.1362972813257584e-08
50,630,-2.075825354379222,2.3516973331296574e-10
50,631,-2.14757850680155,7.643119596949547e-11
50,632,-1.9638369972661494,5.585397245387872e-08
50,633,-2.022122010217153,8.610563957007946e-10
50,634,-2.333444686800501,9.567358645297906e-14
50,635,-2.231544686465531,8.971472192768968e-13
50,636,-2.32081454390657,5.647235725272241e-15
50,637,-2.0697615702931436,1.897693375626729e-10
50,638,-2.194025217198125,3.0841530208728784e-14
50,639,-2.264789063788017,9.101706688386667e-15
50,640,-2.5177419968444594,5.767594633928216e-14
50,641,-2.2764000944566565,5.762084948413506e-12
50,642,-2.3305176500902256,2.286180162346922e-12
50,643,-1.824805344273039,6.625127164514479e-13
50,644,-1.5783927237725095,2.355063340258469e-07
50,645,-2.5287019923157823,6.182956400703634e-15
50,646,-2.178878144701958,1.2086460477632384e-12
50,647,-2.1362535379448877,5.347802939685457e-10
50,648,-2.3709375978495766,1.8947247023456584e-10
50,649,-1.9636771321637214,3.779687711828657e-11
50,650,-2.390720471711745,8.942051474106803e-14
50,651,-2.4657323246728096,5.506017589947265e-12
50,652,-2.254310817097646,1.7125917160826481e-12
50,653,-1.6662323959025356,5.141536983074697e-09
50,654,-2.1569932122231004,1.0338939109059768e-10
50,655,-1.5875677413045644,1.2316478441528171e-07
50,656,-1.8805283204568317,1.7874765058105452e-08
50,657,-2.3718445252726648,4.768674559241591e-18
50,658,-2.340731064631922,8.119240190800832e-17
50,659,-2.4931231978882513,1.6720962759088023e-11
50,660,-2.656428257198173,4.363015673148631e-13
50,661,-1.8650025469462301,3.6550563634984546e-11
50,662,-2.6476761513719573,3.014277200484114e-15
50,663,-2.0342253763308804,4.400796481125063e-11
50,664,-2.1558524018123144,2.602042045936574e-10
50,665,-1.950119818512265,4.1017662217739576e-10
50,666,-1.9520481058239465,3.13275577407809e-11
50,667,-2.2019585774742865,1.1623812500849521e-10
50,668,-2.070397198452506,3.764830266574394e-12
50,669,-2.6687885892193015,1.6109883354429867e-21
50,670,-1.6113537332692935,3.825510283059099e-09
50,671,-1.9590643554457463,2.621406325598462e-08
50,672,-1.8859015677653241,2.1643677119796165e-09
50,673,-2.1793780974191552,4.002739781876426e-09
50,674,-2.1819786682570896,1.468850423480152e-12
50,675,-1.7959061112210408,3.6545855312393274e-08
50,676,-1.9445240063451523,1.6822017567742787e-09
50,677,-2.0572029428462058,3.108961362433157e-11
50,678,-2.0711381759791463,5.028173425623913e-11
50,679,-1.666906657752956,1.5552350605291122e-08
50,680,-1.6683089095004418,1.821328616806276e-08
50,681,-1.9546700406395008,1.178382732734843e-12
50,682,-2.1597542207904876,5.330154784431967e-11
50,683,-1.7862121082222364,1.269029349324217e-10
50,684,-2.038929832942931,6.098550742753055e-11
50,685,-2.1878892012296145,1.472397408227877e-12
50,686,-1.4657161083106054,4.596941965290209e-07
50,687,-2.4299295438660717,1.4698701391590133e-12
50,688,-1.900473331294883,4.503612509737234e-11
50,689,-1.9213485079226214,3.2993231702927685e-10
50,690,-1.722126081953058,2.2118537962569957e-11
50,691,-1.5212957722108333,2.8076881208073858e-08
50,692,-2.057027652452252,8.96906393231099e-13
50,693,-1.827413255470411,6.013273103087139e-12
50,694,-1.6734693598652681,6.483125102883095e-08
50,695,-2.130204193462376,1.1255286695287237e-12
50,696,-2.109333137679438,6.942376908909855e-12
50,697,-2.274726625227361,2.6524039242514536e-13
50,698,-2.2766735666682125,4.340339294199659e-14
50,699,-1.8919018469743483,1.1021668515731627e-09
50,700,-1.7218458979171745,1.908882641863991e-09
50,701,-2.5688624314190296,6.919397462552212e-14
50,702,-1.6900645742526148,1.6888119168916567e-07
50,703,-2.1609583749577697,5.815656323806344e-12
50,704,-2.159975921522424,5.102575266373931e-11
50,705,-2.2422669199773253,4.519245524227836e-15
50,706,-1.9836462047232208,8.760121479490417e-11
50,707,-1.6543353066041977,1.440716228354291e-12
50,708,-2.2677350504721074,3.0394684074236236e-11
50,709,-2.1885614099835333,1.425917897095005e-11
50,710,-2.323954662100199,6.121392604503455e-13
50,711,-2.194450449154667,1.2792556280920985e-12
50,712,-1.8828452542735983,2.221251501683589e-10
50,713,-1.8920226672131664,2.814441296880772e-10
50,714,-2.008360327726632,6.193602374526488e-13
50,715,-1.8994464549756058,4.610053527740961e-10
50,716,-2.145285536001957,2.129272516996385e-14
50,717,-1.6688072318307023,4.012465981808463e-09
50,718,-1.553382402205636,1.305287495038797e-09
50,719,-1.9282396695706652,9.266700285950074e-15
50,720,-1.7259018153179548,1.4058609737815935e-08
50,721,-1.7437249978858258,1.0538307246100386e-07
50,722,-1.9860213816002412,6.18872644539188e-13
50,723,-2.325436131878771,4.050107242020598e-13
50,724,-1.9802274916819949,4.3618601184468664e-15
50,725,-2.046774486323071,6.1499997509536335e-12
50,726,-1.9010924996474508,1.5366470643425278e-15
50,727,-2.080650752039854,1.7133461255817866e-16
50,728,-1.5969880472353912,5.352021368814596e-09
50,729,-2.1155812431308574,3.7714217245754006e-10
50,730,-1.5907196079008097,8.145409496781335e-06
50,731,-1.5927794680044096,9.249805194848143e-10
50,732,-2.3144677272555274,3.337929229607927e-11
50,733,-2.2589091364505682,2.581269141736873e-12
50,734,-1.8404721859284896,3.867109138018943e-07
50,735,-1.7990146003320833,2.42888793382876e-08
50,736,-2.289680046501797,1.609798164179651e-15
50,737,-2.094972854919421,7.636159575567793e-12
50,738,-2.1749805023062008,1.0288479549025748e-09
50,739,-1.8255735542178462,2.364805396096785e-12
50,740,-1.7070047891513846,1.1197236724726899e-08
50,741,-1.8652813325850008,9.949028311300537e-11
50,742,-1.8788981388193449,1.2542876734633712e-08
50,743,-1.9738458743707934,7.630017702304875e-12
50,744,-2.233870562521078,1.7553556524827915e-12
50,745,-2.406245521602746,3.0958488051845636e-13
50,746,-1.8286007513678824,7.783802564344693e-13
50,747,-2.3341410297179532,8.292055770597089e-14
50,748,-2.1754120708710722,3.310563452460065e-11
50,749,-2.0823083441172603,2.1745194776137856e-13
50,750,-2.5295607743843522,1.3579497821042421e-14
50,751,-2.117382959480411,4.421506362044296e-10
50,752,-1.770239575768148,3.189194244684898e-08
50,753,-1.8334807878270087,5.300731962645404e-16
50,754,-1.9251221192798065,3.9814831191867526e-08
50,755,-2.021574285049434,2.9721977593556045e-09
50,756,-2.959925842960331,2.3655950377937355e-13
50,757,-2.3475264378161524,8.795976330084572e-17
50,758,-1.9630194710930358,9.504002374226097e-08
50,759,-2.582833321168102,3.186874884684633e-17
50,760,-1.511533223788307,4.8843798873135524e-08
50,761,-1.7969621878028494,4.3473412965424393e-10
50,762,-1.7351116479546311,9.944077910516677e-08
50,763,-1.9245463656843684,2.1196412353211323e-15
50,764,-1.6151936833506442,4.0335834894455386e-10
50,765,-1.735287658256663,1.715375102747635e-10
50,766,-1.914098823228942,3.1955922172625963e-10
50,767,-2.0993055534361735,2.28053102548429e-10
50,768,-2.165773022827123,4.201009761709483e-12
50,769,-2.055935710915726,7.654365213613813e-14
50,770,-2.122955308369529,1.8634995846879753e-12
50,771,-2.0262457122144033,5.4649712264986645e-11
50,772,-2.321535544132627,1.3737802808930336e-16
50,773,-2.1129205080804825,1.441514550664023e-12
50,774,-1.9669388426546286,1.0759494988415831e-11
50,775,-2.01159725453508,9.332100298124884e-13
50,776,-2.230981135796233,3.640585993165958e-16
50,777,-1.6795198182833548,1.3317329957865404e-11
50,778,-1.6416470732851751,1.2600613233191953e-08
50,779,-1.980583935846,1.9964222699967777e-12
50,780,-1.612957933649449,4.259578205470111e-08
50,781,-1.9938158168337923,3.2243040410444897e-10
50,782,-1.8879213481927462,3.112449018793323e-10
50,783,-2.2233866187792777,7.609708593997751e-10
50,784,-2.147885594614559,4.899714846656854e-08
50,785,-2.270068623514698,4.279788632972002e-13
50,786,-1.78296377924468,7.258708005392577e-13
50,787,-2.211079955956806,2.415725258886346e-11
50,788,-1.7334218469361122,4.051681463113459e-12
50,789,-2.341231248057733,4.791280604799124e-11
50,790,-2.29813049366748,1.97275416003939e-14
50,791,-2.1323492932804093,1.4192970078437134e-12
50,792,-2.282346528823654,1.73494055494728e-11
50,793,-1.9746872133748408,1.0999305734324792e-09
50,794,-2.083129934920012,4.652652743060918e-17
50,795,-2.053369504174203,2.590584494184696e-12
50,796,-2.0702460949806305,2.3139756033721647e-10
50,797,-2.216918331007359,2.9753678135211017e-10
50,798,-2.5751570024263355,3.0404137862238255e-15
50,799,-1.8924421957399025,6.840201243400744e-15
50,800,-1.5572959382767557,1.1835162317335062e-07
50,801,-2.2271123130733796,1.8594813758731496e-09
50,802,-1.8340232998113342,4.34223964789212e-10
50,803,-1.9139196287552025,4.088354217824415e-11
50,804,-1.6293033875408378,1.7739443244925155e-08
50,805,-1.7206356159740483,7.318916968075164e-11
50,806,-1.8657089050488498,9.91965352456817e-09
50,807,-2.0879894915134836,4.620017658204127e-12
50,808,-2.0685307434661953,1.02028744158264e-12
50,809,-1.7677242139744935,3.698942527749537e-12
50,810,-2.1933157487891926,1.449336388376094e-12
50,811,-2.010754540720729,2.275441343275124e-12
50,812,-2.315161562568213,4.614411714201681e-13
50,813,-1.9274933966582823,6.099708274087558e-11
50,814,-2.4125767863653245,2.143369571615713e-12
50,815,-1.489688789287488,3.916194914301783e-06
50,816,-2.024218078395423,9.866477074590214e-08
50,817,-2.1357731944990537,9.850855873676102e-09
50,818,-2.3525087357445127,6.2733037279712735e-15
50,819,-2.2944465773508886,4.2664586894581186e-15
50,820,-1.8156378163665794,3.672378294638229e-10
50,821,-2.145505128662509,4.992691423854325e-13
50,822,-2.111318764905752,1.9523723466580375e-14
50,823,-2.2371336618477677,7.861309170846972e-14
50,824,-1.8025791173711045,1.266104134144173e-10
50,825,-2.2862687904513086,1.6057972385007657e-12
50,826,-2.1206835413524017,9.113528860012435e-14
50,827,-2.0516302952292653,4.8396251713607696e-11
50,828,-2.326379679667708,1.8288799239459464e-15
50,829,-2.225572621200169,8.785141384108205e-14
50,830,-2.016403880012909,6.0944056749181935e-12
50,831,-1.93266229931836,4.251990937734422e-10
50,832,-2.148214840739696,5.808013365583601e-14
50,833,-1.8861642222515682,1.881355573756621e-10
50,834,-2.525558130969761,3.508596018917528e-11
50,835,-2.2299772554594144,2.558172580447388e-12
50,836,-1.9135589601572,4.8846955858024877e-11
50,837,-1.9755601434349561,1.5044041656754287e-08
50,838,-2.0595787515539836,9.157105948774745e-10
50,839,-2.254235519808663,5.764307235644954e-12
50,840,-2.3592287208085754,4.086527587091881e-13
50,841,-2.0051361910049614,2.6639763402626265e-13
50,842,-2.0538134710376603,9.55442468276567e-11
50,843,-2.3957625755792744,6.342072257418063e-13
50,844,-2.354800834166821,6.80539785326288e-14
50,845,-2.040630775976389,1.850843204474569e-14
50,846,-1.8938419255957895,3.7918725663526444e-09
50,847,-1.7371053487979182,3.486609732715345e-08
50,848,-1.9948271626233192,1.6928647192860135e-09
50,849,-1.885587073784663,7.366711994440899e-13
50,850,-2.5794000305061795,3.8324630183369346e-16
50,851,-1.997336808547332,1.369706148900621e-11
50,852,-2.2959966441849,1.1392577674385876e-14
50,853,-1.604655451694323,6.857561401242735e-09
50,854,-2.2515884379432434,1.0764327161342949e-10
50,855,-1.9007405492611564,1.8273191743334052e-10
50,856,-2.1316266129755794,1.7471202641158444e-11
50,857,-1.749454964247632,4.058555498098522e-09
50,858,-2.1234901317172596,3.334549462204081e-10
50,859,-2.1510447584110617,4.6647671314815314e-11
50,860,-2.2933725195433867,4.35136414502701e-15
50,861,-1.967048303651846,2.298930970297341e-10
50,862,-2.0335623510847194,1.0349243246751658e-08
50,863,-1.9139702030232275,4.5086653693934877e-10
50,864,-1.9672071902103498,1.3121843678185686e-12
50,865,-2.116331531759405,4.903293322723553e-13
50,866,-1.5942825965324463,1.0294432524861824e-12
50,867,-1.9519982171492174,1.6754921568536237e-14
50,868,-1.7594299138501635,1.6028024973035154e-07
50,869,-1.5897784086892397,1.747324717231736e-06
50,870,-2.004505358539326,1.5605904048003823e-13
50,871,-2.0303191047154225,3.198293329408104e-13
50,872,-1.9751340092226295,1.1078871200226655e-11
50,873,-1.7948364958513103,3.9601834287560714e-12
50,874,-2.7848365513549496,3.082940985792726e-14
50,875,-1.9196699788029505,1.5498229681853739e-15
50,876,-1.8461176963570898,2.2285808163251894e-09
50,877,-2.3986147660431003,2.4290836669183744e-11
50,878,-1.814041284563042,1.676782908065089e-08
50,879,-1.9605602793730075,6.567582348661589e-10
50,880,-2.2170861835218316,1.9690619800465052e-13
50,881,-1.9993222088997769,2.345222529887915e-10
50,882,-1.934246165446675,4.76572806323638e-10
50,883,-1.5705745554352495,9.438044886480625e-08
50,884,-1.9170713171084897,1.0442252386467418e-10
50,885,-1.8373630849989384,1.7811554036401622e-09
50,886,-2.0543388259550657,7.084506923332641e-12
50,887,-2.5686318611399694,4.664307346593614e-14
50,888,-2.2896953446216353,3.664524736214183e-13
50,889,-1.7259520648611861,1.491298467857024e-08
50,890,-2.022880046263808,2.002496385150876e-13
50,891,-2.1837772165167593,3.00540164175714e-13
50,892,-2.2136907352670123,2.4978813804106456e-12
50,893,-1.897453550593175,2.939524730125836e-11
50,894,-1.894973154209877,1.3697890956015063e-07
50,895,-2.0473197937385175,4.929447753215092e-10
50,896,-1.827069441101279,1.2928125824869152e-08
50,897,-2.163929120196249,7.894293485655976e-13
50,898,-1.715571431212772,7.997451095975142e-10
50,899,-2.196024948284884,1.7106435550001209e-13
50,900,-2.158307912399895,1.8102212730258136e-11
50,901,-2.0078625897848585,5.523637464386681e-10
50,902,-2.0299112564472956,4.6804760570223286e-11
50,903,-2.1725741147954096,5.2398504503919434e-12
50,904,-1.9833634800047593,4.810853774532131e-10
50,905,-1.945514994687172,1.94947125392057e-12
50,906,-1.5395595826136868,7.352181796531436e-09
50,907,-2.299653173212511,4.476610357347856e-14
50,908,-2.163494901081906,7.172580989632027e-12
50,909,-1.837453027767281,7.575223800228117e-11
50,910,-2.077430868832744,6.134449242780458e-13
50,911,-2.4457408124254725,4.8083166890856966e-14
50,912,-2.3514956925571555,3.5565606160375074e-13
50,913,-2.256964207036753,1.9546291963935725e-11
50,914,-2.081461243049434,2.284181859275533e-16
50,915,-2.2943552323148024,1.592727088373388e-11
50,916,-2.033504451883034,5.275738428200637e-11
50,917,-2.2957773414581544,6.888784889537426e-14
50,918,-2.1773929450826692,5.291523249781207e-12
50,919,-2.3100477498193226,1.8001808047536958e-11
50,920,-2.037496893855325,8.94494123730429e-11
50,921,-1.8051250666734973,1.1669285275115754e-07
50,922,-1.8316858925006958,1.4469441048224063e-08
50,923,-2.1574026257316694,5.563700037234343e-09
50,924,-2.266161626583762,7.745315742411595e-15
50,925,-1.6294901141511886,1.5250483252070604e-07
50,926,-2.1132172145317236,2.1461516569656163e-13
50,927,-1.9047554902803645,9.174883768109891e-11
50,928,-2.1323890319575134,2.827972148389858e-13
50,929,-2.2706381248107945,1.5548529816222047e-11
50,930,-1.990168745719548,1.2122296452994084e-12
50,931,-1.9990763053085283,5.766113330225825e-14
50,932,-2.1107594170924475,1.0060724411234915e-10
50,933,-1.5204700567188532,2.6425484248814534e-07
50,934,-1.7583022672063597,2.4646346846211927e-09
50,935,-2.5210855871111746,2.890839460718872e-15
50,936,-2.0682339512361256,4.7895607351403264e-14
50,937,-1.9841531083653026,1.9946844023931862e-10
50,938,-2.1119727149937755,1.4000278978768853e-11
50,939,-2.1088902630770043,1.9597522023200652e-11
50,940,-1.6397212323865364,2.8275356078807124e-09
50,941,-1.9795289221389556,1.867948572555164e-07
50,942,-1.8729593921043746,4.182684877668493e-08
50,943,-2.081666478391977,3.2162786447222526e-09
50,944,-1.741773064825363,1.1036733384227783e-09
50,945,-2.099224079156162,2.3596715291511924e-10
50,946,-2.0427623164040485,3.6457191539604e-09
50,947,-2.1397927628916102,2.2395147890836405e-09
50,948,-2.2704777211718845,8.886880827616538e-12
50,949,-2.0276221935839436,5.32600549928606e-13
50,950,-1.738116934779356,1.309973258609168e-09
50,951,-1.487515155398195,1.4332650738094875e-06
50,952,-2.1514327423202477,9.040379788565691e-10
50,953,-1.8867865782878894,4.11637086455189e-09
50,954,-1.5922027410722883,7.015311319956152e-09
50,955,-2.078552959150877,1.7802483151341273e-11
50,956,-1.8146218898711544,3.9632250816391417e-10
50,957,-2.1120296501850726,3.5551986768618083e-12
50,958,-2.458211745726418,1.2051230548874845e-12
50,959,-1.7182845742261952,6.4127970060453705e-12
50,960,-2.4543088485841924,1.1010914546735846e-15
50,961,-2.087805878256244,4.330487687015285e-16
50,962,-2.197911235898056,9.86044833095752e-10
50,963,-2.1827354697057517,6.688195222305446e-12
50,964,-1.9094213649330998,1.657546400239641e-10
50,965,-2.284843606654121,7.677501028220003e-12
50,966,-2.0114467807960663,2.824105269177051e-13
50,967,-1.7455894219575727,8.25557394639844e-12
50,968,-1.7289210332402467,1.633390851995256e-08
50,969,-2.022593547117255,6.864517237670697e-12
50,970,-2.36059535872704,2.3923271255829925e-13
50,971,-2.3066191543971,3.5950451578599016e-09
50,972,-1.942399684727235,6.317830118940954e-10
50,973,-2.139665934120579,8.367344574996498e-12
50,974,-1.9992034363446276,1.3420762390202534e-10
50,975,-2.2084741067376843,2.6078122249124655e-16
50,976,-1.874024039690184,2.9928853737053977e-13
50,977,-2.0016298921163953,6.941412948554119e-09
50,978,-1.7331509329918164,8.701377353049189e-10
50,979,-2.1619204693543628,3.130210209271229e-11
50,980,-2.055750773937432,5.75660114911576e-09
50,981,-2.0418373569806496,5.449647062792458e-11
50,982,-1.978066497780726,4.510121206790447e-09
50,983,-1.9036813814742484,1.2864018767914206e-13
50,984,-1.6617867160784612,1.4858601896603937e-07
50,985,-1.7452408190798323,7.321335250495321e-08
50,986,-1.5409245254040913,4.214452068132292e-09
50,987,-2.434959783656109,3.994611387039608e-17
50,988,-1.9489038316375913,4.493816107057116e-14
50,989,-2.2180057374923363,1.2770796694244292e-10
50,990,-1.6871460052476843,3.5141104921379536e-06
50,991,-2.4622365809406075,1.848054986854098e-14
50,992,-2.3606060836521214,4.920788719833417e-11
50,993,-1.6946259842498854,1.4907820601607802e-10
50,994,-1.7500989182422293,4.414849545511793e-07
50,995,-2.0606186990273505,1.9117385550192163e-13
50,996,-1.9501823694189477,3.583892616077134e-12
50,997,-1.983151820872603,4.0366366360928054e-11
50,998,-1.6445326933225513,2.0056758398960326e-09
50,999,-2.1166862091713283,9.237133895260078e-11
100,0,-1.9240253868022315,5.799858482495974e-21
100,1,-1.8167644766866529,6.641548984846506e-20
100,2,-1.98895778040775,1.6192515829943516e-22
100,3,-2.0473141841976155,2.449562376939164e-19
100,4,-2.1641805351697228,6.143071272932673e-23
100,5,-2.175313042823321,3.0953106904377717e-23
100,6,-2.133301944376627,1.1587552386228456e-18
100,7,-2.085713774041669,1.2699982429666222e-20
100,8,-1.983020599511927,5.0059515565837365e-20
100,9,-2.1421408681258463,5.023865398800863e-22
100,10,-1.9588692130694225,1.4530632162784994e-19
100,11,-1.8893033572401974,7.230971370827097e-19
100,12,-2.0052866143999175,5.105347499225818e-24
100,13,-2.0177875271939705,3.845727790231565e-23
100,14,-1.8258830037754183,3.6259116860770655e-19
100,15,-1.8684879279379123,3.7471553471217184e-22
100,16,-2.0300011519823684,9.237881512933548e-21
100,17,-1.9276242319544563,7.605756445352074e-19
100,18,-2.290092716128779,9.489767816807008e-28
100,19,-1.907569103743291,1.5730138107910609e-21
100,20,-2.234214901050536,5.439719603137759e-24
100,21,-1.9239585036499012,1.9998883046564648e-20
100,22,-2.1464620193676884,2.3234150138854203e-25
100,23,-2.2629011105665224,1.1781937876849036e-24
100,24,-1.8070755742039122,3.3369230194190094e-18
100,25,-2.010347730668612,2.4962123907957008e-23
100,26,-2.237270045604977,1.90713691879505e-26
100,27,-2.068571681510236,5.200322273721907e-22
100,28,-1.977795134441779,7.811950497204515e-21
100,29,-1.9775621026734145,5.617994317214501e-20
100,30,-1.8944632264593784,3.737497380914411e-25
100,31,-1.9514390944162594,2.511037751653627e-22
100,32,-2.16572273266482,4.2225140417846874e-17
100,33,-1.9688533037120157,3.1719631568074554e-20
100,34,-1.9149437272853929,3.566072217408259e-18
100,35,-2.1237211671641107,4.5947413076202617e-20
100,36,-2.199798125424752,1.2907833754000033e-24
100,37,-2.2136156765107975,3.6441898127879594e-27
100,38,-1.8054511138417837,1.3114579718447294e-18
100,39,-1.8712466716060856,3.691250184032985e-22
100,40,-2.0187933586913225,1.276687067481499e-23
100,41,-1.9690177414811156,2.6424043556473273e-23
100,42,-2.086121316698387,3.4483959116896664e-25
100,43,-1.8809957649215985,5.411590911592483e-22
100,44,-2.1585956588850737,1.780790923411679e-19
100,45,-1.8906570545329249,2.5522086970547403e-23
100,46,-1.9621304153122336,6.613809267063313e-23
100,47,-1.7784603049770977,8.077943838898998e-18
100,48,-1.9496576399071728,6.706695486018484e-21
100,49,-1.8878213392384664,2.128972461546673e-16
100,50,-1.9172374479159124,4.575527559199545e-22
100,51,-2.039431632459263,4.8134622298697975e-21
100,52,-2.1689611483076723,2.8958482836400054e-21
100,53,-1.9467596736406785,2.7362327638595316e-19
100,54,-1.8023888656738478,1.9791112833955872e-16
100,55,-1.8706942517139398,5.780208608590449e-22
100,56,-1.953777944049647,3.8060390590516115e-22
100,57,-2.039073042884807,2.9481490077038845e-24
100,58,-2.2160107884028184,9.861422759895694e-26
100,59,-1.994443191993061,2.9376693521769926e-20
100,60,-2.0446315584915125,1.0539684826604643e-19
100,61,-2.0717305870796707,2.0353638711442995e-24
100,62,-1.702899790977642,2.610573649882819e-16
100,63,-2.2341389655805903,4.023158053122788e-24
100,64,-2.143302072731079,2.097313821394381e-28
100,65,-2.0135299447363995,1.4267567747535356e-22
100,66,-1.98416726372999,9.65709619953271e-19
100,67,-1.9479211644112162,3.2447458186907034e-23
100,68,-2.1033896090237425,3.9163408684842724e-23
100,69,-2.3305295002356745,1.7080316993300882e-24
100,70,-2.2379777389815283,5.172951598263279e-24
100,71,-2.0012444797854645,3.279456251156043e-26
100,72,-1.9802001440849724,3.682432974806583e-21
100,73,-1.9844593597924165,6.251887825314667e-19
100,74,-2.0321746605685105,1.0902941846097663e-22
100,75,-2.095958322214986,1.7388604865297497e-19
100,76,-1.978760973228236,3.319950228269052e-22
100,77,-1.9920434688144377,8.501879390124947e-18
100,78,-1.8961036426445332,6.264379864877249e-19
100,79,-2.065557704936234,5.65620426801976e-28
100,80,-1.9932077019050976,5.961634046728476e-24
100,81,-2.074052882692687,1.5420937067662375e-20
100,82,-2.052109692133966,4.1045752743606045e-22
100,83,-2.0849479695683413,1.766619857831171e-22
100,84,-2.1262907527803865,1.0685089802665867e-24
100,85,-2.193125170400693,4.176519124723406e-27
100,86,-2.1121755569760117,2.5939304621069884e-23
100,87,-1.9083846807075062,1.3421883241876286e-19
100,88,-2.0288076619798208,1.8255480255999755e-24
100,89,-1.8668938458238244,1.442298118321477e-22
100,90,-1.9608625257031926,1.3686612585102543e-22
100,91,-2.104666579810086,3.009921488480679e-21
100,92,-2.0093019594275114,7.449414279515327e-20
100,93,-1.7864879607652604,5.132208358263259e-17
100,94,-1.975420005669152,3.7259857977145887e-19
100,95,-2.0350133539240947,1.9884638079216637e-22
100,96,-1.6904265660709372,1.8486641525681864e-15
100,97,-1.9132561394594827,1.619768727947042e-23
100,98,-1.996814819132469,7.590069996775943e-26
100,99,-2.033256109577799,2.536304659436777e-18
100,100,-1.9769386775703621,8.76817785200442e-23
100,101,-2.1186033364675056,9.410122215227736e-21
100,102,-2.072054024058339,4.526421897364046e-19
100,103,-2.0081475063438248,3.2183084878846957e-17
100,104,-2.01037998063192,4.475974186765263e-24
100,105,-1.9643205620876287,5.819752326941927e-21
100,106,-2.2476989887277217,4.519619767578353e-26
100,107,-2.1513796580755242,8.166045272986619e-30
100,108,-2.02947460404702,9.812943815116055e-19
100,109,-1.863652603429383,1.5771656846988574e-24
100,110,-2.103777981566891,4.609114788059562e-27
100,111,-1.896110454499623,7.453850069132779e-22
100,112,-2.2094848584246476,9.517503090728991e-24
100,113,-2.0247113800131213,4.209140225744543e-24
100,114,-2.000397212002425,6.928544052268717e-18
100,115,-1.8894861033475143,8.854877741508031e-19
100,116,-1.9408460137494794,4.12267973815143e-17
100,117,-1.9950319412381718,1.49601669084294e-20
100,118,-2.2810689418086287,2.008308770004285e-24
100,119,-2.2424964468487385,5.337547822462238e-24
100,120,-2.1203886922439104,3.094881457564261e-22
100,121,-2.2266469741752912,6.31614996981001e-25
100,122,-2.1528359765821743,4.670614132039176e-23
100,123,-1.9241159289184173,1.2504672986811328e-27
100,124,-2.1466544392275546,3.480294753147078e-22
100,125,-1.8068702824982052,5.142869115600727e-19
100,126,-1.9921100024233596,8.992278730521534e-25
100,127,-1.9280114004097522,1.7125870749319294e-21
100,128,-2.2364904128156544,6.828621136480213e-25
100,129,-2.1354083145741924,7.768538769553178e-29
100,130,-2.3051551944672513,1.104798439318235e-30
100,131,-2.1260941155392814,4.795257951158202e-25
100,132,-1.9492100042452112,1.839074572994578e-21
100,133,-1.983889673519057,1.297653469522702e-26
100,134,-1.9712404676464246,1.0554835586402393e-20
100,135,-2.202411779181322,2.1835127555918063e-25
100,136,-1.9708031095596636,4.2906050495490465e-22
100,137,-2.009610406752307,2.211759477325526e-23
100,138,-2.089377864761312,1.827386116588168e-29
100,139,-1.9834301818852635,3.1130764414123142e-21
100,140,-1.8154865454824867,1.765558118576781e-21
100,141,-1.991371677540144,2.0211878203937656e-22
100,142,-2.022771536364459,6.142470026639189e-19
100,143,-1.9375154671387245,3.337580082078323e-19
100,144,-1.9745904086851445,2.449153250081885e-21
100,145,-1.9483926455227296,1.6230205057742091e-21
100,146,-1.8432181979996631,4.208122229270389e-18
100,147,-2.149127978112663,2.755730585329097e-26
100,148,-2.001948923770649,1.0512834081860474e-23
100,149,-2.2482483116988243,1.0368707707375691e-21
100,150,-2.0268992650134674,2.6103866805520794e-20
100,151,-2.096339632958908,8.611403693252607e-26
100,152,-2.1461136728441437,1.081158714998242e-25
100,153,-2.1645249275202474,2.277539590156657e-26
100,154,-2.253110435363415,1.528886363173294e-20
100,155,-1.9828760020102125,2.0353482355531427e-22
100,156,-2.093008160554797,6.385216605605557e-24
100,157,-1.7252894160831769,1.711183308917517e-18
100,158,-2.010927991941914,2.8621474862463606e-22
100,159,-2.077101194924455,4.2637101721183733e-23
100,160,-2.0397887861163344,5.588013686954785e-22
100,161,-1.8304967640543515,6.173664621915855e-21
100,162,-2.0393932297895585,7.025188623063782e-28
100,163,-2.225990406600551,5.344454789734266e-21
100,164,-1.8337512075592999,2.1539905048555362e-18
100,165,-2.37960801610655,5.919759777534094e-26
100,166,-2.183300618397714,3.5709085854404884e-22
100,167,-1.9336005810404409,1.4398631493484446e-20
100,168,-2.366853484212527,3.284357355144166e-23
100,169,-1.7661783728292848,3.541293503484809e-20
100,170,-1.8725896240489348,4.369905037510827e-20
100,171,-2.345382950624722,7.647882756475646e-24
100,172,-1.9375383913681326,1.538272747818808e-22
100,173,-1.6044190666783607,1.2096446769795772e-16
100,174,-2.0521046562779706,9.838076444975743e-25
100,175,-1.8740307248944443,2.1857191356824208e-24
100,176,-1.9470817529634958,9.311180608542149e-20
100,177,-2.249368477900356,1.471208308223399e-26
100,178,-2.1758047099462567,7.645522627329859e-24
100,179,-2.0194959026474146,2.753564705497016e-20
100,180,-1.831339251895363,1.6612371053813254e-19
100,181,-1.7629636868513785,2.7693388605166296e-17
100,182,-1.7348401926351533,1.581365292732588e-19
100,183,-1.9128898302860096,3.0047987756167306e-20
100,184,-2.3509454472041167,2.498994981615454e-28
100,185,-2.190237420884909,7.770313813942236e-25
100,186,-1.7870868786076706,6.372474684027729e-19
100,187,-2.161482447234845,2.0530061569416928e-22
100,188,-2.1078368458226535,1.2270146271104157e-22
100,189,-1.7770366197645293,4.369577497926752e-19
100,190,-2.0417570773780325,2.33043870661394e-21
100,191,-2.0755580075722744,9.071080477790037e-22
100,192,-2.2236657374546054,3.221400091198567e-25
100,193,-1.930226608392755,8.964851837456325e-23
100,194,-2.1349965962916695,3.8666429334392875e-21
100,195,-2.113529596603853,5.2322948495817504e-20
100,196,-1.691290344785001,8.62311750291218e-16
100,197,-2.066358119752258,1.3992836606215082e-23
100,198,-1.9638151454691783,5.39539018493685e-18
100,199,-2.11875519041448,2.3676899061804162e-24
100,200,-2.115454635552763,7.211711067691854e-23
100,201,-1.9695560578803502,7.933156875862524e-23
100,202,-2.188254554813276,4.01969550116184e-23
100,203,-2.111044272619825,5.550145417799369e-24
100,204,-1.982649778920825,5.811316564930015e-21
100,205,-2.0474859834483112,8.843512056967366e-27
100,206,-2.0111762045562003,2.160243010391893e-22
100,207,-2.0966972089105926,7.232284908733372e-23
100,208,-2.198881304656995,1.6975780886018475e-24
100,209,-2.044642828958181,1.698838467657556e-19
100,210,-1.935368132316289,8.025006213910428e-21
100,211,-1.8899916696082126,1.041799233330271e-21
100,212,-1.9442939057112287,1.1400478755670083e-20
100,213,-2.0074173987618984,4.089388195615097e-23
100,214,-2.0526064008108262,2.6239584409293207e-21
100,215,-1.9652176819238374,2.9675791068572754e-17
100,216,-1.8287741097844687,5.3575269001224244e-17
100,217,-2.259503424400928,4.435441012041869e-21
100,218,-2.030932341799728,2.856396058816422e-28
100,219,-1.7731855498565023,1.0911862158707636e-15
100,220,-2.339906710378729,3.417065163440859e-30
100,221,-2.165824499834227,2.0719953817920058e-22
100,222,-1.749072886315309,9.39739236961196e-19
100,223,-2.2150016114578213,1.07813400856555e-25
100,224,-1.9827968647339604,5.953996901304343e-21
100,225,-1.9054527515899968,8.38535133172029e-15
100,226,-2.266587890458198,1.3860910385361414e-24
100,227,-2.129595863296088,5.100320440341243e-23
100,228,-1.9605637013113872,1.0386406777500591e-19
100,229,-1.6428564551634315,1.8520865021310056e-19
100,230,-1.9393516888106674,3.1053700034456174e-18
100,231,-2.0939422150528406,4.7244449135195525e-21
100,232,-1.8604201922075534,8.633171359738826e-24
100,233,-2.0845363271485526,1.1226920321319538e-23
100,234,-1.9669419576719624,8.794287335089114e-22
100,235,-2.231356114900307,3.1058528689261866e-21
100,236,-2.078588361907542,1.4188976119907206e-22
100,237,-2.2817537973545274,1.1341018326582487e-21
100,238,-1.8306517682510552,3.969231524095759e-22
100,239,-2.0944094049552753,8.855746761141637e-24
100,240,-1.9014017091648796,1.921067158988317e-19
100,241,-2.019015183117567,5.06891760228011e-17
100,242,-2.066541659066095,3.782645713935771e-21
100,243,-1.6877164400379252,3.061109192282595e-17
100,244,-2.238236395236295,5.1340135453010665e-25
100,245,-2.094945202162034,1.9191999302816217e-23
100,246,-1.8695606859302103,8.835377410705725e-22
100,247,-2.0635510252276044,1.215370641275549e-21
100,248,-2.055886563796646,4.797984421133545e-24
100,249,-2.2073541082911134,1.746314977100865e-26
100,250,-2.0769690958593134,1.322713503367894e-22
100,251,-1.8981679191442238,1.5764465071844447e-18
100,252,-2.255375234559801,1.4785914866831825e-23
100,253,-2.1036165691689277,2.1862384555985978e-20
100,254,-2.1562008576134364,8.247513617843547e-28
100,255,-2.0790505548547706,3.564658862764933e-26
100,256,-2.039028591045925,6.4227885995978644e-24
100,257,-1.9587129425031575,9.964770620598326e-18
100,258,-1.8486207500477132,2.5391698108500714e-18
100,259,-2.282366561095272,5.98425742480601e-27
100,260,-1.8978060603865012,1.1625993539342494e-20
100,261,-1.7885724347430747,2.2112799537863675e-19
100,262,-1.7278611445780951,4.3449784467148317e-13
100,263,-2.186655134890591,1.9584951318398065e-22
100,264,-2.003754615123551,4.5110192973738064e-23
100,265,-1.7903778755934958,6.01655543264872e-17
100,266,-2.0263564596303745,1.9711789359354295e-20
100,267,-1.9692580679470337,2.8716597485098145e-22
100,268,-1.9134459580804926,2.2208132526286752e-21
100,269,-1.764527760974631,7.684622072081095e-16
100,270,-2.3312280571491266,1.3968868045857985e-24
100,271,-1.9225097421766622,2.810950764506712e-21
100,272,-2.2406161216022413,1.0406232686610809e-20
100,273,-1.9332738928157465,8.2569931684706665e-22
100,274,-2.021631108323506,5.92845757145735e-26
100,275,-2.117035521085122,1.3786764887181032e-25
100,276,-1.7728114899389409,3.30107657006305e-17
100,277,-1.933882006293521,5.514542365596268e-18
100,278,-2.0132997987746277,9.883339781551587e-25
100,279,-2.063098098478969,1.0129736053576134e-27
100,280,-1.93912608301207,1.7875814703898656e-20
100,281,-1.8596034649161926,8.702965561703316e-19
100,282,-1.7538455463741025,1.2111976366508552e-17
100,283,-2.000241007260799,5.631346034095526e-24
100,284,-2.0993358964656528,9.3191124401112e-20
100,285,-2.1287937505301677,4.159258690571133e-24
100,286,-2.1854023699710083,6.500982199447194e-26
100,287,-2.1882271034057883,1.549495500595706e-27
100,288,-2.037538312793398,1.0015360980362912e-20
100,289,-2.166659900613338,1.1704343357491233e-21
100,290,-1.686187758882701,5.852560407490605e-16
100,291,-2.02728249502783,1.8614093797593702e-21
100,292,-1.9768310251815615,1.546645953054183e-23
100,293,-2.1657765596056233,1.7542552142522898e-25
100,294,-2.072329621039928,9.361082907896981e-20
100,295,-2.144016064865986,1.2799300340960701e-27
100,296,-1.8468106482315179,1.4018881450600817e-19
100,297,-2.042714614181076,8.313676623688002e-23
100,298,-1.8039471362019999,6.289164871010901e-17
100,299,-1.9313406815872245,3.6354620581955096e-20
100,300,-2.051924648762573,2.5762479295308288e-23
100,301,-2.0658931676965953,1.955875119830644e-24
100,302,-2.0305846791684337,2.3400403669455067e-21
100,303,-1.9410677537502377,1.4847324479571323e-19
100,304,-2.0261031792018134,6.053075519572246e-26
100,305,-2.059378187989494,4.715501071431736e-25
100,306,-1.8748456047390416,1.036136569786002e-25
100,307,-1.9927281142227962,2.3715989037354084e-25
100,308,-2.074262683547979,2.2817581432785167e-23
100,309,-2.058087524457534,6.3394331248642626e-24
100,310,-1.9836638429874176,3.411761943792857e-21
100,311,-2.376103077429029,1.9691351040582402e-29
100,312,-1.864503634007745,7.080065230054563e-20
100,313,-2.2109088076471677,4.15341627412921e-23
100,314,-2.091741294211472,3.69880465293247e-25
100,315,-2.030818713167453,6.936234184300393e-21
100,316,-1.908912395496161,1.7845533805334324e-18
100,317,-1.7913764419269969,2.682873233572797e-23
100,318,-2.079182583970155,7.333353491970496e-21
100,319,-2.1595560291295266,1.065474784819258e-21
100,320,-1.916974745354838,2.262573245793863e-18
100,321,-2.1088259241524883,2.1349443023621196e-22
100,322,-2.2311428053407987,2.144576927530024e-22
100,323,-1.889421825560082,2.8006857951640206e-21
100,324,-1.7822477964362413,1.5180982168124356e-17
100,325,-1.9442387718815564,4.649666528346657e-23
100,326,-1.8519374488306601,4.0254933204965416e-19
100,327,-1.8168345710782647,1.7605398626412988e-19
100,328,-1.9724512834628456,2.979127732192165e-22
100,329,-2.078980152022079,1.3276657699740188e-26
100,330,-2.0776689604551297,1.5675457692644386e-24
100,331,-2.2483157111334213,6.523420759967243e-26
100,332,-2.0143605404775107,1.3124184349327367e-19
100,333,-2.136292701005572,5.636579955543362e-25
100,334,-2.1310579412282493,4.8594741509107076e-26
100,335,-1.8710729053643904,7.258183673335313e-21
100,336,-1.9775363884627701,2.1602927661221067e-19
100,337,-1.9873885713004134,9.636500919681518e-20
100,338,-1.8803855311112416,5.155429437290238e-22
100,339,-2.1159930207254085,1.0616428218413823e-23
100,340,-2.063064673763588,1.0961107113312326e-22
100,341,-2.023318590644937,2.168840076414656e-21
100,342,-1.887075768300197,2.780179470661548e-22
100,343,-2.0588809868992666,6.493760771509912e-22
100,344,-2.177399115521972,4.957725589582517e-25
100,345,-2.110152304661698,1.7827569589001176e-21
100,346,-2.000992663403596,2.193751092435424e-20
100,347,-2.026496733723574,6.74893189322774e-27
100,348,-2.0612632615554487,3.2103548675011625e-24
100,349,-1.946771855124422,9.240067740614929e-23
100,350,-1.5555310270271523,2.9157557249695143e-12
100,351,-2.14929396573533,8.467743162660327e-23
100,352,-2.2851106238402217,3.910509002094671e-25
100,353,-2.127457963359878,6.838068510709911e-25
100,354,-1.7524779029644737,5.504124607336667e-18
100,355,-2.007111492869364,3.7553332941930646e-22
100,356,-2.1481532569646618,3.3538378639559004e-20
100,357,-1.9979260660961327,2.4967689314836334e-20
100,358,-2.162191776884489,4.853322406847942e-22
100,359,-1.8922805911651457,3.310337050212232e-17
100,360,-1.8631185447204084,5.902770267533988e-17
100,361,-2.2807307322293315,7.117287139817736e-24
100,362,-1.9235466907753107,7.763845634648828e-21
100,363,-2.0262443774039145,1.251557897080285e-27
100,364,-1.9653792494487643,7.920445308699768e-19
100,365,-2.0271132687809637,6.438452156812577e-19
100,366,-2.171764310728653,1.1865726625037438e-22
100,367,-2.0736363791413766,4.913968806155629e-22
100,368,-2.091308643997837,2.2813748490921047e-23
100,369,-1.9416590530359956,2.134731449754157e-16
100,370,-2.2133903457449895,1.0915830783182144e-21
100,371,-1.8775869271076928,8.309492460524068e-19
100,372,-1.9959069747308122,4.917590464830609e-22
100,373,-2.1069826773686824,2.9337705335615205e-22
100,374,-1.91275632638163,5.465339324655919e-25
100,375,-1.802825325588497,1.3280829555066906e-14
100,376,-2.0293329491666183,1.701742779386543e-22
100,377,-2.0311390804978444,2.335502909857346e-18
100,378,-1.9395802245117828,2.3988840714584125e-23
100,379,-2.125962042379933,1.5182753180752492e-19
100,380,-1.7060935599027731,6.7533512822726264e-18
100,381,-2.087913698630085,9.30546026774224e-20
100,382,-2.1308367188571165,9.667149838642595e-22
100,383,-2.0001893604348835,3.794647863360776e-23
100,384,-1.8635305696777484,3.925902079836003e-18
100,385,-1.9463515676705052,1.0474991186618484e-18
100,386,-2.004134811459182,3.495236835363045e-25
100,387,-1.8858271668418434,6.758468350058751e-22
100,388,-2.031355611956303,2.385009522768067e-19
100,389,-2.1390846468128943,1.4919792581149983e-23
100,390,-2.1272667143947634,6.541336097859988e-23
100,391,-1.9086873067139853,6.090993877519313e-21
100,392,-1.9520595249253736,1.1591281609458625e-21
100,393,-2.042483675803738,3.046936633572984e-20
100,394,-2.1148186268985496,1.2286095355846036e-23
100,395,-2.07890170167179,2.9232909528955197e-21
100,396,-1.8894602414126496,2.2370238698669726e-22
100,397,-2.204664014468304,7.681949239073809e-20
100,398,-2.1431326442075562,4.420215747071922e-26
100,399,-1.9249872164630517,1.5763697863218058e-19
100,400,-2.113475009415181,3.3308994908702857e-21
100,401,-2.110183495391153,5.914275633524613e-24
100,402,-2.1694629283025675,2.0651533580078607e-27
100,403,-2.0679306147265057,3.424586860249285e-20
100,404,-2.063276581462098,3.433773518332517e-24
100,405,-2.3512264872811146,1.6436604137748393e-25
100,406,-2.147808696537534,9.880450700591211e-24
100,407,-2.022702054709967,9.469377958610022e-22
100,408,-2.0804417102569586,1.5595223065295782e-20
100,409,-1.9782388465015863,4.2319925743629826e-23
100,410,-2.1616559853739963,2.726440593915889e-25
100,411,-1.8627321111734663,7.309545401717713e-20
100,412,-2.019914300250206,1.3433755010640204e-20
100,413,-2.0616043942724698,3.5438783407827974e-28
100,414,-1.9912013055750188,1.0608606982463605e-21
100,415,-2.0966037304624674,1.0399039169714691e-21
100,416,-1.9830838010188456,4.2838482289894666e-21
100,417,-1.833733912616803,5.503944475282127e-20
100,418,-2.154313394686313,6.831812280108196e-28
100,419,-1.9547264787974399,1.714679829788227e-20
100,420,-1.789966247794199,5.686279943144482e-17
100,421,-1.7835954682635249,1.4404678267741811e-18
100,422,-2.2139215859399908,1.2831459938862484e-30
100,423,-1.8052831510803387,2.7488967116708018e-18
100,424,-1.9096567578752879,2.999041747691897e-19
100,425,-1.8811482372515522,9.956902663321775e-19
100,426,-2.0475534381055125,3.453564072064805e-24
100,427,-1.8620045413992736,1.4133305624466718e-21
100,428,-1.8996405420014577,3.892769897538588e-24
100,429,-2.067873464369458,1.6627534203949551e-25
100,430,-1.9162429925290212,5.731477450389056e-25
100,431,-1.9259768757587548,2.3933918450640803e-17
100,432,-1.967809313559573,7.564748213354589e-19
100,433,-2.0813457882461703,5.817838461931636e-23
100,434,-1.782995215451181,1.117379933535421e-18
100,435,-1.8970313660986537,3.449459636693935e-17
100,436,-1.9690787053442227,1.8904823019608283e-18
100,437,-1.8891747647187058,7.478761548096115e-21
100,438,-2.1063487885694085,8.895782084080656e-19
100,439,-2.021125408320887,1.924679176726539e-21
100,440,-1.7962044368302514,7.86546687932494e-18
100,441,-1.9983660272441002,2.6653347393435153e-27
100,442,-2.2876615594217515,2.427309618820844e-25
100,443,-2.054211932741893,8.171767120240986e-22
100,444,-2.0548929216052167,1.3253531221157128e-21
100,445,-1.9200931792666012,6.523391794269468e-20
100,446,-2.1266785262712196,1.2634381718683438e-21
100,447,-2.234790990573461,7.280392822042325e-25
100,448,-2.1406544449227267,4.900378730775671e-21
100,449,-2.037156290187342,1.511147277313406e-29
100,450,-1.7735280344910098,5.165791427128786e-20
100,451,-1.9887524101749339,3.8450327991016084e-25
100,452,-1.9943920442027654,1.0507237055217946e-20
100,453,-2.204586188469186,4.114203282661653e-25
100,454,-1.9649967829544854,9.139482286730438e-26
100,455,-2.0608162576489875,2.3896996643612093e-28
100,456,-2.1003746234339022,1.0902984220025755e-23
100,457,-1.6386749891057582,1.2115589749135095e-19
100,458,-2.043407342249239,2.4824604458063342e-23
100,459,-2.0571555236015273,8.304533207234267e-25
100,460,-2.0964661531634645,5.125937174155928e-22
100,461,-2.0188321157345204,1.0306131216792812e-20
100,462,-1.6808684761418773,6.958775895106118e-17
100,463,-2.1010621999271653,3.913187046971922e-21
100,464,-2.1207057101532323,1.548000563836184e-24
100,465,-1.8136576911040239,8.585277097720486e-18
100,466,-1.85500547248534,1.4690319015811887e-28
100,467,-1.7846591331428119,3.183935713120289e-21
100,468,-2.347833862791324,4.404356875942961e-21
100,469,-2.0242067391442324,1.1180209053638007e-22
100,470,-1.9679578675599023,4.628293165566875e-22
100,471,-1.8761927697608947,4.283970098789642e-22
100,472,-2.2918433129604576,3.754403094580212e-24
100,473,-2.142837775112742,3.17947975488077e-23
100,474,-1.876609390103659,4.050514138197151e-19
100,475,-1.9883255773659219,5.605357732158698e-20
100,476,-2.2068553976429968,6.008526958515526e-26
100,477,-2.1812241181600927,1.400006217929778e-23
100,478,-1.9581907363065447,1.3159956448083896e-24
100,479,-1.8715187955833485,1.8944378009078706e-19
100,480,-1.7602537696064973,3.275163834173591e-18
100,481,-1.6861905269626831,5.075113822069255e-14
100,482,-1.9613577113116367,1.0625178573835959e-21
100,483,-2.187619360424712,2.003852126270981e-23
100,484,-2.009314266114842,1.6531695034416598e-19
100,485,-1.8360061334330666,3.5134640124500283e-19
100,486,-2.016478685367871,3.178381236938146e-25
100,487,-1.8545886931965256,7.659415027827629e-22
100,488,-1.8707863574328947,1.9216060209317824e-17
100,489,-1.855000677270393,1.8864206845083532e-16
100,490,-2.2605312493034653,3.030754622636334e-20
100,491,-1.7449126422118741,2.570418589721687e-13
100,492,-2.127534128326462,6.573602221626768e-23
100,493,-1.9788965799433527,3.766358317129056e-23
100,494,-2.141911440880511,5.992982362479295e-25
100,495,-1.978456599351179,8.868683130277514e-24
100,496,-1.8874912409513964,1.6713608301581162e-16
100,497,-2.2997704864564747,8.818401258502581e-27
100,498,-2.0548622471557065,1.4977828592843107e-21
100,499,-2.225513359704946,6.309943754229233e-24
100,500,-1.6583567533670056,9.579125683379112e-17
100,501,-2.313581647567247,6.490710396339527e-24
100,502,-1.8610734713975567,1.7004675882618871e-19
100,503,-1.9873237034083822,3.4378692059868087e-23
100,504,-2.107966351705497,1.452574973686781e-23
100,505,-2.0057182184940947,3.43513464507413e-22
100,506,-1.7823255499850816,2.2961917614598097e-21
100,507,-2.108128204075193,8.25060563095943e-25
100,508,-1.5706446368853841,3.176220168165784e-15
100,509,-2.0578086115500316,1.4275132048513076e-24
100,510,-1.81962896233172,3.645636722705349e-21
100,511,-2.0187093893305867,5.0174067748445195e-24
100,512,-2.2901222265820502,1.9843136437449684e-26
100,513,-2.14531192342793,2.2815796773593896e-20
100,514,-2.424154987446485,1.0214727800672159e-22
100,515,-2.1519778219065406,5.294175287283903e-26
100,516,-2.1380518454585764,1.2270406551599462e-22
100,517,-2.0513977063327973,6.201383098377702e-21
100,518,-2.091934481230273,3.9106267614573045e-23
100,519,-1.90618865514781,5.83634361021062e-24
100,520,-2.025059237383152,4.9180007181212895e-25
100,521,-2.087018239887347,1.5262716438473417e-21
100,522,-2.1658221860033127,1.7417875649469345e-23
100,523,-2.138093222891528,1.7154952498435617e-21
100,524,-1.479912080659635,6.070100003926701e-13
100,525,-2.002996595957712,3.53178392734802e-23
100,526,-2.1998881038687568,7.885239754617823e-22
100,527,-2.079737999582278,3.068334607603901e-21
100,528,-2.350794327459644,4.504708632688694e-24
100,529,-1.9828076091762714,2.6904639188396324e-19
100,530,-2.1622434281550635,1.3998687749812249e-24
100,531,-1.8106939183814275,7.8402900498974515e-22
100,532,-1.8308904813511715,9.335061156298835e-18
100,533,-1.9905585174352716,6.429810611803265e-25
100,534,-1.9357264208803304,1.7540112306686397e-24
100,535,-2.026847034532402,4.722080860869419e-27
100,536,-2.0791297414242873,2.900746000618818e-20
100,537,-1.9234640293218916,4.166016678970471e-21
100,538,-2.0245713246378356,1.2464986714128772e-20
100,539,-2.035731150314845,3.1318181340527853e-22
100,540,-2.193158903073674,7.113054136879514e-24
100,541,-2.1665159168692885,6.149549518495176e-24
100,542,-2.1062841712479363,1.9424822281368646e-22
100,543,-1.8528210723624818,6.157702524549771e-21
100,544,-2.0879937345232875,1.3631419402746803e-21
100,545,-2.1324318057688227,7.342918979574953e-23
100,546,-2.002919263886195,4.6497227437047794e-20
100,547,-1.722334397871081,1.646459657843828e-19
100,548,-2.0380519137108912,6.8642811483205995e-18
100,549,-2.113124495096595,1.3369306168715317e-26
100,550,-2.1296538562542295,5.0005880635161325e-20
100,551,-1.8118587200891323,5.978464439279618e-18
100,552,-1.8187925509996958,1.500532650962049e-17
100,553,-2.266417394996747,5.6137256472614696e-27
100,554,-1.8417003091483926,3.852031122061222e-18
100,555,-1.9510102662620197,5.82969479248603e-23
100,556,-1.717903505869966,2.4121473331192005e-17
100,557,-2.2708198322126547,3.33146863352573e-22
100,558,-1.736578177077008,2.9454328620295507e-19
100,559,-1.7854848184409589,2.1066750339837022e-20
100,560,-1.8670616235111153,1.9055168470581292e-19
100,561,-1.920377436585425,1.3881672868813592e-22
100,562,-1.8395615908989962,5.3282144856671706e-18
100,563,-2.0096166891686185,1.0366860312113592e-17
100,564,-2.1557459445370224,1.409918694083668e-22
100,565,-1.835948040341906,2.680381143710241e-19
100,566,-2.02723835252126,1.926641359894482e-24
100,567,-2.0855438668756197,1.582288625880101e-21
100,568,-1.9638808667863739,4.224643035149415e-20
100,569,-2.043813813531264,7.851648082263805e-18
100,570,-2.0747258144467686,4.7646336474111045e-21
100,571,-2.039774543850376,3.721972952504608e-23
100,572,-2.2350548928053495,6.706539827637854e-21
100,573,-1.8914018183424401,2.239007913137535e-19
100,574,-2.0326096578033583,6.160933334905072e-19
100,575,-2.140938278839244,1.5667771361316007e-23
100,576,-2.039372788988965,2.1336521116139495e-24
100,577,-1.9542410411627253,3.2369416117876203e-19
100,578,-1.9417098361233904,3.009140209736638e-18
100,579,-1.7170862591324756,3.77084330221355e-15
100,580,-1.7454677103924192,2.8283539552631327e-16
100,581,-1.8171668394103522,4.6853704780083e-22
100,582,-2.0090148494119164,6.069807609017138e-18
100,583,-2.1186185575172622,5.355608956262192e-20
100,584,-2.1734550057284387,5.281942263070585e-29
100,585,-1.8713545968892271,2.422170664462675e-21
100,586,-1.9411999972416618,3.5252533281533373e-17
100,587,-2.085726428372639,2.825004485017221e-22
100,588,-1.9645743935141171,1.323084504790895e-16
100,589,-2.4641101489585235,5.782422468601208e-29
100,590,-1.7024516706432227,6.408341521820312e-18
100,591,-1.955657042835245,8.193297186071272e-20
100,592,-2.216089319206314,1.985494850119537e-29
100,593,-1.8379125370721896,5.420791396263399e-18
100,594,-1.9829306265072653,1.191078384301332e-22
100,595,-2.136633411182663,1.9939122532398969e-19
100,596,-2.0245523187994428,2.732185166853498e-21
100,597,-2.188878705181727,1.53991477354312e-22
100,598,-1.921879624397155,2.5273712884445325e-23
100,599,-2.107388728421431,1.707241684425753e-18
100,600,-1.983015797404141,1.0170989220047038e-23
100,601,-2.114595241111373,2.2783580284073192e-26
100,602,-2.06241079701078,3.0159620703893623e-27
100,603,-2.1977545788822725,3.151809894209513e-25
100,604,-1.891918645038512,8.540037675870266e-23
100,605,-2.2572301638128467,3.1927970976605824e-26
100,606,-2.3292757579541323,9.07084449724695e-25
100,607,-2.3093762165036598,1.7442430857951527e-25
100,608,-1.7940502561954537,1.6124244106556147e-17
100,609,-1.9606463851995386,9.982384449285602e-21
100,610,-1.8970087569797176,9.261633201619875e-18
100,611,-1.958552009446021,6.872253391736686e-23
100,612,-2.0382002281485914,7.36718050161468e-27
100,613,-2.2778851343105098,4.48446535886472e-27
100,614,-2.400593630579925,4.541504621246172e-23
100,615,-1.8550788721913198,8.818029102610971e-19
100,616,-1.7620746294323277,1.3973787024712447e-15
100,617,-2.133185406739945,5.470552665110169e-24
100,618,-2.1450997765276183,6.943220929220102e-23
100,619,-1.765892400598874,7.97375284197691e-16
100,620,-1.7643746026063072,2.27871474549395e-20
100,621,-1.9135526915577659,1.701846399741308e-20
100,622,-2.4524994183578928,3.592953112066947e-25
100,623,-1.9343986437082386,1.6881402079812855e-20
100,624,-2.205584210209243,2.3155977844117936e-24
100,625,-2.1320743642573916,4.6665924393219616e-23
100,626,-1.7376957485743976,6.184787852263333e-18
100,627,-1.9581023671483022,9.793035056376444e-24
100,628,-1.933963521319682,3.304572489574954e-20
100,629,-2.103654843827993,6.534114095345831e-24
100,630,-1.8325574014499617,5.804283515061933e-23
100,631,-1.9470949517302527,2.4932385721227187e-20
100,632,-2.20744964824713,5.944975215155988e-27
100,633,-2.1548839588897453,8.256142956777622e-24
100,634,-2.025448694365717,5.5471046023923405e-25
100,635,-2.05388688168184,8.38459368928585e-23
100,636,-2.139162905031548,2.981097175813726e-23
100,637,-1.9074168162959726,7.864170924729746e-18
100,638,-2.109851030171219,3.592215306291236e-26
100,639,-2.2452632471068936,9.588492391137319e-26
100,640,-2.1299754385458645,2.325265098791853e-25
100,641,-1.997392318370724,1.5835430372938852e-21
100,642,-2.0029227754139134,1.5516627986804105e-21
100,643,-2.1654891912402228,2.383228570399411e-25
100,644,-2.2985213557964497,1.2745784064245477e-21
100,645,-2.0348391251835665,2.4575638314021627e-20
100,646,-1.8186060246643727,1.1174356725010256e-19
100,647,-2.0798809504207316,3.867884841793884e-24
100,648,-2.252278177987991,1.719122343893775e-21
100,649,-2.2747356060397346,2.620165661529661e-24
100,650,-2.1797497957909284,1.519908746533658e-22
100,651,-1.8927625386288636,2.392207890283659e-22
100,652,-1.8804508264877713,1.2836081557604604e-19
100,653,-2.094172319297881,2.2327479407188377e-22
100,654,-1.9402619200971944,2.7288023031648956e-19
100,655,-2.0353795108561146,1.9134706367888243e-23
100,656,-2.0706949781474524,6.203026706090471e-23
100,657,-2.044272531725121,2.269906915075235e-22
100,658,-2.2534142547245493,3.260388030507753e-20
100,659,-1.9977939487514131,1.02796359568255e-19
100,660,-2.2862886696239038,3.6950610137656495e-22
100,661,-2.1373571599114234,2.0212414654347627e-20
100,662,-1.9087268113205527,1.1024703838298436e-17
100,663,-2.0071105698412506,1.3275564539775605e-24
100,664,-2.3064931265480366,8.014505982104812e-21
100,665,-2.0320899872135048,2.0031312975323427e-17
100,666,-1.9307144059316066,1.2183890904975026e-24
100,667,-2.1582091764700104,1.7904615804900622e-19
100,668,-1.9636740599132532,3.880477332700544e-22
100,669,-1.9989874716682916,4.594981327243905e-21
100,670,-2.012526595051515,3.1602462489711067e-20
100,671,-2.142053655351752,3.4722209407969e-27
100,672,-2.003536445116869,5.527213046863195e-20
100,673,-2.084027775573589,2.2520116117679e-25
100,674,-2.296470372388802,1.211810318938103e-20
100,675,-2.1146247343201887,2.6399434979763814e-22
100,676,-2.1256761852882473,2.0889402267661295e-21
100,677,-2.2074360393907577,1.1887887828993014e-29
100,678,-1.908326502326151,1.8377959452386174e-20
100,679,-2.0871355821217277,1.389444267853684e-22
100,680,-1.7746003776602741,6.229068543509873e-19
100,681,-1.927934246136175,2.891975775858839e-18
100,682,-1.8500351908396286,1.410194244349882e-19
100,683,-2.143747408084155,8.98562027031082e-20
100,684,-2.0291001532057455,2.8525754776169727e-24
100,685,-1.8997158497246724,2.650683725496398e-23
100,686,-1.6305307633801576,1.231336228019962e-21
100,687,-2.1745058696629496,2.461093132072771e-24
100,688,-2.225714121421565,2.5149093781831958e-30
100,689,-1.9778851651400249,3.2358783084622925e-20
100,690,-2.2302936104874194,9.117701109860663e-23
100,691,-1.9748656559966857,1.2032660824597538e-20
100,692,-2.2085074492225036,3.8764687506382337e-22
100,693,-2.391105532907126,1.2635482336252862e-24
100,694,-2.0515366077683392,6.514350000329417e-23
100,695,-1.8008284256893932,2.6608939942300144e-20
100,696,-1.9855902867680815,1.2674716341603994e-24
100,697,-2.1018908399505722,1.3869360580566377e-21
100,698,-1.949138952699001,1.0564387268816746e-23
100,699,-2.0196342133117255,4.032505074368344e-23
100,700,-2.109930556889232,1.7895483076382284e-20
100,701,-2.3751814276870302,9.344258661292568e-23
100,702,-1.985984263605788,1.9693551634659514e-21
100,703,-2.067455071395349,6.558705637103423e-25
100,704,-1.8086496190797448,2.784333819971298e-17
100,705,-1.9965194897771381,4.766890742970723e-21
100,706,-1.9229734870458897,5.953331923293505e-21
100,707,-2.1429514765625886,1.750745609398043e-21
100,708,-2.0073197197233634,1.3915813474754394e-22
100,709,-1.7467086069365925,9.170218456842324e-20
100,710,-2.2398059285148975,1.5943362912495792e-26
100,711,-1.9861777513380892,6.4955652366066705e-22
100,712,-2.235809386833946,1.9287766152383585e-26
100,713,-2.1370269142062446,7.385483346247757e-21
100,714,-1.979463231987669,1.943122083742686e-24
100,715,-2.112970997280714,2.5774502121083837e-23
100,716,-2.064926431678029,7.122583349430478e-26
100,717,-1.8129484462900178,1.8823383792651156e-21
100,718,-1.9889074712821087,1.6098194632556428e-19
100,719,-1.8695084291349486,6.602694679922927e-18
100,720,-2.0806058613824066,2.103276901358393e-20
100,721,-2.1865314887359046,1.1576505422455274e-22
100,722,-1.9069068617606524,2.2549103182762445e-20
100,723,-1.9260322893288775,2.399272716032604e-22
100,724,-1.9844680214959505,1.9435469068677676e-23
100,725,-2.0961086482355356,1.1027033096630076e-20
100,726,-2.1992828600794416,2.3148007020939135e-20
100,727,-2.422472834022633,2.1791059434831658e-25
100,728,-2.1111919460868833,5.923920422179725e-22
100,729,-1.8905387675660128,1.8754140325513118e-23
100,730,-2.06448714169428,6.841327948235714e-25
100,731,-2.0561913015229916,3.8182881337113982e-22
100,732,-2.1865725105861316,1.173948363249261e-21
100,733,-2.107603208424088,6.5248983465212186e-24
100,734,-2.179727266914396,1.410012591314284e-23
100,735,-2.231946851380542,1.2435619057078271e-23
100,736,-2.0222912460542837,2.6991288606271066e-18
100,737,-2.3690326393875463,1.2894197636781629e-26
100,738,-1.9535156236964673,1.5389405812485715e-22
100,739,-2.0249586680700435,6.175346431903254e-28
100,740,-1.7233864326574366,9.359082070861367e-15
100,741,-1.9873390060022702,1.1028631162671027e-25
100,742,-1.7953719253719198,5.683132288877665e-23
100,743,-2.026480764808201,2.1495000824269706e-25
100,744,-2.189372736792575,1.1422611654666441e-23
100,745,-2.152574238845742,6.982112933407484e-23
100,746,-2.0333303245628063,3.332102697874483e-25
100,747,-2.1589683194595946,5.27775196113114e-26
100,748,-1.7702863574141627,6.115901081769483e-16
100,749,-2.3229176161421874,3.038085945475459e-28
100,750,-1.7750441163061783,4.379747430154945e-22
100,751,-2.1601164540922113,5.56881473989562e-23
100,752,-1.8744467058627619,4.324209063501269e-21
100,753,-2.248824493997283,5.726991112220824e-23
100,754,-2.129280535612665,1.4463720081890719e-25
100,755,-1.8957696019086656,3.513363454507814e-21
100,756,-1.9705335183520427,8.140598122489627e-24
100,757,-1.8788901758717822,4.38161111575233e-20
100,758,-1.8639302003943117,1.4360753577401576e-18
100,759,-1.8503076885460814,2.5450316997377152e-21
100,760,-1.9427621381129754,2.986605834755026e-23
100,761,-1.9868206693617028,7.098101886642677e-19
100,762,-2.170860249299941,5.2085999138573346e-20
100,763,-2.179693281098648,3.9594023934459243e-25
100,764,-1.7988818619667235,3.157143984211152e-22
100,765,-1.8832575809458998,3.285897041483856e-17
100,766,-1.8182123297786568,4.960015394109738e-18
100,767,-2.2731719626879237,7.355664432223694e-28
100,768,-1.9412896826108454,5.500886178459616e-25
100,769,-2.144554495032435,1.6612982888844753e-22
100,770,-1.9563797653392943,4.904614808935897e-19
100,771,-2.011886355912302,8.44294188401706e-21
100,772,-1.9305481210674573,9.84269018633009e-26
100,773,-2.0527074100825136,1.5166877269254418e-20
100,774,-1.904605309437903,3.2509614498551484e-20
100,775,-2.159628929267898,2.1632353260782362e-20
100,776,-2.108717152809426,9.521533934805373e-25
100,777,-1.9047641671106206,2.875674157311093e-17
100,778,-2.1769069992599244,2.4486252034774616e-22
100,779,-1.936671394297683,1.2220366976716987e-18
100,780,-2.178635628214545,4.0681616535820656e-23
100,781,-1.8510168289306748,3.1979435965511265e-19
100,782,-1.822691809783466,3.7697064178934166e-19
100,783,-1.9232735207279088,1.4514090075593085e-22
100,784,-2.123420700472871,1.8599702290802273e-24
100,785,-2.0989976655733535,1.5903515003095272e-20
100,786,-2.088942078914294,5.468242845415223e-23
100,787,-2.1420047475865447,3.4293305901571e-21
100,788,-2.0046696194503424,8.793225148728308e-20
100,789,-2.129551594411555,1.0930423621599254e-23
100,790,-2.0434022080328083,7.980065590394527e-24
100,791,-2.1207462115945797,2.141927823331192e-28
100,792,-2.0188695180032523,2.9670231170142454e-23
100,793,-2.093929942481326,4.1306312732714645e-19
100,794,-2.1942114519414258,4.8233346836063996e-24
100,795,-2.1944302372099305,1.3768903000795802e-25
100,796,-2.005040233136751,5.983400800921404e-24
100,797,-1.668140427913496,1.2717819346367543e-21
100,798,-1.752444276558089,3.731878121995119e-17
100,799,-2.0951939791358596,2.0641214039114117e-24
100,800,-1.9324717556578062,1.0315022802440093e-18
100,801,-1.8096018699298746,2.1028163312201573e-21
100,802,-1.9808252254910883,8.090757739577833e-22
100,803,-2.0127988343280387,1.4249865851993632e-19
100,804,-1.8176310837574405,1.2026036757672779e-20
100,805,-2.047864882700429,1.2154642429830974e-21
100,806,-1.9065712333854856,2.498514246603879e-22
100,807,-2.12390632102378,4.052909664404375e-23
100,808,-1.940796856977073,4.421865081055801e-27
100,809,-1.927557795257366,5.86148188354739e-23
100,810,-1.8507142842175455,1.5282816581550883e-19
100,811,-1.990911267604158,1.2166907128840076e-22
100,812,-2.256951356956808,1.8848153306107633e-22
100,813,-1.9795479459322118,3.3303371063948e-20
100,814,-2.0167786415904114,7.923175252386178e-22
100,815,-1.791476011395158,1.2709858162487886e-20
100,816,-1.950555754682778,4.0004764444949525e-17
100,817,-1.9082755546969539,8.079555968368868e-19
100,818,-1.7671026555722467,7.750420882645581e-21
100,819,-2.0949102158597332,3.8662305383947457e-26
100,820,-2.1211327256166532,8.634966991774798e-27
100,821,-2.3794618970121926,1.5865771822345454e-31
100,822,-1.8452799655285475,1.6650513791392935e-18
100,823,-2.076171483369764,1.1554181831851498e-19
100,824,-1.8577560511116902,5.704986455082819e-21
100,825,-2.113462062365656,1.1809776629707955e-19
100,826,-1.729193472439225,1.8220358579660433e-17
100,827,-2.048039737629791,1.0205965155872723e-22
100,828,-2.2598797262287222,2.957595560663312e-23
100,829,-2.29360183159981,3.3261471654620803e-20
100,830,-1.886966001084355,1.2412191412556795e-19
100,831,-2.02564123232321,4.1699348437173095e-25
100,832,-2.089362957169304,3.0157787616313587e-21
100,833,-1.8174584731356083,3.0375248563857143e-18
100,834,-1.9827483419687102,4.588735552070694e-24
100,835,-2.168380023384982,1.5837870626120996e-21
100,836,-2.260754594239166,1.182828474667586e-26
100,837,-1.9563420331189558,1.3559854899990445e-23
100,838,-1.9933837248504789,4.150685201243644e-26
100,839,-1.6325991069725285,9.086510793027004e-18
100,840,-1.9983130133482776,3.075727302526491e-21
100,841,-2.207556005668557,7.459082561225701e-26
100,842,-1.808866660414627,3.5223540475802034e-21
100,843,-1.9301314469191206,1.8935638003617853e-19
100,844,-2.020820452098002,9.686918002506403e-26
100,845,-1.838351904527821,1.0001112713610319e-16
100,846,-1.995166660019045,2.6482716693150375e-23
100,847,-2.0882144259427418,2.154499744706919e-23
100,848,-1.9906540815751637,1.9056006664666642e-21
100,849,-1.9847849072767891,1.1243486243907537e-24
100,850,-1.9815503795067402,5.6309626133207846e-24
100,851,-1.8712010319940342,5.303956217572627e-17
100,852,-1.6870929439260012,2.2699724487689076e-16
100,853,-2.037742807762325,2.319058809817285e-20
100,854,-2.0608490851061365,4.2783250223392197e-23
100,855,-2.085321458718542,2.989562560578586e-22
100,856,-1.9976605859692818,5.7231891235316175e-22
100,857,-1.959003238432829,4.4167535316561113e-26
100,858,-1.831765893055815,1.1536843892105748e-18
100,859,-2.0274146497115186,2.5189972128306607e-23
100,860,-2.1408844889128327,1.1167531307800792e-21
100,861,-1.9163778037504198,3.1400408024477495e-21
100,862,-1.9217545135195255,4.742271190336617e-17
100,863,-2.2406191451884574,1.6043725724658514e-28
100,864,-1.8725485309609065,2.6310592360428388e-17
100,865,-2.013354597352885,1.3937420157964169e-21
100,866,-2.1540471535943073,8.522685580578207e-21
100,867,-1.9168886228195596,1.7714626010392731e-19
100,868,-2.164490872880344,2.9492744406926497e-27
100,869,-1.9358824908241496,3.777605041941712e-19
100,870,-2.14454207637731,4.8022531549840445e-24
100,871,-1.8961532412256776,4.9282944981243204e-18
100,872,-2.23062375051152,2.6846476209363584e-26
100,873,-2.2393223950507686,2.3339087161105166e-22
100,874,-1.9390420458388986,3.682142074793408e-19
100,875,-2.311845896708525,2.0040120514960235e-22
100,876,-1.5226035980087653,1.0485417166766177e-12
100,877,-2.017344817510258,1.5987610987789459e-22
100,878,-1.9789268595890448,5.921352954708611e-19
100,879,-2.068499619778719,7.453781705303036e-24
100,880,-1.7600002855908254,1.1021267205210886e-14
100,881,-2.0463068245556064,9.856064092007728e-25
100,882,-1.9071759947689175,1.5795162714111795e-22
100,883,-1.9554984325706748,7.235385569349441e-18
100,884,-2.267897458579575,2.1396515467400166e-25
100,885,-1.945785219218072,3.1208542097485113e-19
100,886,-1.9376453086992722,4.100188854013584e-20
100,887,-1.8114317970999432,6.757584927349303e-21
100,888,-1.9878007084474714,5.551875224527733e-24
100,889,-2.301204121589117,2.2992062556649583e-24
100,890,-2.1083910199574643,6.128123786083114e-22
100,891,-1.8735760887341097,4.089675595447041e-20
100,892,-1.770752187122099,8.921158064643605e-18
100,893,-2.195993460567384,7.378898415705385e-24
100,894,-2.1591332199828397,2.126828142671429e-24
100,895,-2.147600590812665,4.8032087483844475e-26
100,896,-2.1067342176316313,1.4241380902729912e-27
100,897,-1.9347437929357927,1.0364321862276639e-20
100,898,-1.9024598971671667,3.779323707950774e-23
100,899,-1.9998516571381284,1.2848129941241254e-19
100,900,-1.9929695996447618,3.3534741467170297e-26
100,901,-1.9838383091870124,1.4789629948094696e-21
100,902,-2.077007912938674,7.898442301890775e-22
100,903,-1.836124978041548,3.259016728199163e-17
100,904,-1.9426244209948482,2.71207217759659e-22
100,905,-1.965867197916368,1.7589500961162996e-21
100,906,-1.964463829291324,6.13007225317063e-25
100,907,-2.213541803357028,3.4522027116574516e-26
100,908,-1.819331948203434,1.2625801635743097e-18
100,909,-2.0170946902626765,1.934707269483637e-21
100,910,-2.126087707210795,2.8435891896673474e-22
100,911,-2.4476884832475,8.431118830567905e-28
100,912,-2.0264917970041845,4.6538437000565326e-21
100,913,-2.094570228631367,1.7651178687332645e-23
100,914,-1.936751664555178,8.576391231592587e-23
100,915,-2.115748961556113,1.3328391899538878e-25
100,916,-2.271810571194912,1.2134560995444117e-27
100,917,-1.8807812983832584,9.08623020244409e-27
100,918,-2.143559320020521,7.418044378550758e-26
100,919,-2.133552460239393,4.253118558649405e-25
100,920,-1.8040326585618045,5.0326629361390895e-21
100,921,-2.0935121711319233,2.076424391479929e-24
100,922,-2.035505919989408,1.4014909562282385e-26
100,923,-2.267880254373174,6.384014176219337e-23
100,924,-1.8774595923185924,2.660295462681279e-23
100,925,-1.9204276423430215,4.740190369413042e-25
100,926,-2.263259238440158,5.8672208068455064e-27
100,927,-1.983191880002937,2.0767713405575998e-18
100,928,-1.9875517776505482,1.523930866088004e-23
100,929,-2.1557156352420233,1.2849162294646873e-24
100,930,-1.902857088487636,9.024454663002592e-23
100,931,-2.2336785861731148,3.747569716379686e-19
100,932,-2.127483195972869,2.721854909354399e-23
100,933,-2.195312737900128,1.3304042201890085e-24
100,934,-2.0866962613087887,2.330346154609852e-23
100,935,-2.117256254847385,2.901561185498697e-20
100,936,-1.809901300441913,1.5811692859284509e-18
100,937,-2.2772957255841897,7.546264432591112e-25
100,938,-2.112685282409018,5.381157129010655e-22
100,939,-1.8588026653325933,1.425331119659128e-20
100,940,-2.2419817283357677,1.1160634144190617e-22
100,941,-2.1880839038778506,1.296197528853995e-29
100,942,-2.142784106243803,9.89293542441969e-21
100,943,-2.043940563375946,4.664577286472722e-20
100,944,-2.193837716786298,3.5706120608645426e-25
100,945,-2.0194507055138073,6.142681100286569e-22
100,946,-1.9211379581911823,1.5564184671295821e-19
100,947,-1.9645847344707903,7.850619530338332e-27
100,948,-1.9619995258589986,5.596865172450846e-23
100,949,-1.716122357320958,1.304415117566484e-19
100,950,-2.2776047986569594,2.6526349482964912e-21
100,951,-2.0976582645885395,2.8212608601041783e-28
100,952,-2.084782063288608,8.855819452300663e-26
100,953,-2.1126916961839513,1.7614692131043626e-28
100,954,-2.0801162995301636,3.0430748404404715e-25
100,955,-2.0409962615246133,4.328164357921225e-22
100,956,-1.986817640119546,1.703691039330582e-23
100,957,-2.056330601658442,3.567827487485384e-23
100,958,-2.217326854237652,1.0435453486110836e-25
100,959,-2.157894588295867,5.629199435559813e-27
100,960,-2.3615196333339545,5.071591499602753e-27
100,961,-1.92498011904563,1.3428236809073048e-16
100,962,-1.6029808084009227,2.977983256396827e-15
100,963,-1.9796221340327804,4.142977785333655e-24
100,964,-1.9493011034771301,1.7417953890658924e-24
100,965,-1.954238292056421,2.866426185515171e-17
100,966,-1.8045204248461841,3.716199032208386e-21
100,967,-1.913477997465879,2.9921027852458884e-20
100,968,-1.9598065723140685,4.542332747602846e-23
100,969,-2.1732438134940715,1.2446993296104252e-23
100,970,-2.0452024177958457,8.687142677194443e-23
100,971,-2.0068039397685116,1.0724005906262406e-18
100,972,-1.941741808213159,1.182240353478839e-25
100,973,-2.133165932375789,6.837207088146781e-25
100,974,-2.101578418407911,1.0340668734375898e-24
100,975,-2.174151143098703,2.074418860446246e-25
100,976,-1.7147562724083638,5.88871506407584e-19
100,977,-1.7390297903726033,2.4596881661716463e-19
100,978,-2.0677361185122445,6.695929824448598e-27
100,979,-2.29580556703554,1.3665739144739266e-24
100,980,-1.7842652756641728,2.4860483456115843e-15
100,981,-1.7873153754139128,5.3835919509250646e-20
100,982,-2.125249504812327,7.974834344827496e-26
100,983,-2.1267774041101735,1.8511400567762983e-23
100,984,-1.9077845900180819,2.1469324435836226e-22
100,985,-2.1583799629218055,8.397903809837724e-27
100,986,-1.9674804853759813,8.492476124937784e-20
100,987,-1.9631427017577021,2.5324332381281715e-25
100,988,-1.9460982403468243,8.92964413612954e-20
100,989,-1.9732017899785967,2.860513957734404e-23
100,990,-2.1501372727011177,5.968198422000588e-25
100,991,-2.0110351531312354,1.8963866181001064e-24
100,992,-1.6863396374284942,1.1617656025677758e-17
100,993,-1.7337182487730143,5.2419917331594614e-18
100,994,-2.028423410566452,1.077382708248275e-21
100,995,-2.0568208539354487,6.570416450538915e-20
100,996,-2.1048747265012953,1.0119305889710622e-19
100,997,-2.146936681772412,1.1654487754098054e-27
100,998,-1.963641957880343,2.6956555081941253e-21
100,999,-1.9131769279826623,9.938895590109776e-19
200,0,-1.839301344700134,6.658442035682767e-40
200,1,-2.033237968055448,2.9710114515870007e-35
200,2,-2.1384626559331323,1.0396097400990998e-46
200,3,-1.8501119723375634,1.476973986309221e-38
200,4,-2.090894943528733,4.8046796016597026e-49
200,5,-2.0233253380307676,2.9636441172164335e-43
200,6,-1.9666695320791954,2.3034430184283624e-41
200,7,-2.0822753073031537,5.8450242021157696e-49
200,8,-2.016652055735359,2.068875412310398e-46
200,9,-2.1558391771960492,7.908208115286805e-45
200,10,-2.0748537195659607,2.810063064824367e-45
200,11,-2.0089382795311863,1.62203865049143e-37
200,12,-1.950831406374915,3.5715960404026855e-45
200,13,-2.1559869740344206,1.78451663165594e-48
200,14,-2.0341174390112577,2.8956485344072567e-47
200,15,-2.0668922264769547,4.3460030518473604e-41
200,16,-1.8201165807693318,1.0799232744606947e-34
200,17,-1.9017256340276845,1.191315880414909e-35
200,18,-2.102146068378106,1.8289055600882044e-44
200,19,-2.082506501446625,6.890241175464413e-44
200,20,-2.1007054323700105,4.8881611719745715e-48
200,21,-2.112646421809549,1.0280732101415041e-44
200,22,-2.0372327259420278,2.0207307661456298e-46
200,23,-2.0557830386547806,1.1723872158917291e-42
200,24,-2.134663235276033,1.9902734427438858e-48
200,25,-2.077587322605507,1.3735919463784175e-45
200,26,-2.1246030030425853,5.5202194482100055e-46
200,27,-2.1780178886847565,7.28177959385343e-55
200,28,-2.279873263771992,1.004926588960916e-49
200,29,-2.006494648903299,2.6205591265815054e-44
200,30,-2.1164071025311237,2.6804492511478075e-50
200,31,-2.159803723787971,1.906356275275996e-38
200,32,-1.9218229545849708,6.878085017822503e-40
200,33,-1.9627593329087558,7.862752660289524e-39
200,34,-2.1327355964343484,1.5860521920847684e-43
200,35,-2.1748292335256814,1.1122383808278232e-45
200,36,-1.9438722455083006,2.6008331629952736e-42
200,37,-2.050998739493653,8.901923151455301e-41
200,38,-2.0535725473569633,2.8859632534164876e-48
200,39,-2.0806353151516808,9.417225961782443e-49
200,40,-2.1247991780382467,2.405750538486797e-46
200,41,-2.0917994326084983,4.182082967033456e-46
200,42,-2.0771220960871073,8.001571321320959e-44
200,43,-2.1488111832653516,5.1916475928521826e-45
200,44,-2.066515195113703,4.336733326223048e-50
200,45,-1.9669477807015818,1.960577713449344e-50
200,46,-1.9437970319765707,2.4421322846147053e-42
200,47,-2.0530131705411723,1.8252079040499574e-46
200,48,-2.0724767941078266,1.4394981754830012e-43
200,49,-1.9920230526886202,5.028760370031918e-41
200,50,-2.2188491578335023,1.058037005083099e-47
200,51,-2.1850791834645342,1.5703503407908157e-49
200,52,-1.9533136806751363,6.458253731651965e-41
200,53,-2.0220474882928245,5.26514840729957e-45
200,54,-1.9115441079425315,4.358696010100506e-36
200,55,-2.132585564674942,6.7009672059473276e-49
200,56,-1.9346071342807738,6.993974587269558e-41
200,57,-1.8442190033816557,8.865716744745748e-36
200,58,-2.075152555725481,3.0665530585805686e-48
200,59,-1.893360193347597,1.93983469753249e-42
200,60,-2.079449877991588,2.6989607574827877e-40
200,61,-1.8276844568253185,7.978505809574597e-43
200,62,-2.0771266299495945,6.569163019557483e-47
200,63,-1.8853410599780265,6.560118912408401e-38
200,64,-2.0620003673811986,3.1853967366364427e-42
200,65,-1.9229203868948845,4.260193937937759e-46
200,66,-1.9470374367100325,3.043921572731852e-40
200,67,-2.017107903622766,9.528173643341315e-46
200,68,-2.0218163743989415,2.3788453685790396e-43
200,69,-2.0707138298154133,1.370966307946796e-45
200,70,-1.918236413910786,3.321514119111123e-42
200,71,-1.8700023828014904,1.1177213291291177e-47
200,72,-2.011500844082918,1.1658514695486073e-48
200,73,-2.1314517676617886,1.6431320402527925e-46
200,74,-1.9599872566373806,2.871584962114413e-47
200,75,-1.9288892763403593,5.573698345775501e-43
200,76,-1.875198293333293,3.632104807700608e-48
200,77,-2.069851217197505,5.2041432366832394e-43
200,78,-1.973578577295961,4.042659937235876e-43
200,79,-1.9209219234587493,2.1743463279560942e-36
200,80,-2.004618874218485,1.2214866660944884e-42
200,81,-2.213477983628832,1.25857561046112e-53
200,82,-2.1151890927480013,8.025731387195176e-44
200,83,-2.0100284127513666,2.795430857904306e-43
200,84,-1.8117161697327964,7.424292578554741e-38
200,85,-2.1764383230575595,1.836622806711198e-50
200,86,-2.001764251931883,7.352950307283332e-42
200,87,-1.937312310502736,6.90196056173602e-40
200,88,-2.0189984365569043,8.830154309505202e-43
200,89,-2.048950089765344,1.985872302344617e-47
200,90,-2.147176473043232,2.0027516101875365e-41
200,91,-2.0641813282263897,1.168983199846598e-44
200,92,-2.048722377620499,1.6005725462676306e-48
200,93,-1.840294085452964,4.188508850698279e-40
200,94,-2.289992785687729,9.354590027413237e-53
200,95,-2.1990984804722444,1.7507585933984906e-52
200,96,-2.019183572374935,4.1885283498856344e-45
200,97,-2.0271701504951425,3.795165088155085e-43
200,98,-2.038983015026652,2.2873908724285292e-40
200,99,-2.0428358323889837,1.848805114022247e-41
200,100,-2.120618991049719,4.487973170149803e-45
200,101,-2.061305052329941,7.871016507671519e-36
200,102,-2.0929456779547735,2.2060876939100268e-39
200,103,-1.9385443527367405,5.426934531287767e-39
200,104,-1.9396238997787316,1.3600259165187888e-43
200,105,-1.8691963069955628,3.911445547827111e-39
200,106,-1.85172298072865,5.305477001763907e-32
200,107,-1.9610748294685338,1.4551194222394732e-38
200,108,-2.029208288130702,1.275305985531858e-40
200,109,-1.8952627920546083,6.1024583395997e-46
200,110,-1.9662618853894358,1.644818306779701e-39
200,111,-2.003537084307335,3.277829828436759e-43
200,112,-1.9925134877221335,3.423711982742614e-42
200,113,-1.9799458262912388,3.690848572900072e-39
200,114,-1.868925024927102,5.992028043578515e-43
200,115,-2.030181883220995,1.6449326862055796e-38
200,116,-2.0302296380065554,3.0730893134774885e-44
200,117,-1.933907541720747,4.840814007462986e-34
200,118,-2.1533357289945387,1.2815628338374545e-44
200,119,-2.0424072472158556,1.7875159359282757e-41
200,120,-2.1392210075943945,1.2872918029282153e-45
200,121,-2.063508264543297,3.370655275122713e-51
200,122,-1.9291843526719061,1.1999115253749838e-39
200,123,-2.0254232959645195,1.8479408635721376e-44
200,124,-1.9853033395774258,4.742662271043251e-41
200,125,-2.041228615096294,5.4235215361083294e-48
200,126,-2.150065717604198,3.87274104479916e-45
200,127,-2.037340816700345,5.976064937178886e-44
200,128,-2.1069322663094754,3.0600341413333872e-46
200,129,-1.9168835339177548,4.618439778584553e-43
200,130,-2.042768937563957,9.602105836279883e-40
200,131,-2.0778237942459796,4.1866637922027956e-45
200,132,-1.9582490487705932,1.6173242810429432e-47
200,133,-2.0392304082168256,1.5823303588601204e-43
200,134,-1.8898966743395578,1.9376412919286493e-40
200,135,-2.1729571801426273,4.795476586599724e-50
200,136,-2.009629798389785,3.2027395312218083e-44
200,137,-2.0907710193396483,6.695682228730763e-47
200,138,-1.9603654334491303,1.832019596907225e-46
200,139,-2.039699002687594,1.7036767969847644e-48
200,140,-1.968333683183567,2.0391118135990243e-43
200,141,-2.1216136532400016,1.0436288611426057e-49
200,142,-1.8778419403485866,4.922879231444696e-40
200,143,-1.927844484070902,4.1970911197288763e-41
200,144,-1.9506239984296707,2.3762304555133188e-39
200,145,-2.001259867970578,1.0975299305227623e-46
200,146,-1.9619496699287442,3.1038992962987756e-39
200,147,-2.076465632980166,1.8826481782425275e-39
200,148,-1.742214021652849,1.4619391388030015e-41
200,149,-2.0606507500380884,6.094741071096217e-44
200,150,-1.9617365396933382,4.207389797918469e-38
200,151,-2.113312215132094,3.6333988038680273e-51
200,152,-1.9318515536884435,4.01777095548441e-42
200,153,-1.8626142368651877,7.733898895397156e-40
200,154,-2.116390417866806,2.0532800576478405e-44
200,155,-2.040332937769594,9.397603897408683e-42
200,156,-1.7888590751861866,6.837025585336477e-39
200,157,-2.03971524974793,8.056458854607029e-45
200,158,-2.0770389624444663,5.183930289994511e-50
200,159,-1.8998331984495938,1.4398249345456696e-41
200,160,-1.9187419660595424,3.515561006247824e-37
200,161,-2.0649960019389964,2.0882444653733055e-43
200,162,-1.9012893535307072,2.0413431011672277e-39
200,163,-2.077664688188815,6.680342772341117e-50
200,164,-2.1067443381051962,1.883502979743892e-51
200,165,-1.8622483901325326,6.775001233347787e-47
200,166,-2.0377242619951206,1.4594667831108643e-43
200,167,-2.039581288798967,3.408528904766811e-41
200,168,-2.0195737253165964,9.461205263133259e-44
200,169,-1.81005209688061,1.5885048365483135e-34
200,170,-2.037517879094395,7.393629155031724e-42
200,171,-2.0958833613241064,2.4952800067891575e-44
200,172,-2.1472262781130578,1.3875210625065516e-43
200,173,-1.9580546031278558,3.0215093726304e-40
200,174,-1.8747074806517103,8.123441655705166e-41
200,175,-1.9001244141151208,4.730228006540995e-42
200,176,-2.0210290166948077,2.0441591044209347e-43
200,177,-1.9686882907195296,1.9829403732878392e-46
200,178,-2.086175807064155,9.374323723918496e-50
200,179,-2.0248377172285155,7.803807487362968e-45
200,180,-2.160520552115221,5.5334418741670545e-43
200,181,-1.9285429922574933,1.0213800126879905e-43
200,182,-2.0304380073857438,1.7679234407812483e-45
200,183,-2.0078139151829957,1.4565067179200667e-38
200,184,-2.1580848835115765,1.4463825814292075e-44
200,185,-2.0645461782807244,4.758901614999147e-44
200,186,-1.9528794516923371,9.346362385548873e-46
200,187,-1.8931141983338033,1.0817238800263814e-43
200,188,-1.935980119129563,1.4481591178501047e-46
200,189,-1.966265834735145,3.4417853278245254e-46
200,190,-2.1299498316996237,2.4382467729858462e-48
200,191,-2.098968461990758,8.76119001429233e-45
200,192,-1.9397636350591654,3.593883366767951e-46
200,193,-1.8563947813804411,3.2552077518500526e-41
200,194,-2.2486954907398964,3.00758065787514e-50
200,195,-2.1014789461277052,3.3878488465128395e-44
200,196,-1.9600263955942818,1.8911276218232905e-46
200,197,-2.1074667014709583,5.066596192559783e-45
200,198,-1.8948795778674645,2.45397707860079e-38
200,199,-1.9479322470637959,1.3110697136416372e-39
200,200,-2.0708318474440395,2.1636054168550152e-45
200,201,-1.9436316109894438,7.578491829405777e-38
200,202,-1.9386300492415298,2.000970753112916e-42
200,203,-2.029467004989553,6.041572879976421e-46
200,204,-2.115712798352183,6.448933782518349e-47
200,205,-2.0011599700782527,8.962380054201296e-39
200,206,-1.7936386217372728,3.724564076795515e-39
200,207,-2.1104962267490617,2.6204045975599643e-45
200,208,-2.1089052727716124,9.861095870514136e-47
200,209,-2.0674128968600023,3.910897709541176e-48
200,210,-2.005838857959751,5.222027599080965e-41
200,211,-2.1524006992187124,2.793137668443907e-53
200,212,-2.0944911263576618,9.189813827588008e-44
200,213,-1.9954658417995033,4.480060041978163e-44
200,214,-2.1124590482473344,1.754318393495954e-46
200,215,-1.9739638207371,4.936913588839324e-44
200,216,-2.1301183616467574,1.1523338838519542e-47
200,217,-1.9792276105244406,5.742390985513436e-42
200,218,-2.0386495788474583,1.0147753996230236e-42
200,219,-1.889580778345409,8.341331442732403e-41
200,220,-2.3306799535667375,1.5903794736935703e-48
200,221,-1.9804081943285894,6.988994605798647e-43
200,222,-1.9205213692190375,4.755813263169539e-38
200,223,-2.0628632956021775,4.1953742242705524e-45
200,224,-2.06387511951887,1.4515644153289093e-50
200,225,-2.0585403782968292,3.725318637342501e-44
200,226,-2.063441817017895,7.5584279442709505e-56
200,227,-2.1220538625859664,2.0741621694797498e-47
200,228,-2.06293859851934,2.610153263033693e-45
200,229,-2.034870313694732,1.2496018102315028e-41
200,230,-2.0785864628910513,6.402568902745695e-43
200,231,-1.9714462969447215,4.3092925052084483e-42
200,232,-2.115949383051481,2.1092578668868266e-42
200,233,-2.01100034471357,5.168770309277417e-43
200,234,-2.0065402138826967,3.4477815507334703e-42
200,235,-1.952805452198449,6.66236434534384e-42
200,236,-2.0001914282012514,4.387219947206725e-48
200,237,-2.032709802053253,1.1567474426577364e-41
200,238,-1.980321692825708,6.09549686425065e-36
200,239,-2.04100820417053,1.6763358400527415e-44
200,240,-1.9456653622205433,2.493257496468902e-40
200,241,-1.9896629708186735,1.7435374780882335e-43
200,242,-2.011146257778181,1.1082539699551865e-44
200,243,-1.9909256959588637,5.045561748330468e-42
200,244,-1.9688305607616199,1.3675771227896662e-46
200,245,-2.0505096429897662,1.55010134251853e-40
200,246,-2.068563145351945,2.6793292757310107e-44
200,247,-2.099837876748741,3.8506906293939494e-43
200,248,-2.138904695730087,5.03992724188702e-49
200,249,-2.011718347065126,3.668948968330272e-43
200,250,-2.086533845882263,1.2865524323608433e-42
200,251,-2.0975738923600256,2.256504868740766e-47
200,252,-1.9621544019568908,1.9838166235200612e-44
200,253,-2.069261358007231,2.8596078374546237e-49
200,254,-2.1060357015830036,2.811404233961223e-45
200,255,-2.080870785236616,1.2011051897041758e-39
200,256,-2.1161708427112327,1.4794405020217186e-44
200,257,-2.1895093182260608,1.607884135826919e-44
200,258,-1.9170463159152602,4.556824883540505e-44
200,259,-2.0594385165467104,1.9472047827469264e-45
200,260,-1.9469608043749211,4.0055895287136256e-42
200,261,-2.0326678829041196,2.5772164418269334e-43
200,262,-2.13950460116284,7.564855375985583e-45
200,263,-2.1255380106901436,7.687574125501266e-45
200,264,-2.076635174988258,3.1545456169938204e-47
200,265,-1.8873274131198396,3.714393200817209e-37
200,266,-2.184962692793065,4.663475597180095e-53
200,267,-1.9459484726109055,1.627915415389853e-38
200,268,-1.9880453538554983,1.015513454370907e-44
200,269,-2.1733304109946383,3.196180062437242e-53
200,270,-1.7888672533954608,1.529198350054283e-38
200,271,-1.8694998241910845,2.107924356706426e-40
200,272,-2.2069748808673735,3.332230524927689e-48
200,273,-2.084016658772362,4.4701421946480784e-46
200,274,-2.150825321001518,4.066744207337276e-42
200,275,-1.7266613823867765,1.2227835082619268e-35
200,276,-1.9364329027422205,2.545384485115693e-39
200,277,-1.9789782539821115,3.5800620546721157e-44
200,278,-2.1580413946823827,2.364302919431622e-46
200,279,-1.9240141059921045,3.2141124818484514e-40
200,280,-2.052906215122267,8.55566293595984e-47
200,281,-1.9938020728186014,4.093536100098214e-45
200,282,-2.2345296011611238,7.425223257706483e-46
200,283,-2.142981890759364,6.275862477913368e-47
200,284,-2.0973778872394684,2.5218835638144953e-52
200,285,-2.119153932270943,1.081809479955847e-49
200,286,-2.1582008775950143,2.2152009393581838e-48
200,287,-1.9267300723576044,6.681861818056339e-39
200,288,-2.0643213650796755,6.544190665622012e-44
200,289,-1.9878738695525309,2.472375456256402e-46
200,290,-2.060001791858773,3.911294583697359e-48
200,291,-1.820288607696983,6.018495181712846e-37
200,292,-2.0834157195339866,7.165869710668263e-44
200,293,-1.9546428078919602,2.4045522571991065e-44
200,294,-2.108137879770842,1.150124251110398e-43
200,295,-2.1489490986387123,2.9758199815088495e-48
200,296,-2.099574036440406,1.5310771795390245e-41
200,297,-1.8980624346074375,2.0084748200340898e-38
200,298,-1.751842180472261,5.239207523934924e-33
200,299,-2.0065069906412267,6.516627243527467e-44
200,300,-2.05327936651262,1.2634833387788138e-46
200,301,-1.984985307079155,1.6241082401522468e-35
200,302,-2.0725263427938314,5.94614906406611e-46
200,303,-1.8351536438636522,2.965982471137385e-35
200,304,-2.1919173910070544,2.309282356220034e-44
200,305,-1.7808724610638098,3.155809266327692e-40
200,306,-1.960365380114447,7.40155001578437e-39
200,307,-2.057523056255742,4.978341269999484e-41
200,308,-1.888633458908994,2.801741168989035e-42
200,309,-2.0181195292047107,2.1600346636614694e-45
200,310,-2.1629078762341694,3.938216292821908e-51
200,311,-1.8089925875945676,2.116676462131248e-41
200,312,-2.0741474824401562,8.10953346354589e-43
200,313,-2.0247585876825873,3.729660194500534e-44
200,314,-1.9131805651667237,7.282212554268613e-39
200,315,-2.0878518430226487,1.1680041148490388e-39
200,316,-2.284491830533402,4.483841554587028e-51
200,317,-1.9054178463191125,6.659433042218423e-39
200,318,-2.0382580219532986,6.2141760651491755e-43
200,319,-1.9645201001844743,3.927288273261674e-43
200,320,-2.0505470559304397,1.5558862204966246e-43
200,321,-2.060807222695342,1.339912072975844e-43
200,322,-1.9100893803757675,3.0837228056239494e-40
200,323,-2.021370030753201,1.668518221102318e-41
200,324,-1.8261655272156352,7.890567439163874e-38
200,325,-1.944165004903165,9.76353517204445e-40
200,326,-2.191017853592916,1.4391273111229998e-55
200,327,-1.9353757558116271,5.717099257346773e-41
200,328,-2.201182377511871,3.786803388613133e-48
200,329,-2.068764514907228,5.188206329269835e-44
200,330,-2.2038057285963424,5.558812077886309e-44
200,331,-1.9502939413798428,4.6120693351348425e-43
200,332,-1.9015283105919032,1.012272186433952e-40
200,333,-1.898194062345536,2.621359565996029e-38
200,334,-1.8516639509219504,6.805479719040484e-41
200,335,-1.945516747946038,5.429636993719281e-43
200,336,-2.006590241880721,1.2208151679799001e-42
200,337,-2.092692959140326,4.590707523423577e-42
200,338,-1.8534235590455213,2.3676258035108348e-39
200,339,-2.081178160757082,8.316431983598885e-49
200,340,-1.988693311433214,4.986426180618623e-51
200,341,-2.0825731921495834,4.3440756981447e-42
200,342,-2.050821510740282,3.803515980777349e-48
200,343,-2.062365245636694,2.5813341506779445e-47
200,344,-2.0565600053467765,3.190296863107605e-48
200,345,-1.915666999272041,7.024338741398405e-39
200,346,-1.936964584434194,1.7381912743069905e-38
200,347,-2.095106229813447,1.7431289349990899e-43
200,348,-2.0556297212638484,5.28726810796765e-42
200,349,-1.9336842912267462,3.778193927472087e-42
200,350,-2.00118759337812,7.361787785821443e-42
200,351,-2.030474427649777,1.223044482463735e-41
200,352,-1.945878989212507,1.3603739034600416e-36
200,353,-1.94322293199372,8.403381831531089e-40
200,354,-2.0357258339021476,4.310273267622288e-47
200,355,-2.134680312892951,4.3151381130358514e-44
200,356,-1.9606551000087489,2.671831751588366e-47
200,357,-1.9498327633288737,4.433278891348854e-42
200,358,-2.034528588953899,1.4986729218687124e-44
200,359,-1.956110360775427,2.9031937461720525e-36
200,360,-2.0696584034980203,4.2016516476647093e-44
200,361,-2.2266595396564135,3.152338844257372e-50
200,362,-1.9905925833779063,2.6249601205641246e-37
200,363,-2.0402330026482067,2.2397273170603314e-49
200,364,-1.99383018742183,4.368497233961075e-50
200,365,-2.16752916780737,2.731367621238125e-49
200,366,-1.9821162150619287,2.142891552577753e-45
200,367,-2.0112987004916096,2.2112316868258474e-38
200,368,-1.9117263268488145,2.485111724913816e-34
200,369,-2.0949171207139017,1.5891203731859153e-50
200,370,-1.8449068364752677,7.487984388104499e-41
200,371,-2.1349163381491216,8.19621665328197e-48
200,372,-2.043778303839983,8.069501965589951e-44
200,373,-2.0807413347968406,3.1621771371085747e-41
200,374,-2.0335630814494943,5.664360606346902e-43
200,375,-1.8548962674650165,1.1456224852944552e-42
200,376,-2.0447945522795967,7.583463023175699e-42
200,377,-1.8961473926091053,1.1229087807772146e-33
200,378,-2.0374739846273755,2.0286457184077305e-43
200,379,-1.8706552308648208,1.506164706372659e-38
200,380,-2.0354227955601383,3.557682891708646e-39
200,381,-2.3086289175821717,3.916367462086679e-52
200,382,-2.096957716910831,1.482141509824217e-48
200,383,-1.9486101325888594,5.530885116660905e-43
200,384,-2.113986215795853,5.076261553984346e-48
200,385,-2.097487540591147,4.142660787976185e-46
200,386,-1.841326151068329,5.933002707602068e-33
200,387,-2.0101206303225885,1.536656723390059e-41
200,388,-2.1093846666653056,2.286403375682873e-44
200,389,-1.8828139737352725,8.394839743174317e-39
200,390,-2.058644238663729,2.1867965269717884e-40
200,391,-2.1081060612416263,7.4201274497877e-48
200,392,-2.1171961822744567,1.0075141242626531e-41
200,393,-2.1309249382781124,9.216727006916477e-42
200,394,-2.1105885277148655,2.566822176586568e-46
200,395,-2.0487161564694283,1.5540604910275346e-45
200,396,-1.9136598658106836,1.6034096951125703e-38
200,397,-2.0024122418076677,3.4950487260511175e-43
200,398,-2.1044863776651157,1.651518048737023e-43
200,399,-2.0640663338771033,1.7049061932138024e-48
200,400,-2.032316573708555,1.167321269499908e-42
200,401,-2.0496479352566794,4.579713948929972e-44
200,402,-2.0079140766892216,1.2933683964776675e-42
200,403,-2.144411195049819,3.7186054976758353e-44
200,404,-1.9671233647086535,1.3061101119213183e-36
200,405,-2.098759564653979,2.7544499939155354e-46
200,406,-2.0498816021307054,3.6091014550223647e-47
200,407,-1.9720991444190599,2.5434606310691594e-39
200,408,-2.008776131231972,4.871162285568463e-47
200,409,-1.8271504488040078,6.099540222868844e-41
200,410,-2.1556292460900295,2.566612699599467e-44
200,411,-2.1110263292698024,3.1584991385310283e-47
200,412,-2.0786887501919526,7.362044124344709e-44
200,413,-2.273923032111089,8.34614105300883e-51
200,414,-1.9709182554614948,3.150280122074637e-44
200,415,-2.187533026028431,5.415321848009383e-48
200,416,-2.102111960088701,1.0917281537474589e-41
200,417,-2.099256389983796,1.8463894340783418e-47
200,418,-2.2236982197427286,2.8171650401020457e-49
200,419,-1.9112987579573888,9.375684801386274e-39
200,420,-2.032037979025662,2.28456940188834e-43
200,421,-1.769484174680228,5.13581069704265e-38
200,422,-1.7803614389237428,1.7505793861037262e-37
200,423,-2.083261757583811,6.907978245154511e-48
200,424,-2.056656945886261,6.390363412815288e-47
200,425,-2.0038397293377264,2.59571243069555e-42
200,426,-2.0171622380838716,1.3762868952215393e-39
200,427,-2.0159652718097965,6.1509771715345594e-43
200,428,-2.1463499679571116,8.154283318090365e-47
200,429,-1.9612190792903945,1.0229910007283589e-48
200,430,-2.0545459252230263,9.953183321254596e-43
200,431,-2.2268330746826175,3.159967772433382e-46
200,432,-1.9694545753755444,4.325771842921057e-43
200,433,-2.1961379953096873,1.151925025100519e-47
200,434,-2.104153685867379,1.6636156892015256e-48
200,435,-1.9967265224597774,3.644781298127399e-45
200,436,-2.120362491656727,2.724227417149538e-41
200,437,-2.051526377277698,1.3378412115138952e-43
200,438,-2.0577035420218968,1.5032050600755865e-42
200,439,-2.019802931065737,2.69960013538327e-46
200,440,-2.031833841383145,1.5619994598993774e-42
200,441,-1.9978014610022292,3.0726230178211497e-40
200,442,-2.0596356723368467,7.044449710173957e-39
200,443,-2.269278619992879,3.081951380078576e-51
200,444,-1.9618352202533424,7.108198904283732e-43
200,445,-2.045842353762131,3.276920497655961e-49
200,446,-2.021314372204861,1.9861893108773755e-40
200,447,-1.84627520322522,5.715930083200679e-40
200,448,-1.8488526147443682,2.5813982505868255e-37
200,449,-2.062184379420632,6.935570470367728e-43
200,450,-2.0685804347626515,5.495888098053519e-45
200,451,-1.892724553926917,4.500991993142277e-36
200,452,-2.0054632830098864,9.620754148054416e-47
200,453,-1.7808337509184629,1.3470522133804096e-37
200,454,-2.1847020911671287,1.2724013203989735e-48
200,455,-2.0433396186297843,2.5099389891714434e-46
200,456,-1.8949837484447052,3.055334932352498e-41
200,457,-1.8268067874264595,8.826621837438213e-36
200,458,-2.2264218399242575,3.035750609564602e-46
200,459,-1.9894907208965638,1.6496290950659345e-43
200,460,-2.1030540319950175,1.6309239318344747e-43
200,461,-1.9522101272569916,1.1477122125776329e-41
200,462,-1.9965134136317344,1.467056774153245e-41
200,463,-2.0652166481327567,1.6567958245629109e-40
200,464,-2.0650902048687216,1.2267371125694443e-42
200,465,-2.097431280414936,1.5894410655612332e-49
200,466,-2.1240650882605703,2.0791697701639557e-47
200,467,-1.9007514520757116,1.1813801180730662e-38
200,468,-2.056014755318932,5.942773300671772e-47
200,469,-2.091123164980618,2.1484974420514827e-40
200,470,-2.0242650573418004,2.448301938223054e-47
200,471,-2.008880224002116,8.035983172062371e-40
200,472,-1.9077579303692849,5.1617845665487866e-45
200,473,-1.9469153628393956,2.752068575405075e-35
200,474,-2.080516010520368,1.0538647121009877e-46
200,475,-2.0538354974014394,7.227174182097524e-43
200,476,-1.8763260216621216,2.0428579542976877e-40
200,477,-2.01650089041497,2.388205463607464e-41
200,478,-2.009321159144217,7.494763183697846e-46
200,479,-1.9825132081201966,4.197360730069873e-42
200,480,-2.027322373988202,5.715939568347709e-41
200,481,-1.946051808689214,1.0467549870279962e-41
200,482,-2.0551468349085713,1.2177458821012378e-45
200,483,-1.9427424893974212,3.381604497240207e-42
200,484,-1.894478346843357,2.0682558289304304e-38
200,485,-1.9878017786168796,5.872863172946323e-41
200,486,-2.0078070680280353,3.142729564953718e-39
200,487,-1.9799282994211085,6.72186440982995e-44
200,488,-1.8848316331968888,1.1180533113699553e-37
200,489,-2.1242656337423558,4.5055565323477255e-55
200,490,-1.929626021695202,5.104935657133937e-41
200,491,-1.9291983451614607,4.378986737230276e-42
200,492,-1.980060388054917,2.7233576474200434e-39
200,493,-2.0112832312002045,3.9306449059063065e-41
200,494,-2.021279468427074,2.5409387570025194e-43
200,495,-2.0374004677238835,6.611791137803117e-41
200,496,-1.8681361515693826,1.2601670181311116e-40
200,497,-2.128829917022374,1.9905347284108552e-52
200,498,-2.0729079416490537,6.565782885235102e-41
200,499,-1.8548738608431092,8.027093807978948e-36
200,500,-1.872791474376081,6.436431052969009e-37
200,501,-2.1023855466754098,3.551847694456074e-49
200,502,-1.8751852618627378,1.0271633796613174e-40
200,503,-1.9118361365994412,9.386833253526117e-42
200,504,-2.0579512137530216,5.4119831975972676e-48
200,505,-1.9970530652329392,2.217511176700319e-43
200,506,-2.0890963812544436,2.85259400687068e-43
200,507,-1.9553380160272669,3.5607848123636143e-43
200,508,-2.1832182814707437,5.254205798514679e-50
200,509,-1.9775317347393235,2.8853777047684273e-36
200,510,-2.038862754809794,1.5468859164569798e-45
200,511,-1.9742094979623035,4.289917281897929e-35
200,512,-1.9990851575836253,6.709609448849296e-41
200,513,-2.18075377221229,3.584001954489481e-48
200,514,-2.0402731605471818,1.657076474498039e-44
200,515,-2.1165536044357616,3.9289920284873015e-44
200,516,-2.162824770078129,2.057136648902352e-43
200,517,-2.070719378768179,8.540611357884106e-46
200,518,-1.9534471305998053,7.609965271818374e-42
200,519,-1.9510632210216254,3.5158351415074623e-41
200,520,-2.102057424656132,7.619981678477331e-50
200,521,-2.071263785449676,3.710976181947399e-46
200,522,-1.798331525397912,1.0784970294271141e-32
200,523,-1.9572888952322298,1.309667905136596e-37
200,524,-2.0218980595000273,4.6699972733666105e-40
200,525,-2.0737429561553746,2.7872527964709043e-43
200,526,-1.9346789578627748,1.4884009751905777e-38
200,527,-2.1383607351041016,2.1327248830499735e-47
200,528,-2.038974609242988,6.8654894019364655e-46
200,529,-2.1592874652208343,1.3351281057482917e-57
200,530,-2.0520835461817306,1.4014035046107442e-41
200,531,-1.7732915623544514,9.591205491723639e-39
200,532,-1.9497828362503205,8.16023685639941e-45
200,533,-2.1767825872895683,3.972576926050358e-48
200,534,-2.00215245548147,2.3041747342647e-48
200,535,-2.05237484914287,9.202458413991832e-44
200,536,-1.949456326397387,3.0083599441145685e-45
200,537,-2.073610757518394,9.263232278476924e-49
200,538,-2.0217233676467172,1.9831306344730096e-41
200,539,-2.001912667650876,1.6548455856616602e-44
200,540,-2.1672120625366027,5.107256944214209e-46
200,541,-2.0169739606951786,2.3141737420760376e-46
200,542,-2.123208802627971,7.774218441716926e-44
200,543,-1.9416343220551164,2.2090136458154858e-41
200,544,-2.1742184117819887,2.422575025231878e-47
200,545,-2.071320284344578,1.2954470866313726e-42
200,546,-1.9158498724308775,7.57830709382722e-46
200,547,-1.9355970279030084,4.144559389527131e-42
200,548,-2.182221550495729,1.4828161729800747e-50
200,549,-2.057725631655675,2.25670845421081e-41
200,550,-1.9692826094520681,1.4501385308009138e-40
200,551,-2.2399703165934257,2.700711137984331e-51
200,552,-2.0431129280929907,1.3833569768965116e-38
200,553,-1.8439991383892762,2.1553329939969923e-44
200,554,-2.0767907910250463,1.3601131401193344e-46
200,555,-2.1335380302196416,4.200440419651991e-42
200,556,-2.0234501249123396,2.7445120101054483e-44
200,557,-1.9686483452617844,7.312844910469581e-47
200,558,-1.979749116596813,3.5127903925982036e-41
200,559,-2.0594664791416717,2.7543603429674773e-43
200,560,-2.1781321483113727,6.883443297151469e-54
200,561,-1.8754367355511734,3.098692634689368e-48
200,562,-2.076227918011689,2.8446966379573122e-52
200,563,-2.0312586291218446,1.0277791453876469e-42
200,564,-1.9984091622025106,4.7220205831026635e-40
200,565,-2.0909034669189888,4.6958826885965624e-45
200,566,-2.0080176719123113,3.235664268009067e-45
200,567,-2.1270461119392428,1.853987419550327e-48
200,568,-2.0671550344661593,3.089660484730541e-45
200,569,-2.042887753415929,9.213304442717991e-43
200,570,-2.0053079582414552,4.651965338528418e-41
200,571,-2.0356981596204804,2.6010723218098933e-49
200,572,-1.952007919618576,2.7310454552914675e-45
200,573,-1.9110909435294223,1.965204282787409e-39
200,574,-1.94393478466647,1.4013631144114766e-41
200,575,-2.0312600157497442,1.1031974354458176e-44
200,576,-1.9634226115354014,6.697114729364648e-40
200,577,-1.853578837272794,1.6936060190383456e-40
200,578,-1.9470125646842282,2.6262248469529942e-42
200,579,-2.0440457545043254,2.664135046177025e-44
200,580,-2.0004006198146644,6.974144084477625e-38
200,581,-1.9955323010725348,2.634420879563123e-44
200,582,-1.961326837644025,1.8218601304422876e-45
200,583,-2.0924073264983996,2.807132602244493e-46
200,584,-2.15082725235424,5.9529175571639514e-43
200,585,-2.127632306828559,2.775460147619134e-47
200,586,-2.0415919264819538,3.410632476608526e-45
200,587,-2.0647353376898163,2.663349637943374e-43
200,588,-2.0159816115686615,2.188394174638383e-48
200,589,-2.0237049553415556,8.13170011644581e-43
200,590,-2.1830303077878037,4.337654431456887e-51
200,591,-2.0865223412242484,6.158758740528307e-45
200,592,-1.9234095375527156,1.9238334543029897e-39
200,593,-2.0096213637996634,3.765703450627177e-42
200,594,-1.9097091524693397,3.656125561194126e-34
200,595,-2.0099847139572953,1.4245832044173791e-42
200,596,-2.019675854963289,6.620430548302091e-49
200,597,-1.869328908019014,1.714026997840197e-39
200,598,-1.973805625614566,1.2851748990028724e-41
200,599,-1.9852797765379462,2.8707093715281044e-44
200,600,-1.8462319886242078,1.3718215065347503e-36
200,601,-2.052612965157109,3.124032490290758e-42
200,602,-2.0095553522018914,2.789168582982885e-48
200,603,-1.85296288175567,6.698279603114892e-39
200,604,-2.097325128468693,5.813800119741097e-48
200,605,-1.9600847072449028,1.2007571361503958e-44
200,606,-1.9546071470644053,8.330870157508222e-38
200,607,-2.0521595769862833,6.036515666401882e-39
200,608,-2.051428509991916,1.1916288530280846e-46
200,609,-2.0414799900851905,3.4835254256309895e-45
200,610,-2.0157037046888666,7.020609136264628e-45
200,611,-1.9443049946074424,1.6028193164787902e-37
200,612,-1.9939102454516542,6.75070474048593e-43
200,613,-1.9992215165218186,8.948546830403923e-48
200,614,-1.9472497506912836,1.1246174309794522e-42
200,615,-1.9754769423135796,5.636299418894419e-44
200,616,-2.0033114964359786,5.909436053205525e-45
200,617,-1.9582641236008742,8.718414768713685e-43
200,618,-2.192190814684488,8.844787715465109e-48
200,619,-1.9543909300286462,4.2314461654063625e-41
200,620,-2.0718404661524765,5.622680354647147e-45
200,621,-2.0999291212085156,2.7855145986122416e-47
200,622,-2.105773350518021,5.2893361235922587e-45
200,623,-2.0982023776299688,3.1434945823315315e-50
200,624,-2.19388441906852,6.146837136198698e-48
200,625,-2.03307735511959,3.0193574186613285e-49
200,626,-2.066269964485606,4.756127980009065e-45
200,627,-2.1314171759997596,9.145305028330635e-42
200,628,-2.2569785763648715,2.5612334738272628e-51
200,629,-2.018208614005361,2.6586959207942273e-45
200,630,-2.0036881585339863,6.196059218949076e-47
200,631,-2.0895187876054617,2.831260965186057e-47
200,632,-2.0229998128347617,1.7377454376712267e-41
200,633,-2.2072209471379374,1.0761104260462452e-45
200,634,-2.0708727000919485,4.476152981085346e-47
200,635,-1.9074480668871603,4.4325282679437385e-39
200,636,-2.155544088297014,1.6434709325555032e-42
200,637,-1.921861563692688,1.6046148381918896e-41
200,638,-2.0220743349985275,1.3256204508090063e-44
200,639,-2.0279445334887534,1.653373918781321e-45
200,640,-2.05107757267527,3.337991560363699e-42
200,641,-2.0522484757586845,1.5958578047794353e-42
200,642,-2.0877806753496593,2.6304210468188884e-40
200,643,-1.977724089246684,1.3155655855629814e-41
200,644,-2.019801624709612,3.721063586152403e-47
200,645,-2.0363216040825085,2.0649206235815115e-41
200,646,-2.0896832634839067,4.2861859391298127e-44
200,647,-2.0676337073911393,3.469267552566542e-45
200,648,-2.0558748981163504,8.521363597987358e-49
200,649,-2.2273884004713738,2.90040827654387e-43
200,650,-2.137390671100839,5.513594868630182e-49
200,651,-2.002060552979942,7.523099845797339e-48
200,652,-1.849551146188614,1.3180005372986285e-43
200,653,-1.9114617700832826,4.703412896820401e-45
200,654,-2.0099754708679196,1.9456887954695248e-44
200,655,-2.1093849530468702,5.164862786887927e-47
200,656,-2.035707937532073,1.0264475722504e-40
200,657,-2.0687895944370416,1.4817995222100075e-44
200,658,-2.1317763480532603,5.821726703188678e-48
200,659,-2.063043537409116,2.734356653390029e-42
200,660,-1.8452446751485008,1.165465572742509e-39
200,661,-2.1188007746030832,3.257653319020391e-47
200,662,-1.9157603685559925,1.6181250530138946e-40
200,663,-1.9633941514756224,2.804534873661019e-35
200,664,-2.0929332087895878,4.308346012578131e-40
200,665,-2.0691342120375653,2.2330760778764425e-43
200,666,-1.8709600961817117,8.615115875830351e-38
200,667,-2.0914204090991664,1.336527669999939e-41
200,668,-2.0350565925770114,1.3038279539160882e-38
200,669,-1.880651405625561,9.516883910707657e-41
200,670,-1.9697514556004538,6.853747479093532e-42
200,671,-1.9891059565361724,7.574351915326054e-41
200,672,-2.0612622241896883,8.591550950275205e-50
200,673,-1.856001852388423,4.802477215710132e-39
200,674,-2.0171514755697695,2.156168201255865e-43
200,675,-1.858722652546061,6.564246645244528e-36
200,676,-2.1079000084484765,2.2386549243412147e-46
200,677,-2.1197530744430013,7.871004103337507e-42
200,678,-2.0799064149540563,4.2164862842616445e-45
200,679,-2.1751579028948758,2.6676680635855186e-45
200,680,-2.0457645957631527,1.444626849762703e-45
200,681,-2.1069370902615745,6.709414426906803e-50
200,682,-1.9744865417159536,1.238339243005274e-40
200,683,-1.923802818154961,8.953551054889391e-44
200,684,-2.043018024498939,1.3826804074552364e-47
200,685,-2.100612856091736,9.37812539326448e-45
200,686,-2.019713928801533,1.4545961740100637e-44
200,687,-1.9752682780370705,4.940079501196626e-40
200,688,-2.1132050816340033,3.5221957942462305e-41
200,689,-2.057886751792406,7.570776213304095e-43
200,690,-2.1710703880941393,1.719850712291715e-45
200,691,-1.9604159245937085,5.004285385714168e-40
200,692,-1.9074812907892218,2.492955388501678e-42
200,693,-2.182608253266473,1.028548062888491e-47
200,694,-1.9638400999306764,3.728783032368271e-43
200,695,-2.056794114428511,3.4902629466933417e-37
200,696,-2.004500297303326,1.5739246100756635e-46
200,697,-2.143003457374383,1.309419531767074e-45
200,698,-2.2267702733344192,1.4923708568759393e-46
200,699,-1.9957152367092759,1.592751356415116e-39
200,700,-2.0368650797807915,2.574958114692992e-39
200,701,-1.8793548711169699,1.6112823113500245e-41
200,702,-2.21281925519674,1.8657744845096835e-49
200,703,-2.1657657996305133,5.606411163319865e-50
200,704,-1.9503291724940546,8.788154696875511e-38
200,705,-1.9818470789630371,5.115849339064355e-38
200,706,-2.1212270275157312,1.4724151035025442e-46
200,707,-1.9335828225674918,2.0166406738470097e-40
200,708,-2.1188607340992176,1.937771752106092e-49
200,709,-2.1414009838598327,7.124093391379156e-45
200,710,-1.9836198045277875,2.2705547229576234e-44
200,711,-2.0204793576620066,1.9278599814494893e-44
200,712,-1.970782564715102,2.592466158788565e-44
200,713,-2.246324634420847,1.1675925366899947e-52
200,714,-1.968698227792678,4.766861495036085e-48
200,715,-2.0651999094646367,6.172091735026141e-41
200,716,-1.8198718337391995,1.8362373727890411e-41
200,717,-2.1133962042595664,8.048780835449223e-45
200,718,-2.000474796637665,3.766321258293154e-42
200,719,-2.017415698407631,5.1475262122992004e-45
200,720,-2.2711684716556526,1.1429738931365866e-47
200,721,-2.0783017787185827,1.256396360814475e-43
200,722,-1.9668881186496279,1.4376097083873006e-47
200,723,-2.0449413821131923,8.98671214767913e-48
200,724,-2.070968445756648,3.683266605352664e-43
200,725,-2.299131343572439,7.006294656436427e-52
200,726,-2.0279004450438896,3.246865175762847e-43
200,727,-2.03110373914022,1.6129767135110884e-44
200,728,-2.0229139132553113,8.693387271218858e-41
200,729,-2.0155185699056775,7.487823349083953e-44
200,730,-1.9173584179142757,3.515873445407809e-42
200,731,-2.2338920829501783,4.6557621649390294e-49
200,732,-2.1492054252388666,1.2558409565518011e-48
200,733,-2.019581374179606,7.85095759927032e-46
200,734,-2.0036836561255873,1.9816362391755592e-39
200,735,-2.0439616495874757,2.7170879194288526e-41
200,736,-2.0406319165354674,4.355529740207138e-45
200,737,-1.9222361218773365,1.0124677532684883e-41
200,738,-1.9090746275462083,1.0712572923457167e-42
200,739,-1.8863975060755456,2.442580728510802e-35
200,740,-2.0349630134315744,6.477406471731951e-44
200,741,-2.055104116277805,8.41490575717253e-47
200,742,-2.1342404644915884,4.509944055466275e-49
200,743,-1.9143663147649699,7.771786102441837e-38
200,744,-2.0077663960004184,4.109458679004496e-42
200,745,-1.9527934464541623,8.789299195992557e-40
200,746,-2.1448978748210417,1.781901610729809e-46
200,747,-2.1049017553024623,1.6486953608457629e-49
200,748,-2.037007896057145,3.3394646819098085e-47
200,749,-2.167101989250182,1.577638863539177e-55
200,750,-2.089569388696461,1.182875815209477e-40
200,751,-1.9852268519206957,1.8741971230344103e-39
200,752,-1.9255569967818644,1.816905140723843e-39
200,753,-1.9536032003146984,2.9366287048126156e-46
200,754,-1.9914575810327646,8.427571018007486e-45
200,755,-2.238629747142827,3.366819378430046e-48
200,756,-2.1564433561150302,8.419023604222749e-46
200,757,-2.025708679098389,1.8823514766369334e-49
200,758,-1.9336792633262059,5.3444017747542444e-42
200,759,-1.9520561733544906,1.7328207040390881e-43
200,760,-2.1569626266865773,5.894607823269414e-49
200,761,-2.0432056178719087,6.952313373439397e-52
200,762,-2.0379648187195967,6.377328738943795e-43
200,763,-2.0827449213144575,2.457959799166609e-45
200,764,-1.955274046962983,1.512525858678583e-42
200,765,-1.9774118390166455,3.6181852433390165e-42
200,766,-1.80318380551362,3.280100370342993e-39
200,767,-2.1909264615247395,4.5059972488940663e-51
200,768,-2.0553824783157886,2.542164987487745e-36
200,769,-1.9642397478588034,2.2343397749229723e-41
200,770,-1.9025789981365824,6.963187407469662e-38
200,771,-2.156738023730134,1.389270182456504e-47
200,772,-1.9951044565019735,1.6588486013818511e-44
200,773,-1.9784876927440775,6.350932883378692e-39
200,774,-1.8995995360932856,4.4903930031409255e-44
200,775,-2.0906166679945892,1.6599826514891454e-46
200,776,-2.1177225150039316,7.762221633271979e-51
200,777,-2.057157305801822,2.5199421830306233e-49
200,778,-2.0453878268532533,4.6742229117127196e-42
200,779,-2.0174927435432055,1.7550882033161323e-44
200,780,-2.0173776452625924,4.3110931327703683e-38
200,781,-2.004266271787567,3.9632428011009546e-42
200,782,-1.8558140547149975,2.263976478498395e-36
200,783,-2.1226346497905695,3.965476481998161e-48
200,784,-1.8312631694533907,3.4024171673909587e-38
200,785,-1.8589187496350643,1.3610101142233988e-36
200,786,-1.8766071308409584,8.991255525880968e-41
200,787,-1.9090834774192107,2.583836816490537e-43
200,788,-1.9709809835765046,3.9856504406919433e-41
200,789,-2.0560113484731612,4.9503991910334463e-39
200,790,-1.955968475435184,9.510320156645891e-39
200,791,-2.0181721284288043,1.0367089678023571e-38
200,792,-2.1127853972985937,6.708763924010598e-45
200,793,-1.8941969358699824,2.539370718970378e-37
200,794,-2.1238891054426148,6.316229731372705e-44
200,795,-2.083812793310737,3.3154412670373905e-45
200,796,-2.0482157103495533,6.927257868276224e-43
200,797,-1.9960529646194338,5.557656278229502e-45
200,798,-2.09827475316808,1.155082841576489e-44
200,799,-1.9224637543290148,5.704843794490693e-41
200,800,-2.0625267264292058,1.0682009483660274e-47
200,801,-1.9940780774841116,2.8042907117796335e-45
200,802,-2.0603823468182547,3.106928083926351e-41
200,803,-2.1048026988427253,2.7483041069855338e-42
200,804,-1.9537568135938752,5.41083531358026e-39
200,805,-1.8849633137559705,4.462587045780016e-41
200,806,-1.9987025950580852,6.531605439186897e-45
200,807,-1.937142190492442,7.202227475304012e-41
200,808,-2.192992161517327,2.990749405044998e-48
200,809,-2.112911904192825,6.881261099938657e-45
200,810,-2.0633244003451416,7.59271027389317e-43
200,811,-2.0817394425426192,1.8276677338043667e-43
200,812,-2.2026617608329495,4.7305939971821453e-45
200,813,-2.0724638735633025,8.476534725642553e-48
200,814,-2.2976577355240337,3.0418329132628294e-53
200,815,-2.0214220194617685,2.2655895519698636e-39
200,816,-2.0190921682637866,2.298988343202968e-45
200,817,-1.9951825681477207,1.5326827480756415e-44
200,818,-2.037768041203261,7.291311015438662e-50
200,819,-1.8772822671319824,9.511692135316204e-44
200,820,-1.966457605291719,7.496230630624694e-43
200,821,-1.9554936724198928,2.5120148291852777e-39
200,822,-1.900123540799182,5.762734982282561e-39
200,823,-2.0226257414783637,5.258931687389005e-40
200,824,-2.0110796078242448,2.5701346725364193e-50
200,825,-2.0938820650033065,1.9308216217336905e-42
200,826,-2.1638370524026085,4.1983840974328876e-44
200,827,-1.8992719677326102,1.9872174028393656e-39
200,828,-2.008676159991154,4.0802268821403754e-46
200,829,-2.014533584658243,8.680994890717441e-44
200,830,-2.1876331680078476,2.925747443870553e-48
200,831,-1.9652215453961537,2.823486327907333e-39
200,832,-1.964905725618049,2.3750346393091926e-38
200,833,-1.9684431812828649,1.0396412706240322e-37
200,834,-2.0341316434844092,5.22528078003287e-44
200,835,-2.1573457478605746,2.3408121549417522e-51
200,836,-2.0090760736396662,1.2082610652893882e-37
200,837,-2.107762891211225,1.0019176266922232e-46
200,838,-1.9616547933939001,1.9893644534527896e-44
200,839,-2.1553692218643112,9.35585029565892e-51
200,840,-1.8971378115614685,8.977474703421603e-36
200,841,-2.116513538537279,3.3190645163867196e-42
200,842,-2.027935637409464,1.959030906577919e-43
200,843,-2.1410275386836357,6.629600685779707e-48
200,844,-1.892977157506035,1.2223808524743713e-38
200,845,-1.8837693046074193,2.6268673817904044e-42
200,846,-2.0581738066675817,2.2210016732563015e-44
200,847,-2.106302497083509,1.4554013848852866e-41
200,848,-1.926192966720028,7.171905236085421e-39
200,849,-2.0295727011468543,9.87798289955626e-42
200,850,-2.124433935873336,9.704875489424392e-45
200,851,-1.835814994525661,7.750737631300037e-36
200,852,-2.1198549474021355,1.716940744848496e-52
200,853,-2.131092762326989,5.991215049812961e-44
200,854,-2.0541135580875522,9.665719562568949e-46
200,855,-2.0779534019455843,1.7189919535967323e-43
200,856,-1.9049735531012928,2.5932873872707468e-37
200,857,-1.846238653890265,9.487002152884558e-39
200,858,-1.9633740010106067,2.560354568198264e-42
200,859,-2.033626529589518,1.8332792360496432e-39
200,860,-2.026969941104033,1.443816183308488e-39
200,861,-2.015514998354682,2.150233933396665e-43
200,862,-2.2576607407208478,5.6236215214126795e-52
200,863,-2.0950254512324857,7.018007565013738e-45
200,864,-1.983703862586701,5.353232053027694e-46
200,865,-2.197984252128026,6.805441578932532e-49
200,866,-1.9890807604267495,3.210908088244902e-40
200,867,-1.9379038877772734,6.451404178524323e-39
200,868,-1.8399313307850402,1.4111367895821368e-35
200,869,-2.117316695433373,3.382991447748334e-45
200,870,-2.089114681756471,1.62493158459719e-45
200,871,-2.0082491169496013,1.9939280708395073e-42
200,872,-2.197066265021051,9.801886782043262e-56
200,873,-1.9733097828330912,5.2360349609087994e-42
200,874,-2.0088572528444155,1.2093009732017772e-43
200,875,-2.0301278269005127,9.704106809417388e-46
200,876,-2.0594702503733826,3.8912746956991904e-51
200,877,-1.999611518033885,5.150347150444354e-46
200,878,-1.843719515963027,3.658158910110938e-36
200,879,-1.8364423192696737,3.1726098609380824e-39
200,880,-1.9016412451489595,1.378787247622068e-40
200,881,-1.8608773454876655,9.601177805436884e-36
200,882,-2.0629331419239625,4.8049162431407084e-45
200,883,-1.9322559667004935,1.5093370861566431e-41
200,884,-1.9990680349506018,1.2122424082530578e-41
200,885,-1.9039884622795347,1.8907910865816965e-43
200,886,-2.1361464784023347,1.2334811482207994e-52
200,887,-2.0120941966324812,1.999415581035663e-46
200,888,-2.166321554898606,1.2837119576027728e-44
200,889,-2.0449159188535804,7.353451012870661e-40
200,890,-1.9509120372705366,1.6817637662652323e-37
200,891,-2.03659703067256,5.624249969573432e-43
200,892,-2.02273068004408,1.5435725140169963e-41
200,893,-1.889777836394198,1.5526116571668757e-34
200,894,-2.0398365492207926,2.0917000081162075e-46
200,895,-2.026270424436534,8.71051391634219e-46
200,896,-2.0385186592923947,2.5082442063431633e-42
200,897,-2.078700515194277,7.463606410736498e-40
200,898,-1.9716596244067395,1.197120927394187e-42
200,899,-2.112762978932353,4.990712142269958e-47
200,900,-2.194741004748667,7.982494415066071e-46
200,901,-2.0606359988463314,2.8693028496373253e-44
200,902,-2.026158884079874,1.5812706446720468e-46
200,903,-2.070471877048327,9.288776110395062e-41
200,904,-2.0827114597146394,4.36376512952837e-46
200,905,-1.848486634911171,2.425126341956698e-38
200,906,-1.8236040913438032,1.738272375649457e-41
200,907,-1.9685469096911854,1.052065623557224e-39
200,908,-2.1271495175659387,2.4344797588532945e-49
200,909,-2.025096664189797,3.209507434606255e-42
200,910,-2.045160727612589,9.261640966740886e-39
200,911,-1.8980051614693156,1.978672543228726e-42
200,912,-2.115308551556005,1.3210092463334742e-42
200,913,-1.9906337319979714,1.3613265020988087e-37
200,914,-1.9436904921530962,1.226041643939049e-44
200,915,-2.260265485389244,1.0556600600281843e-47
200,916,-1.9951010987326203,5.462676650660976e-53
200,917,-2.1925405306703025,2.9204066173454625e-48
200,918,-1.905793512553129,2.830717196842894e-35
200,919,-2.046522348540349,1.8064552332801542e-45
200,920,-2.1397249172257933,9.257096324802845e-46
200,921,-2.025301199454999,1.4221391846861327e-45
200,922,-1.921640813435653,1.2791626840068314e-42
200,923,-1.926059821136663,9.901842070121801e-48
200,924,-1.9515805807508606,3.143444586010457e-36
200,925,-2.0781176731066546,7.169550158620333e-45
200,926,-2.0867257872304243,7.94732301556824e-46
200,927,-2.0418982409523574,6.676560948698293e-47
200,928,-1.8246874077291801,2.869911232759022e-39
200,929,-1.963736344191073,9.342310878409533e-46
200,930,-1.9749942783679844,8.932988113175098e-43
200,931,-2.1926731293368373,1.566983112801301e-47
200,932,-2.019864505912304,9.299938444028382e-42
200,933,-2.0333386184176208,1.892115760691793e-45
200,934,-1.8869140950196197,8.892045322235665e-42
200,935,-2.213534644676546,1.2892152154806652e-48
200,936,-2.0270803674719504,3.397694051331913e-44
200,937,-2.098685279387145,2.0379115087378064e-50
200,938,-1.9694056588812154,5.16892577132242e-43
200,939,-1.969602281957143,1.5550238002565185e-37
200,940,-2.1097464976139735,1.0289070210511895e-46
200,941,-1.9785397339953619,7.04904652233588e-41
200,942,-1.9209481216992286,1.372712079737047e-41
200,943,-2.0295366980025964,1.6951723032997252e-39
200,944,-1.951905177132275,9.420771067229576e-45
200,945,-1.9280305512974785,5.760036474951053e-40
200,946,-2.0765941700053485,2.067472429551344e-51
200,947,-2.0722327286032467,3.2056529114727264e-45
200,948,-1.9855464181118538,5.623593663653377e-42
200,949,-1.926283431087552,6.42840540323255e-38
200,950,-1.9663303232832554,1.6542504448308901e-40
200,951,-2.0720290522996088,1.4052901623419354e-49
200,952,-2.1091523798105793,7.901545842052184e-48
200,953,-2.0579060206596917,9.896724774891192e-46
200,954,-1.9939706086568352,1.670884339596313e-49
200,955,-2.23570829962559,3.420408155860779e-46
200,956,-2.007221143544246,4.104496828604188e-41
200,957,-1.8853732198494741,1.2750946637948085e-43
200,958,-2.1159030567880395,5.584271924719384e-43
200,959,-2.05491349411675,3.759858500775041e-46
200,960,-2.0964738249844386,3.7237563935609265e-48
200,961,-2.141862855074516,6.845926351053016e-57
200,962,-2.029485627462803,4.982614084907685e-45
200,963,-1.8638679653297645,2.6070649384136765e-38
200,964,-1.9713675613803137,3.8679098770964445e-43
200,965,-1.962359659713763,1.7415057053932415e-44
200,966,-2.0513808384075567,3.7945648020938845e-47
200,967,-2.084824643706594,1.3474758930498357e-42
200,968,-2.0006021070752027,4.703020730275311e-40
200,969,-2.121620567273383,4.128943444217649e-49
200,970,-1.9988742358193239,4.2594555807808595e-45
200,971,-2.119887049258491,6.475237539049048e-48
200,972,-1.9977628000805199,1.982400827404583e-41
200,973,-2.0246263197433283,1.129104188225992e-45
200,974,-1.9266602182041925,2.3091545358548264e-42
200,975,-2.1007395252921732,5.309118221711686e-43
200,976,-2.1824055914931657,1.340660733605954e-47
200,977,-2.1262884338542944,1.8571488597436384e-42
200,978,-2.1043664511929467,6.926366854117439e-40
200,979,-1.9736525161535319,4.4119770020360423e-41
200,980,-2.041385002159151,8.508300390360314e-38
200,981,-1.964106192835712,6.882915521749293e-47
200,982,-2.134911466686156,3.251229921500857e-48
200,983,-2.115453549851331,1.8852827925608138e-48
200,984,-1.9576597767732435,1.1321230649829785e-43
200,985,-2.1245245193355373,3.726267987076129e-46
200,986,-2.066768917379936,3.307635077562664e-45
200,987,-1.9896276458192768,2.148938728355964e-43
200,988,-2.0076667139507025,7.671400205543838e-42
200,989,-2.0117473830756207,1.1367454803288772e-45
200,990,-1.983868801998291,5.963094995799227e-45
200,991,-2.0101244145884536,1.8221549237025077e-42
200,992,-2.0837785062938172,7.032446587844436e-47
200,993,-2.0233614229547996,1.1389155817937732e-39
200,994,-2.1207874823765627,1.7750550221450898e-48
200,995,-1.9489534837404996,8.837507672105233e-44
200,996,-2.2118645859009263,5.749428700955987e-54
200,997,-2.118323456789942,2.943099144858931e-45
200,998,-2.090543674987363,3.429079227014683e-49
200,999,-2.071183111823781,1.6247590787006868e-45
300,0,-1.8859879503051058,1.6889623868110516e-61
300,1,-1.9338960138524204,1.7456925766353832e-60
300,2,-2.034757270169851,5.16054871175832e-68
300,3,-1.9082644867246845,3.9939094177136627e-57
300,4,-2.0340269873588674,4.926866325887022e-74
300,5,-2.12305317038527,1.5789976301885458e-67
300,6,-2.012251778286597,9.893251145768316e-69
300,7,-2.028615939060951,2.0920995397865632e-64
300,8,-1.9308320699542634,2.555595986453943e-59
300,9,-2.045728584161009,3.5261019843801114e-69
300,10,-2.0619614727400943,7.923516163723129e-68
300,11,-2.059559022674188,4.385653722137859e-67
300,12,-2.0140173151237297,3.72221275225373e-65
300,13,-2.0467413869657483,8.308101090986591e-67
300,14,-2.1391127119969617,1.137545907634307e-75
300,15,-2.098710699698235,2.2532501617083694e-66
300,16,-1.9800161974498405,4.61130678846496e-67
300,17,-2.0478076317961733,2.8094757398012354e-66
300,18,-2.063931376872106,7.347854976955362e-68
300,19,-2.063012128894804,1.658461323890197e-72
300,20,-1.979906388618204,3.6301581845543325e-67
300,21,-2.011259217620961,3.418293057566316e-72
300,22,-1.9711416046052141,3.3201696697766556e-60
300,23,-2.0268803826322577,1.6100189562094573e-72
300,24,-2.0830880385441093,5.375952769844558e-68
300,25,-2.044778507634823,4.2085395614108634e-67
300,26,-2.0511633830306595,7.547938846275304e-64
300,27,-2.161364856122608,1.7850085106975638e-67
300,28,-1.9973873590919045,5.944112579852833e-64
300,29,-2.0542224199925645,1.187421074105185e-58
300,30,-1.9766406167231638,8.808020198608367e-64
300,31,-1.934154036424375,2.352920053170274e-65
300,32,-1.9499520925748612,5.3039370955140805e-61
300,33,-2.0264528739576555,1.006815553880581e-65
300,34,-1.9548866808461804,1.3269807513818885e-59
300,35,-2.0687214300199015,5.529255150618694e-72
300,36,-2.032173035110521,4.2501116375078765e-66
300,37,-2.0879132127037963,2.7513548884719524e-66
300,38,-1.959575775112425,4.032981988248364e-59
300,39,-2.13222216516433,9.08579826826121e-72
300,40,-2.0777495370145243,1.1920623073632087e-67
300,41,-2.0164472593950746,4.722550298871006e-64
300,42,-2.055734891183037,2.189493119722707e-68
300,43,-2.049017132795994,1.1490913872310269e-67
300,44,-2.156048996084488,1.995226990779272e-71
300,45,-2.0025604599486932,5.133780030560137e-66
300,46,-1.9986917790664824,1.672324462194838e-57
300,47,-1.9219008273930278,2.77695335727484e-63
300,48,-2.0651658955814147,4.776575284345365e-65
300,49,-2.0192532903791633,5.328356198108945e-67
300,50,-1.9877343349032142,2.1536901290394623e-64
300,51,-1.9272657018210824,1.2415474708807729e-67
300,52,-2.1517990766137034,6.940100857630988e-72
300,53,-2.033395047337744,1.1014486257043982e-69
300,54,-2.0678878895518427,5.127655846464571e-62
300,55,-2.014691431897802,7.365841820594415e-66
300,56,-1.9504026790335445,3.7282556865019345e-62
300,57,-2.180332742193121,2.827679630984479e-74
300,58,-2.0393529323800355,7.321474866307019e-67
300,59,-2.0184847837860644,2.5722991733347533e-63
300,60,-2.0521422102384674,3.7547597219817544e-70
300,61,-2.107865019450264,1.309583194791567e-67
300,62,-2.0254970894542046,8.239987464462162e-65
300,63,-1.8566638952338996,1.7552859905240375e-57
300,64,-1.9989979579962744,4.9609472057789185e-68
300,65,-2.035319213232296,1.7773738360020185e-69
300,66,-1.9861765221261694,1.6730162455067927e-60
300,67,-1.951058962818787,1.4655032726221378e-64
300,68,-2.066297681649216,1.5452796629450143e-65
300,69,-2.150295154672185,2.56516255495021e-68
300,70,-1.9700547220009463,5.862198453205717e-59
300,71,-2.0531800173611954,3.496156686625222e-64
300,72,-2.1911159975288186,1.4012235172593101e-70
300,73,-2.0630518571353234,2.0414489018651232e-64
300,74,-1.9366168180634489,8.335307493496211e-57
300,75,-2.066234094920576,2.91629423891585e-67
300,76,-2.074887282611747,2.8505631420696893e-68
300,77,-2.0290409780809657,6.948369869057561e-66
300,78,-1.9371177586059405,1.3849928381928525e-64
300,79,-2.0576006956901693,2.5111003423853432e-67
300,80,-2.0563562268482682,9.240490360627265e-66
300,81,-2.0070248879532,6.264420706068833e-68
300,82,-1.9889665017478197,1.1806553400056326e-57
300,83,-2.0750390492856017,2.473616408579326e-71
300,84,-2.0047061522193435,2.1450144398260376e-64
300,85,-2.0989621282103084,7.935415061198989e-67
300,86,-2.056590841879242,2.4127884565736487e-73
300,87,-2.049677180996963,9.087266806070132e-71
300,88,-2.0516185505194464,7.413739336836259e-67
300,89,-2.122157778500285,3.1553794329191494e-66
300,90,-1.9700439852167335,3.009781285548339e-66
300,91,-1.9782598501989765,2.7202663416610455e-62
300,92,-1.909802533132666,3.91531437316023e-61
300,93,-2.05415461195102,2.459346665645938e-65
300,94,-2.0525323312456445,7.641617762652786e-67
300,95,-2.0031312493048823,6.79598954242857e-61
300,96,-2.0192344285779633,1.761219062070248e-64
300,97,-2.051546843545551,9.854593396220787e-62
300,98,-2.0620599879232335,4.4226612301123087e-66
300,99,-2.0336264030716906,1.1860346263427604e-74
300,100,-2.0167056583821843,1.6577326233154847e-64
300,101,-1.9617614780180412,2.385271042680056e-62
300,102,-1.933654419269252,8.065332116813207e-61
300,103,-1.9597563803551905,7.951446836707628e-62
300,104,-1.968032165476445,1.3390405487677762e-63
300,105,-1.9804472371825588,1.2612323755462154e-71
300,106,-2.0632068185933603,2.2255647373900528e-66
300,107,-2.0775630044688453,5.6983183060285654e-71
300,108,-2.0083741315450885,1.126159819793828e-61
300,109,-1.9875735981541442,3.5011797933748355e-66
300,110,-1.949965103178096,5.704734226139991e-63
300,111,-1.9649865148270953,2.6300193310059096e-64
300,112,-2.042944494855549,1.0525286182159957e-64
300,113,-1.9747711765377725,1.6381088542722533e-62
300,114,-2.003063168874437,1.6025005803625236e-64
300,115,-2.0403777280375675,2.093676716419757e-65
300,116,-2.1595508815882107,1.7396718287804423e-68
300,117,-1.8702786575997852,7.042221247890345e-61
300,118,-2.120211971838387,1.134591310813026e-70
300,119,-1.9399331010475125,7.462840913760503e-63
300,120,-2.1172556070751813,2.725563102295681e-75
300,121,-2.006952141941606,6.22326135512683e-67
300,122,-2.0325462897665245,2.9027121956025646e-63
300,123,-2.0136862028734894,2.825441845524719e-68
300,124,-1.9848077705842275,2.935742922659526e-65
300,125,-2.056915268310881,1.6696275381214504e-66
300,126,-2.0864605776215646,1.4885109379422223e-67
300,127,-1.9253358199350439,1.1949547599058295e-63
300,128,-2.0471444758097554,4.779707023472669e-69
300,129,-2.101216269500102,1.968519230307551e-68
300,130,-1.9575645557107997,2.793159678818818e-62
300,131,-1.9905801681703714,5.685037797995316e-62
300,132,-2.099037944749429,5.125921918703543e-63
300,133,-2.0229607900914743,2.682102959576481e-66
300,134,-2.111887323751983,1.2827649777370798e-68
300,135,-2.0065092484057585,3.456664039012896e-69
300,136,-1.9110356891981661,9.050400965054354e-63
300,137,-1.951180125061165,6.281451402317343e-61
300,138,-2.0069192275958905,5.154790585438382e-65
300,139,-2.0130343320876296,1.0852086715279985e-63
300,140,-1.9585999649410173,1.1193351247176156e-62
300,141,-2.0221306682267413,4.5631701264446886e-67
300,142,-2.1174830880764848,2.6164492837649347e-64
300,143,-2.036811067569909,5.229837728372902e-67
300,144,-2.0442683307333978,5.833939600193106e-63
300,145,-2.073376970297197,9.005079254256548e-68
300,146,-1.9112464244507423,1.4680791388988837e-60
300,147,-2.0117535380709564,1.3300797635023806e-62
300,148,-1.9250713825100547,5.659565044875611e-59
300,149,-2.1107921188570273,3.0309066027630466e-66
300,150,-2.076660516230856,1.3824254772021547e-65
300,151,-2.0608483724433038,4.73842391417041e-65
300,152,-1.9306808978343843,8.830950972666952e-62
300,153,-1.9256605268803142,4.6893390675332514e-61
300,154,-1.9344766029440468,9.014092426205499e-59
300,155,-2.0800114438183517,2.36355129671148e-65
300,156,-1.9300077789438568,1.509104674566719e-67
300,157,-1.9852812266018445,5.48063270717961e-63
300,158,-2.047208989446303,3.6030868137034363e-66
300,159,-2.047088901293204,7.617158665393494e-66
300,160,-2.0439155511586025,2.5530931417414537e-63
300,161,-2.1906433889404253,2.075416029659767e-73
300,162,-1.955968477665781,2.5760306774633114e-72
300,163,-2.0178317527251757,7.241267878998256e-67
300,164,-2.057652988762113,7.472739446232107e-65
300,165,-2.0288401631070103,2.6628656937925988e-62
300,166,-2.067078773606636,8.379818091995284e-66
300,167,-1.950112580708101,2.4565153736457142e-61
300,168,-2.042075176526561,2.6285487352654613e-61
300,169,-1.9397868319445797,1.0650023309482378e-54
300,170,-1.9102563617821522,7.014958747135016e-66
300,171,-1.9324624624492976,3.5277486728030705e-59
300,172,-2.025525249877579,4.819360283148576e-66
300,173,-1.8760302482284104,1.2363105499761265e-59
300,174,-2.0390123250101526,4.487185181542295e-62
300,175,-1.9892461323565325,1.018977748543028e-68
300,176,-2.080204563370833,1.2524713813006028e-67
300,177,-2.0563181209311496,2.1429063828270806e-64
300,178,-2.123012486000312,8.270082555867352e-67
300,179,-2.046249048189532,9.657146717731548e-64
300,180,-1.9962669683231251,6.95193151072205e-64
300,181,-1.999414396817178,3.611004492658471e-65
300,182,-2.114714460623331,2.2512818166665178e-73
300,183,-2.0138342935067657,3.4453093923438357e-63
300,184,-1.9487876311447323,2.5610207515938563e-59
300,185,-1.960669565635853,1.7521887272717437e-65
300,186,-2.079055189743845,2.4464035708167684e-67
300,187,-2.1521380441922764,4.912596829050967e-65
300,188,-2.1113323620953377,3.9012097090672175e-71
300,189,-2.05471055212388,4.626955295666407e-65
300,190,-1.959277775122521,2.1211005324431218e-62
300,191,-1.9335812034032749,4.5949936207579555e-61
300,192,-2.0237956022696197,5.459141696615636e-63
300,193,-2.080997065651718,7.613627482634976e-68
300,194,-2.0071550305500665,6.98848913848244e-64
300,195,-2.0706109345137724,7.965184423694756e-72
300,196,-1.9853708526780496,2.2116033279745135e-62
300,197,-2.099134942746514,1.96616412576761e-67
300,198,-1.9535752006060205,7.806660601202103e-65
300,199,-1.9276520916205806,3.983830534771224e-62
300,200,-2.007349022167837,2.3140621237885615e-65
300,201,-2.071744365133682,1.5167765865532122e-66
300,202,-2.036964423881402,1.7136420930783516e-62
300,203,-2.0255288438127907,1.146249237895641e-63
300,204,-1.9770741555447993,3.086145725931677e-64
300,205,-1.9373361691718074,1.4399858080221942e-62
300,206,-1.9938862813898819,4.126322014164057e-61
300,207,-2.0787871370903703,3.4615341506466654e-67
300,208,-2.046645624223121,1.1634420070763318e-66
300,209,-2.038544781004835,1.6105203070850897e-60
300,210,-2.0120319779045825,1.8049585861285307e-62
300,211,-2.095683842500904,9.609709733402994e-64
300,212,-2.0797264267600566,4.137380752843843e-66
300,213,-2.0616020578899583,2.4300803826311533e-60
300,214,-1.9862593506096387,4.284027507839202e-61
300,215,-2.0384310397628216,2.2262884119108786e-67
300,216,-2.038676599874517,2.253100896671706e-62
300,217,-2.038403269155115,1.2916113506542108e-60
300,218,-1.9555746666535159,5.3830232670868396e-59
300,219,-1.9709417678882302,9.535587149333799e-62
300,220,-1.906886460112351,1.070431512345072e-70
300,221,-1.8924645675168046,9.523676222715585e-59
300,222,-2.1073855306326896,7.900649783404178e-73
300,223,-2.0714028574225196,4.180657213049079e-65
300,224,-2.130740405876298,9.684403715012305e-74
300,225,-2.0479383540121354,1.9709392965609767e-65
300,226,-2.074570598605984,2.8094401083247186e-71
300,227,-1.9970012563360697,1.1497012893638012e-69
300,228,-2.0110348439359047,1.4667395349068104e-66
300,229,-2.065365800281146,6.552418316947197e-64
300,230,-2.0774372498588054,1.2731115555433164e-68
300,231,-2.045035623835494,1.1108221773304471e-65
300,232,-1.9870602805824404,9.390873176802253e-63
300,233,-2.179356333847582,7.084746403529719e-77
300,234,-2.048104652677642,4.899112134254915e-65
300,235,-2.046674260637775,1.64170163083164e-66
300,236,-1.979993274293519,5.387369059045258e-63
300,237,-2.006209245389816,4.011326662381643e-61
300,238,-2.0537774239723703,7.138627446359724e-62
300,239,-2.053970017725513,1.156024985961666e-65
300,240,-2.2044211915686223,1.5326225423857686e-68
300,241,-2.139207994717226,1.2499388695562923e-71
300,242,-1.9851232715870495,1.5056131165189577e-64
300,243,-2.012278660325526,6.367330927264425e-63
300,244,-2.0057292429047475,3.3707534670904454e-63
300,245,-2.1086752966584132,7.611812416735603e-65
300,246,-1.996978084018524,2.9809215790033333e-64
300,247,-1.9965999886700052,5.301704415256915e-60
300,248,-2.0106273160507397,1.973317673982013e-63
300,249,-2.1596204752404935,7.963487209645196e-66
300,250,-2.0792008109807547,1.9665043385333387e-67
300,251,-1.994207180825076,2.156454675089136e-66
300,252,-2.0020119908804057,5.586217910514986e-65
300,253,-1.9885146113509293,4.881155221331548e-62
300,254,-2.022567979449759,1.7405432262449832e-65
300,255,-2.094681912625589,5.430984932038342e-69
300,256,-2.0577155721600997,9.077272692933511e-70
300,257,-2.092592082688152,6.314996320916963e-67
300,258,-2.0588965863637263,2.250356006706658e-70
300,259,-2.0420504651677813,6.525042851269833e-67
300,260,-2.01878348028334,8.19673839577374e-64
300,261,-2.05936296677224,2.5450148759649846e-69
300,262,-2.0789062302268295,1.949528041900463e-70
300,263,-2.051722315905814,1.2002161194222525e-65
300,264,-2.029146935968127,5.432721475110846e-61
300,265,-2.1075108031145753,8.97203839476512e-67
300,266,-2.046244683080963,1.696329777787708e-64
300,267,-2.057589585642246,6.948130320182436e-63
300,268,-1.9988730735670872,2.594331775352635e-60
300,269,-1.902798357104027,2.0062703030852143e-56
300,270,-1.9693998144028981,4.683449401361367e-62
300,271,-2.0636027820929304,6.24357315325023e-72
300,272,-2.028589563082452,4.5790440606418274e-69
300,273,-1.9569587922520455,2.2046815165803627e-63
300,274,-1.9471247528391933,1.74193889058571e-60
300,275,-2.113665413301586,4.9091562681173985e-68
300,276,-1.9967340703470242,1.311876892173027e-64
300,277,-2.0756888983221877,1.0448839749470806e-65
300,278,-2.065506081664137,5.80897117675329e-71
300,279,-1.9901867590658249,2.354669580391165e-64
300,280,-2.0520437296448275,7.62292339702926e-68
300,281,-1.971001421543515,1.9739265823552545e-61
300,282,-2.0350516505367287,7.370259254349999e-64
300,283,-2.0793813988607033,3.7781442407947574e-73
300,284,-2.0397533990809897,3.0833785105529076e-63
300,285,-2.1177552055308766,9.931445047447499e-66
300,286,-2.0086809109347836,3.866608680744193e-65
300,287,-2.0281740165527777,4.282653346599971e-60
300,288,-1.9829046691973842,4.213374410400659e-59
300,289,-2.0386351636117777,2.8552738651410893e-71
300,290,-2.017176226477984,1.2632194611679033e-63
300,291,-1.9747546558416849,3.5658147568508694e-67
300,292,-2.0491069246824853,6.802768617313486e-63
300,293,-2.08700035950032,7.863661976025716e-70
300,294,-1.999129540752361,3.2772439310782526e-67
300,295,-2.0824411045769056,1.1929756099881396e-65
300,296,-1.9899017006569037,4.2245029413334856e-67
300,297,-2.0058110519653987,1.2765755858747076e-63
300,298,-2.006078339027292,1.0497225035571856e-65
300,299,-2.1802893741318403,6.8619675225912796e-65
300,300,-2.0171886969358797,4.32225668030227e-65
300,301,-1.939691534872476,5.615400256353983e-61
300,302,-1.972463456860475,4.76124107025025e-64
300,303,-2.054492728830593,1.6200312681378116e-63
300,304,-2.0461725348511397,1.998623976327704e-62
300,305,-1.9476440802667376,1.4032003451995767e-60
300,306,-1.9054694482086783,1.962554963840245e-60
300,307,-1.9239180825200428,6.0364609092354714e-61
300,308,-2.034379518676375,4.26479970919045e-60
300,309,-1.982659851068786,8.157662982877395e-71
300,310,-1.9960246443459306,7.077607875251037e-67
300,311,-2.0080980040327336,4.2932862820125926e-66
300,312,-2.057813101788903,1.523900017169018e-66
300,313,-2.018639302304458,8.674930470458096e-65
300,314,-2.0528383270559187,2.9785177990643053e-64
300,315,-2.0010745125657117,1.3215369587644496e-62
300,316,-1.9529238579693589,9.678304182459103e-62
300,317,-2.0407745246122673,9.046299782254301e-60
300,318,-2.072747760172472,4.7706661612032283e-67
300,319,-2.0191526903564263,3.36002766264666e-67
300,320,-1.995765334671228,1.626109024418758e-61
300,321,-1.9247122206564802,3.0023783807267664e-68
300,322,-1.9706478663870195,2.0537071884047457e-60
300,323,-2.0831551830289223,2.493724475168088e-67
300,324,-1.8892784233491238,5.868967048566578e-55
300,325,-2.1056605149150833,2.4204828546123918e-64
300,326,-1.940860983467788,6.484354967764804e-60
300,327,-2.090991031030317,1.5714936493569323e-66
300,328,-2.026798395932614,9.192699384369173e-61
300,329,-2.1156974218345965,2.4106053562354793e-70
300,330,-1.9761008073017043,3.2306795271647213e-62
300,331,-2.0634334096693054,5.320025277873513e-68
300,332,-2.029772210721281,5.968226574466474e-63
300,333,-2.0707578979086207,4.10154416885696e-65
300,334,-2.0204447865475617,6.353253566868251e-70
300,335,-2.069002532280269,1.5229659295006822e-68
300,336,-2.069565197548375,3.701306964753005e-68
300,337,-1.938811743367145,1.1970644033601968e-58
300,338,-1.9839158423624017,1.162173890562338e-59
300,339,-2.0112577182156146,2.4302381732289657e-63
300,340,-2.0450647471559167,1.7188568182208088e-69
300,341,-1.9738370343252072,8.911956208311582e-63
300,342,-1.9831567420189247,7.605275181381549e-69
300,343,-2.1022452621403334,2.4809854243075057e-72
300,344,-2.0648865401428003,1.9710417196278119e-66
300,345,-2.1672485843352636,1.6091951605489425e-71
300,346,-1.9931285123180134,1.0448654755990555e-67
300,347,-1.9833753462553059,5.707297115702003e-63
300,348,-2.122234290600315,1.2021326677698292e-72
300,349,-1.960830020618138,2.6690240209722608e-59
300,350,-2.007010398165355,1.4811584460194198e-66
300,351,-2.0403637513043824,1.3226990720258504e-65
300,352,-2.1156950843096824,8.274902116200497e-65
300,353,-1.9445825270711143,1.5326953714861684e-59
300,354,-1.9651601320336214,3.6008325223581535e-61
300,355,-2.139283670993067,2.8167788721443913e-65
300,356,-1.8831122190045315,1.0177020127458826e-57
300,357,-2.0966757945264805,2.1535543193578014e-69
300,358,-2.0521539417034607,3.719659191503482e-66
300,359,-2.1015767331028403,4.533581861827843e-68
300,360,-1.9386470654948278,1.962118920339852e-62
300,361,-2.078837136748125,2.4110237448593896e-63
300,362,-1.983502412026966,1.0612132091908091e-60
300,363,-2.0286430152976402,3.5456633546680056e-65
300,364,-2.040343849621655,4.2703128459616204e-66
300,365,-2.0009668128706997,2.3507635826634076e-67
300,366,-2.0408010756221167,7.004131780895935e-67
300,367,-1.9944217958595019,1.5325136249048897e-63
300,368,-1.96752015065226,3.752766387315134e-68
300,369,-2.050720017365495,4.099034113861921e-63
300,370,-2.0260844365755144,6.076067617360651e-65
300,371,-1.9677753129105975,9.512698541385557e-58
300,372,-1.9401529662443036,1.4606397372700826e-60
300,373,-1.9051186624387428,3.344633598022405e-57
300,374,-2.0783959898255544,1.1800492568194704e-62
300,375,-2.0160899600797695,5.267757593179705e-69
300,376,-2.1004237867796913,1.4303452475906553e-67
300,377,-2.1146529108377576,1.0657595922180607e-68
300,378,-2.0457508186510127,6.897008963746721e-69
300,379,-1.9447135440588479,7.496002470553445e-56
300,380,-2.178605814252289,1.1296681205824204e-68
300,381,-1.9919945464555546,1.1632248247890465e-60
300,382,-2.059244170386483,2.4775765420720756e-67
300,383,-2.0701389687894904,4.876903313678064e-67
300,384,-2.105762307070597,1.0693842363941864e-66
300,385,-2.0170825475989984,1.512690419518095e-67
300,386,-2.0427891703671888,6.522196366511304e-70
300,387,-2.036396909227437,1.498447794726168e-65
300,388,-2.0714873836707177,3.294394278588053e-71
300,389,-2.0488429124343552,8.156502225489464e-69
300,390,-2.0937194193503403,1.2316284715743965e-62
300,391,-1.9484752231382343,1.9524111411204802e-60
300,392,-2.0693679379409495,1.3181389480082746e-61
300,393,-2.0625535589163917,1.1938783330344185e-67
300,394,-1.9765116666735727,4.025902990621127e-67
300,395,-2.0409166147644653,2.3585398927762845e-68
300,396,-2.210689716920629,4.809178122164052e-72
300,397,-2.105264089278032,1.3973754159883282e-68
300,398,-2.0973299003587975,1.0466294854013115e-66
300,399,-2.1215227014311244,1.1883595771772464e-67
300,400,-2.0346086945646142,5.538008639146647e-68
300,401,-2.047448280312233,2.703532116876359e-62
300,402,-2.027388273069776,2.1509124973595223e-63
300,403,-1.978090869445026,2.0333676218910996e-70
300,404,-2.0932278786480465,5.220252468566885e-69
300,405,-2.0243710646191584,6.2124122963585235e-65
300,406,-1.9803556191101643,7.523854332704312e-61
300,407,-1.9883308460229765,9.188594613948693e-62
300,408,-1.9564005330159766,2.201938216781766e-61
300,409,-1.9241484455436764,3.449930369762172e-61
300,410,-2.1607078518414022,9.644432724016711e-74
300,411,-2.068823819204729,2.0806589752429904e-64
300,412,-2.061287298093463,2.0914336167820324e-66
300,413,-2.0645910001159935,1.2214477824388338e-70
300,414,-2.0826355211062584,1.3984031882364855e-66
300,415,-1.9128020628566125,1.422174572941513e-62
300,416,-2.0743086384690343,8.970192690149598e-68
300,417,-1.961191764237098,7.073303293948306e-63
300,418,-2.0358603389246994,4.4539993269781665e-68
300,419,-2.0126931368855576,5.062440950832828e-65
300,420,-1.9783401072767965,3.3761952304541024e-70
300,421,-2.051614016381393,1.7504178867531658e-71
300,422,-2.007749841684534,6.29752141494902e-67
300,423,-1.9844781502021291,3.291285136058896e-60
300,424,-2.0452801091789663,7.539973828363683e-60
300,425,-2.1197584451505653,3.357478021005052e-67
300,426,-2.0788492831738843,1.015215153562706e-60
300,427,-1.9667149329573155,2.9111549026642934e-67
300,428,-1.952223019220753,5.9519151495381526e-64
300,429,-1.9148443672603488,1.4815722319133072e-57
300,430,-2.036090499004083,2.4555830672702266e-75
300,431,-1.8934947708623264,1.0770253562862907e-61
300,432,-2.1005580264517167,3.0141653702527786e-68
300,433,-2.0048517352710284,5.498940919969899e-69
300,434,-2.053207210642352,3.252376598331726e-60
300,435,-2.0119959554756717,6.0432838934418125e-68
300,436,-1.9509906113524087,4.0402442356222765e-58
300,437,-2.0459549940112494,2.570131262673911e-68
300,438,-2.026057859623644,5.037672566730269e-63
300,439,-2.0812292370012546,2.686661497136048e-66
300,440,-1.8957973583952645,4.6473094220178235e-58
300,441,-2.0466171186618842,1.4842444705413777e-65
300,442,-2.0474483567913326,3.3120788919062554e-64
300,443,-1.9513468842819366,1.6537886611897935e-59
300,444,-2.022769715900534,7.72104965356713e-62
300,445,-2.1574669093024808,3.9433081346746837e-67
300,446,-2.013109414168424,1.1401276887946697e-65
300,447,-2.095862837598755,8.708136757343803e-64
300,448,-1.9911764004956893,1.0599716839499698e-66
300,449,-1.9713730055279095,3.8512622194310683e-60
300,450,-2.0417594738711804,1.6239485304974617e-64
300,451,-2.0441341104933093,3.082771827771876e-64
300,452,-2.0757254254363504,4.3504455378809755e-67
300,453,-2.0062770620769834,5.266140886876662e-67
300,454,-2.102265613192257,1.2728410068548062e-65
300,455,-2.106541094259491,3.152523639005921e-79
300,456,-2.0594817786008477,5.769894725816918e-63
300,457,-2.0181808261317284,1.0395928767941617e-63
300,458,-2.0156726698461016,2.0363282160400784e-63
300,459,-1.9448898244947115,3.9340387225172036e-61
300,460,-2.012445641390502,4.553080101957065e-66
300,461,-1.96073069208152,1.612764957751948e-64
300,462,-2.01725016997245,2.055558042902496e-66
300,463,-1.8859556486503246,1.148638654019003e-62
300,464,-2.0728860329160534,7.887903619800251e-66
300,465,-2.0504830076541065,7.714081998075987e-65
300,466,-2.0022536082652387,2.2275402679628583e-61
300,467,-2.0596860671329296,6.140898618078057e-64
300,468,-2.0041170766643424,1.335293734403757e-62
300,469,-2.0506746187443277,4.141095168221377e-63
300,470,-2.0305744416574987,7.142183916364238e-62
300,471,-1.958488147533978,1.7273798891279633e-61
300,472,-2.0116553833451514,1.9362197720080423e-63
300,473,-2.114883662199384,4.989932120277999e-66
300,474,-1.9710931723314307,2.598030131120631e-63
300,475,-2.00267545107942,1.8480181785095102e-66
300,476,-1.991176134667512,2.7359465366433665e-68
300,477,-2.064725641968743,9.429970296072962e-69
300,478,-2.0941111664236667,4.992941522505972e-68
300,479,-2.0514410278874076,4.3472980157663785e-66
300,480,-2.020447475836865,5.419618973188231e-66
300,481,-2.093394411029683,5.524261935327758e-61
300,482,-2.0154424597416565,1.4900280588893157e-60
300,483,-2.1165860211547116,1.0178620531333396e-69
300,484,-2.1180197717469715,6.842633491709504e-67
300,485,-1.9557574455731332,2.3155631651955995e-62
300,486,-2.066412389092557,3.2065164496664215e-68
300,487,-1.9984929963304108,1.0702632927138618e-62
300,488,-2.025720227807194,3.5778985377913707e-66
300,489,-2.092584271399641,1.8180178683366606e-66
300,490,-2.024283540489942,3.7211406400123857e-63
300,491,-2.0816227942364103,1.2222400710712891e-65
300,492,-1.8839052741018225,1.419957997228761e-57
300,493,-2.100852553435976,3.917746635040288e-70
300,494,-2.034947570996918,2.438439909502431e-62
300,495,-2.0338946813206773,1.1190755625933639e-61
300,496,-2.045390100284032,6.529774896858683e-65
300,497,-2.015232512542129,1.6605668817980664e-64
300,498,-1.9202619084288477,1.3019561964042651e-59
300,499,-1.9982366116753996,1.0026621993035465e-63
300,500,-2.0865146980060256,1.8109035693843268e-68
300,501,-2.021751295144803,2.53558460353641e-68
300,502,-2.13427638726749,1.6361079006139583e-73
300,503,-2.030914968991122,4.28349453258759e-66
300,504,-2.089873501522221,3.87473161600934e-71
300,505,-1.970277837279828,2.7069129939294432e-61
300,506,-2.026138887180143,2.6297117779714837e-66
300,507,-2.1561381274841516,2.846927334384346e-72
300,508,-1.9334798902387709,2.9194096988792593e-62
300,509,-2.0420302053118897,8.579641411858968e-63
300,510,-2.0033467264920084,2.9609965303483307e-64
300,511,-1.9606379828097467,3.288795706645422e-62
300,512,-1.9664594704082141,1.0476394229893213e-61
300,513,-2.0982769772285508,3.672296296735452e-74
300,514,-2.0439618508920274,6.406701267886478e-66
300,515,-2.052165871385111,4.610919821096357e-69
300,516,-1.980949256349211,4.509200360940059e-72
300,517,-2.0432116355722556,3.5117079317483643e-63
300,518,-1.9101566100108665,3.7163964464972912e-62
300,519,-2.0337221548561635,8.258253785626136e-70
300,520,-2.046614586897996,3.229565007791733e-65
300,521,-1.980743015858942,8.09671525014325e-62
300,522,-2.0374245387028287,2.449169912330371e-66
300,523,-2.015981631894247,3.5328255778142107e-65
300,524,-2.0425915215507073,5.133860154051298e-75
300,525,-2.070117283977205,3.3556587092155008e-65
300,526,-2.021538549544455,6.1002638056986404e-68
300,527,-1.9765380056221202,7.65761204258102e-67
300,528,-2.0022446997641614,3.155902808298499e-64
300,529,-2.0901101570282528,6.553103017340247e-71
300,530,-1.9734457080957002,5.337365035338791e-60
300,531,-2.04408553816781,9.870936864737595e-67
300,532,-1.9759499252997994,3.598314991988919e-60
300,533,-2.1087725026122444,2.801934165279972e-65
300,534,-2.0859206402119765,4.727017934697902e-65
300,535,-2.0016568153181398,6.751911321153831e-69
300,536,-2.0039071190213953,1.5230624921484047e-68
300,537,-1.975676316675397,1.2762203721039939e-64
300,538,-1.9818497923974778,1.948347821488023e-64
300,539,-2.1141864764208664,1.1335018150869126e-71
300,540,-2.0055573257708685,2.1827515039457875e-64
300,541,-2.038715683626683,1.1718955151421364e-71
300,542,-1.9751372827499978,6.7472292667537e-68
300,543,-2.0781714271220046,6.423269351959644e-60
300,544,-2.0926170681185132,4.0234945784454035e-70
300,545,-2.1277302199007337,1.911981107570681e-72
300,546,-1.984962736997014,5.999302739419227e-60
300,547,-2.057366206828008,1.4441393896510564e-71
300,548,-2.1145468571065305,1.803664420185508e-69
300,549,-2.005494672091995,1.1241516279381112e-62
300,550,-1.9184784165065922,5.637725852392752e-59
300,551,-2.0412257330020767,9.714556311012747e-64
300,552,-2.088852770944408,2.717690778514891e-65
300,553,-2.112636346495335,5.021472725459097e-71
300,554,-2.0688273497204435,3.643179046428313e-64
300,555,-1.9830317394387835,6.0026062590302555e-61
300,556,-2.16123081206288,6.598915816469745e-77
300,557,-2.1348238888927256,3.2733664240384117e-79
300,558,-2.0039426964326994,3.4735383416339584e-63
300,559,-2.0577917353020894,5.808829944777444e-69
300,560,-1.9023596674270147,7.481322720489555e-60
300,561,-2.112730892953212,1.2521103622533676e-72
300,562,-1.9369862300437184,4.5659225042932635e-58
300,563,-2.226452679642753,1.3731529548360026e-66
300,564,-2.0340502284644355,5.6998371468045766e-67
300,565,-2.0374102594533205,2.5548963333091003e-69
300,566,-1.978385938348839,7.127860206170428e-63
300,567,-2.1043875153630713,1.4709690082314337e-67
300,568,-2.0738999565749925,4.851834313076972e-70
300,569,-2.0265352067707907,4.799709405617039e-69
300,570,-2.087325167733157,4.864416596022751e-61
300,571,-2.066588586597268,1.3952120840354283e-63
300,572,-1.982230186144852,3.374790318098314e-62
300,573,-2.1961401317696003,2.4585445628301983e-72
300,574,-2.0093075937999103,3.13148629675993e-63
300,575,-1.9397634848136098,5.472755671201138e-64
300,576,-2.0403958102441493,9.061596284501212e-63
300,577,-1.9655012335275623,3.155385408935623e-60
300,578,-1.9237769953580086,7.806615836893664e-62
300,579,-2.0371705073719166,1.3390777268191942e-62
300,580,-2.0201884299258275,2.287256065424243e-64
300,581,-2.0588942829832275,1.0359336483865066e-65
300,582,-1.9433899194488058,1.668160141450681e-65
300,583,-1.9555755072460865,6.66860021926059e-58
300,584,-1.962089972942052,1.3950360055935181e-65
300,585,-1.9920628442001407,1.263898623678318e-65
300,586,-2.022787456315294,3.424985510261124e-61
300,587,-1.9439150379557253,1.5323766022209754e-63
300,588,-1.9894131516079856,9.314563157150602e-62
300,589,-2.0089534793834254,1.4124258639225576e-60
300,590,-1.9748177537729674,5.88783110067141e-65
300,591,-2.0957736466390333,2.9337639716257243e-66
300,592,-2.0215323528149334,1.7911152970239327e-61
300,593,-2.0867894801563507,1.9311308794857694e-72
300,594,-2.0506752474445227,6.079702174057246e-69
300,595,-1.9141717228481285,4.3062653193243105e-58
300,596,-1.8829771800907453,8.870788835293292e-59
300,597,-1.9879640219849994,1.7068271117256435e-65
300,598,-2.0322427921238377,4.911566441339301e-70
300,599,-2.054250227330627,4.0032370418329025e-64
300,600,-2.048214111024558,1.044404620392107e-63
300,601,-1.9175203109166166,8.377514882156517e-60
300,602,-2.054697004591741,7.667244760353517e-65
300,603,-2.1012963437829786,3.497714766896529e-66
300,604,-2.079333316994332,1.420128434889154e-68
300,605,-2.0472564549858383,8.105318423369184e-67
300,606,-2.021257152334897,4.618056694969576e-67
300,607,-2.0515466318480247,1.411973621102489e-70
300,608,-1.9726854935554332,2.9260327814573646e-61
300,609,-2.103963134426392,5.955604530716884e-65
300,610,-1.862951295571741,5.7448875035328696e-55
300,611,-1.914103461134106,1.6202513253482354e-59
300,612,-2.098034724384167,1.2937415966353571e-67
300,613,-2.118893913049055,1.1100242162238043e-64
300,614,-1.9548683748294842,1.9243081886327847e-60
300,615,-2.036571544302329,5.862004499929819e-68
300,616,-1.8815219769115084,8.04239427681435e-59
300,617,-2.0305582201707164,7.447211123206654e-66
300,618,-1.9040501348855283,4.277884377050976e-56
300,619,-2.0850499957609205,1.0430873165657197e-65
300,620,-1.9747594515789197,4.410353653776161e-65
300,621,-1.9855216884103744,5.314995732703832e-61
300,622,-2.007727001416063,1.5745518704912275e-63
300,623,-1.9170530888771102,9.166034731542423e-62
300,624,-2.1353174518710345,2.742890618534414e-63
300,625,-1.9688085164652787,6.1600681042452556e-58
300,626,-2.0421184298945674,2.707374707540945e-67
300,627,-2.0421045539273335,8.56065305261778e-76
300,628,-2.0405529229404697,2.2792341132547874e-65
300,629,-1.9162247093881604,4.9715316063640657e-60
300,630,-2.074315294330763,2.0308361988191848e-66
300,631,-2.0316435375991793,2.9622114268560297e-64
300,632,-2.098660537295947,6.7486132630421006e-65
300,633,-1.938970216661362,2.1388421083827442e-57
300,634,-2.122450840988348,1.1487368314060118e-65
300,635,-2.0363906022578044,4.006580574415003e-71
300,636,-2.1311757910949707,2.1967935190885148e-69
300,637,-2.0470821566174955,7.890282334587697e-73
300,638,-2.020213370598155,2.60877280008284e-63
300,639,-1.9889147546072108,1.6125763812394736e-62
300,640,-2.089456993890769,1.2703416690214833e-67
300,641,-2.004043625308352,5.6992825301114e-62
300,642,-2.215470463589087,1.150987257952316e-75
300,643,-1.9888312959365626,9.205566153617601e-66
300,644,-2.091422541609372,5.536159333658652e-75
300,645,-2.040784128393536,2.6078375275590434e-69
300,646,-2.056472173005184,1.4642638134412813e-70
300,647,-1.9303582414458331,5.096409068683391e-63
300,648,-2.1645066262456325,2.7962916292305278e-73
300,649,-1.9557053287272197,9.020315820094125e-64
300,650,-1.953637085086716,4.5114703570872676e-60
300,651,-2.0142603748165726,1.492202524898632e-63
300,652,-2.097129315490892,1.6127191437814827e-65
300,653,-2.1207052316345623,6.023256120656682e-65
300,654,-2.0235309105672794,5.072504119243785e-64
300,655,-2.1043744827553157,7.201940526882088e-71
300,656,-1.9474987786119415,9.141280708262638e-63
300,657,-1.8497805792179172,5.6070796513391195e-62
300,658,-2.0162666184042974,1.4347440042176114e-61
300,659,-2.032512966912555,3.8729033649194415e-69
300,660,-1.9604536689143766,2.1941936453673048e-64
300,661,-1.9779532494845018,5.156993341943771e-61
300,662,-2.039288362151047,4.900852346948256e-63
300,663,-1.9684121502112761,9.387633328831434e-60
300,664,-2.034939089347004,1.4543968080982355e-60
300,665,-1.9586656689918556,1.5104897591737758e-62
300,666,-1.9513236629181856,2.3498133296301525e-54
300,667,-2.0159441767903923,3.09560325432421e-64
300,668,-2.0458176932575904,3.297198495315489e-63
300,669,-2.0552827851630973,4.937360846628905e-67
300,670,-2.0181669490117216,1.1642836457917703e-65
300,671,-1.9894027801503018,1.4755742672254757e-65
300,672,-2.0929669925028707,3.295635553963072e-67
300,673,-2.0464445445156327,7.934311959561025e-67
300,674,-1.8004091647268137,6.528997826485813e-56
300,675,-2.141081080128691,1.746680149012606e-66
300,676,-2.0164789758728023,6.512208550461132e-57
300,677,-1.969826739290517,5.132314716597793e-59
300,678,-1.9916856069487254,6.114529871940803e-64
300,679,-2.160615701495816,6.613533342581372e-61
300,680,-2.0760391381543934,2.107013381383555e-68
300,681,-2.050958854754275,3.659145770707149e-70
300,682,-2.0044992796041106,3.035048677927144e-66
300,683,-2.0217429404403813,8.692966534360377e-66
300,684,-2.0719492078660107,6.991141695828201e-61
300,685,-2.0754687618760963,1.4943534310858136e-71
300,686,-2.056388411838089,2.037990525526391e-64
300,687,-2.0610519119955795,8.146549156951597e-67
300,688,-2.07268542065903,1.0651526843148672e-66
300,689,-2.068737369295415,1.5655695264459814e-65
300,690,-2.014714398690141,1.2110333479623534e-64
300,691,-2.0509380888503683,2.168603125612954e-66
300,692,-2.1236327407662143,1.6331799721431072e-66
300,693,-2.0437527532203976,6.9291369826706635e-68
300,694,-2.011529111530776,5.456146602795852e-68
300,695,-2.0070379348086407,1.759676355504559e-69
300,696,-1.9780636915783907,1.6551742455070603e-63
300,697,-2.1199850192378715,5.3694960819834615e-70
300,698,-1.9687543621381378,9.068720726568878e-60
300,699,-2.096137741656949,1.1075490258374885e-64
300,700,-2.0679467704488523,1.4561948885067507e-68
300,701,-2.024981946607168,2.7463617476001184e-59
300,702,-1.9636204534251007,6.496704668190436e-67
300,703,-2.1706357041830193,2.781529554924538e-69
300,704,-2.0267992743987406,5.934666126618815e-67
300,705,-1.9359591698057148,1.4217264984273504e-65
300,706,-1.9679492300309835,2.219014237499531e-64
300,707,-2.0927879905986506,8.56171267660766e-66
300,708,-1.9866997502333277,1.1162515527062054e-63
300,709,-2.0213426969444024,8.497980908671298e-63
300,710,-1.9132410162560172,6.0338048673062275e-62
300,711,-2.0613872602497523,1.6935145161084416e-67
300,712,-2.0087860624157763,3.012430102519444e-66
300,713,-2.0178703615099955,2.860814120109992e-65
300,714,-1.992834193595674,1.3962082654924676e-59
300,715,-1.9514021755550042,7.003795184609077e-64
300,716,-2.001028511645549,1.2544536600548506e-68
300,717,-1.9879154165547934,6.338526257169189e-64
300,718,-2.041999657060983,3.2787369215673814e-65
300,719,-1.947511152591848,4.1112351203497704e-67
300,720,-2.0471983072131392,2.1987317881196276e-65
300,721,-1.9237927529818117,4.8980490531544906e-58
300,722,-1.997569333448535,6.840297267727553e-58
300,723,-2.113306735672168,3.5551789705891072e-68
300,724,-2.0652571485264097,4.0292572485795934e-66
300,725,-2.009153140163865,9.57552580938143e-65
300,726,-2.0669953344742815,2.765810763231029e-61
300,727,-2.0153936672715185,5.349759220632132e-67
300,728,-1.9294502656291117,7.942082942040242e-62
300,729,-1.9691335432544124,6.087053614787504e-63
300,730,-1.878998168108171,3.865212656011533e-59
300,731,-2.1076354707752145,1.458763218073828e-66
300,732,-1.9577118074136504,4.00939016769141e-56
300,733,-2.083824485564178,1.7475820297508294e-64
300,734,-2.1299990294588778,7.588791706057827e-67
300,735,-2.0005148010721916,4.459797600669191e-62
300,736,-2.1398311661603,1.266571676126205e-68
300,737,-2.083333844691322,3.121407853162743e-61
300,738,-1.928409893408288,2.559499110843447e-62
300,739,-2.0518236175428486,5.305373186059621e-72
300,740,-2.070071092533829,7.008584931219879e-65
300,741,-2.0528855266167136,1.2087408688107092e-65
300,742,-1.9912479962421648,2.4833118101360068e-65
300,743,-2.030845836819169,4.368549660303103e-64
300,744,-2.0777750434633067,1.4624855195999501e-66
300,745,-2.0138432006501743,4.5946480742054957e-66
300,746,-1.9966437728804571,8.777703877014001e-66
300,747,-2.031650138126585,1.7557657925233573e-63
300,748,-2.016007398787993,8.583711026710013e-65
300,749,-2.104290413763785,2.3100355157891696e-67
300,750,-2.088079328669518,1.1739379523959032e-68
300,751,-2.010462871958852,3.2230478973373117e-65
300,752,-2.0754250389070688,7.777189397204647e-63
300,753,-1.9773220534187663,2.067227282088404e-67
300,754,-2.0037180984388447,6.782948148398693e-61
300,755,-2.044943075600287,3.315536750911334e-67
300,756,-2.1165464934813416,1.0819939111907363e-63
300,757,-2.0552453238265125,5.075607996767911e-70
300,758,-2.121101818182769,7.665493242961758e-72
300,759,-2.0371308742547836,2.0244769426554134e-63
300,760,-2.058139006106477,9.284557217789452e-62
300,761,-2.028558130033119,7.102769117113994e-66
300,762,-2.1140620215921517,3.028276587867398e-66
300,763,-2.095813768066045,6.326776879891026e-65
300,764,-1.8397371281182524,7.464248100438234e-62
300,765,-1.9786292018713372,6.404771832478431e-66
300,766,-1.964106325530107,3.770881803657926e-63
300,767,-2.033049244356298,8.81720103531451e-62
300,768,-1.9510617977147877,2.4386831324719372e-57
300,769,-1.9981726910398887,2.1270040038405014e-58
300,770,-1.949462845193457,2.108761703956806e-65
300,771,-2.051176313858303,4.597496463297941e-68
300,772,-2.1522100579733365,4.0416054741704735e-70
300,773,-2.0519228540763583,3.654334116728086e-61
300,774,-2.1289954271142824,2.7801169171282437e-65
300,775,-1.9567714263077791,1.1968287915093466e-57
300,776,-1.9902604489799973,2.2726078953083488e-60
300,777,-2.1387017931147296,3.909352680767922e-74
300,778,-1.996071930504682,1.4927900079721824e-61
300,779,-2.0426424768520635,3.6812873031502067e-63
300,780,-2.1177774402080294,1.5771817500740946e-72
300,781,-2.0030278551221317,2.564094154679911e-68
300,782,-2.0484402753211093,1.557387917934402e-68
300,783,-1.9886327208800214,7.30746425450989e-72
300,784,-2.0621529778067966,4.1197403243215195e-68
300,785,-2.0568091068871928,9.200641868010802e-66
300,786,-2.0781429333824146,2.478288641439446e-63
300,787,-2.0285450083861516,1.6544778689826582e-64
300,788,-2.098225329252238,1.6723866219881656e-75
300,789,-2.0179025110724575,7.040004195656367e-70
300,790,-2.041541193671806,3.043192836903203e-59
300,791,-2.0425003336043996,8.419015816822417e-68
300,792,-2.0797033445491095,9.31795938991359e-67
300,793,-2.1190608166788856,4.346652570018487e-64
300,794,-2.0473788517393814,4.0570432555370334e-67
300,795,-1.911633044458684,6.526461313653904e-64
300,796,-1.9764629567783265,5.849068153512531e-69
300,797,-1.927374196760323,3.879680237946342e-62
300,798,-2.0389730156571817,2.306709170884976e-64
300,799,-2.0012915607640016,1.8290800975950835e-67
300,800,-2.0274212583383564,4.179784703193608e-63
300,801,-2.1649184484456496,5.2081065480362696e-76
300,802,-2.030283159156565,5.093198323935226e-67
300,803,-2.1765595822427883,5.786479143958278e-73
300,804,-1.957209138827917,1.8993835414836286e-64
300,805,-1.9762164419360504,1.3398274785008643e-61
300,806,-1.955931054742166,2.1759042118124206e-59
300,807,-2.0244174700826196,3.979394743158531e-63
300,808,-2.0046569332699606,1.554727064273548e-63
300,809,-1.9834350159704979,1.9722450470599977e-64
300,810,-1.9231383896351604,1.3804995906748732e-61
300,811,-1.971392649927413,2.2422732102798057e-63
300,812,-1.9160069355908567,1.1019529434799422e-61
300,813,-2.083355195922321,2.0061605212755253e-64
300,814,-1.9718639085717058,6.024337268969231e-62
300,815,-2.074014353597959,2.812649534840289e-68
300,816,-1.9709148954226805,8.948972154591098e-61
300,817,-1.9922738288016486,1.0502443916129755e-66
300,818,-2.120001595863431,5.42631186995099e-70
300,819,-2.030034302456973,4.5829474162800166e-69
300,820,-2.021260635670303,3.4285340384706486e-69
300,821,-2.0371103218771296,2.3271660065287667e-61
300,822,-2.147757024039967,1.4393667974551505e-70
300,823,-1.976211062340644,1.3658600121560526e-68
300,824,-2.029964260027005,1.0358985059385287e-66
300,825,-2.0762722650433547,1.51881566064915e-71
300,826,-2.0910267939359546,8.976410494475214e-69
300,827,-1.9005079366526054,3.4754129809785395e-65
300,828,-1.9439669132088326,1.0059889736090175e-59
300,829,-1.8982092738251906,1.0880275936125194e-57
300,830,-1.9593277389698711,1.576755882786997e-63
300,831,-1.990849015474689,3.820659849668554e-59
300,832,-1.9355658888735086,4.667014603695252e-56
300,833,-2.009934883037343,6.3836805057121e-64
300,834,-1.9216749038467738,1.785632031161353e-57
300,835,-2.0644065584000746,2.445026321410272e-67
300,836,-2.0280650449071205,8.720547541009221e-61
300,837,-2.1022499421364067,1.2366957869645918e-73
300,838,-1.9483970008231264,2.5925544645172564e-67
300,839,-2.046021877448177,2.085541389333789e-62
300,840,-2.019949150641966,6.785004703287032e-71
300,841,-1.9348302813870424,1.4504468508336723e-64
300,842,-1.9703114871497753,7.730543863802996e-65
300,843,-2.098946268250951,7.906324868339573e-65
300,844,-2.0065066934168767,4.869140850720598e-69
300,845,-2.071637698184495,4.257301214580835e-71
300,846,-1.987069807532352,8.069441783270916e-62
300,847,-2.0119752350718443,1.159384956683317e-62
300,848,-1.9531526510563788,8.695441288173568e-61
300,849,-2.0038465205034797,1.8632822085018318e-69
300,850,-1.9638085972826937,8.132671596206135e-64
300,851,-2.060513893518456,2.96073247985428e-66
300,852,-2.072397486105233,1.4827096621415288e-67
300,853,-2.075146143852372,7.343482149378341e-65
300,854,-2.02869268419256,3.917498525793364e-69
300,855,-2.0913925341477295,2.514754954698209e-66
300,856,-2.0970500223871724,1.3619262753938548e-65
300,857,-2.0126786069867206,5.438693550066137e-66
300,858,-1.9824525984018333,1.0460306409907583e-64
300,859,-1.9596110940044857,2.5618306378772184e-62
300,860,-2.026397077919688,4.178893045872817e-63
300,861,-2.040416251852836,7.933440581743583e-63
300,862,-2.04660087486325,1.573489548344784e-70
300,863,-1.9446764665950589,2.0439414388249626e-63
300,864,-2.0292074526979693,2.077306006235335e-68
300,865,-1.9448560173138008,9.231705051532141e-65
300,866,-2.0059565538011794,3.413784292631654e-61
300,867,-2.0557994789107488,5.662582380640551e-75
300,868,-2.0465486605684724,6.96475149526596e-67
300,869,-2.0331199190026545,8.512333217502737e-69
300,870,-1.9809000822506828,1.1535063954438067e-65
300,871,-2.051170696765208,3.354109395732698e-67
300,872,-2.064731852852291,8.930376347691417e-66
300,873,-2.05134016679128,2.230832700219501e-62
300,874,-1.9380858154269012,1.1292807146668242e-61
300,875,-2.0423947452531195,2.1081263453957807e-60
300,876,-2.1641205450968517,1.2399651736739021e-70
300,877,-2.0540686904863055,3.145748304055603e-70
300,878,-2.0386806898746634,1.5312459675785564e-72
300,879,-2.1045596825613924,6.662433825428408e-65
300,880,-1.973273773487695,1.0277890890382419e-62
300,881,-1.8631685309517287,2.3805954913846006e-54
300,882,-1.9736981728446423,2.4676330009864e-64
300,883,-2.009610342783822,2.2288985143785898e-56
300,884,-2.0469901166646585,3.951866088820716e-63
300,885,-2.068363138292834,5.781855056739922e-69
300,886,-2.062504978693739,1.1867503050577626e-65
300,887,-2.0471565806630707,1.2620367223486908e-59
300,888,-1.8962911831163902,4.1968301239914136e-61
300,889,-2.00971947450254,1.4426898101387253e-67
300,890,-2.102258442441652,2.183175052328017e-66
300,891,-1.994153229113869,1.7632942788955457e-65
300,892,-2.1034203414034813,1.503778624739466e-67
300,893,-2.066380997990467,5.54516122957357e-72
300,894,-1.9198914976100694,1.8803049179276093e-64
300,895,-2.0827806513035494,2.0064651097638638e-70
300,896,-2.0069353168290354,1.1754380691209951e-67
300,897,-2.057180483050015,2.5737432651065397e-62
300,898,-1.929624276845157,9.338410842257035e-69
300,899,-2.0764597987209665,5.472041168561103e-66
300,900,-2.0451754819650514,1.2972200533505854e-65
300,901,-2.1260179064714695,2.668298161192097e-67
300,902,-1.991170854825123,3.5107078654356297e-66
300,903,-2.0011358754774315,2.1466683784336582e-63
300,904,-1.9144352163658578,3.7238397287587866e-62
300,905,-2.061261772927784,5.952253070967341e-68
300,906,-2.086106735424786,1.2114210931519696e-62
300,907,-2.044445452902125,1.1503233306912408e-65
300,908,-2.0835278406982143,5.334223901118954e-63
300,909,-2.0081591752809906,5.615032082909278e-65
300,910,-1.902070189222214,1.88385788340321e-57
300,911,-1.9887701911503566,2.9240017920079677e-63
300,912,-2.0486774222173896,1.1431392029139755e-63
300,913,-2.0502159132938136,1.636878824286139e-70
300,914,-2.078340903267798,1.1539629994464051e-62
300,915,-1.8301513228963522,1.149542291635783e-61
300,916,-2.0343042628514834,2.2487824908673914e-64
300,917,-1.967598796324518,1.7768465644427215e-58
300,918,-2.0031321789319803,7.668169095450091e-68
300,919,-1.9779926087255513,6.2191990570030806e-61
300,920,-2.01417752160501,7.48235401939175e-63
300,921,-2.02440319381755,1.0782948166420806e-59
300,922,-2.042406273553251,4.970995335048594e-65
300,923,-2.033359726321427,8.489864798151548e-63
300,924,-1.979691600670316,1.5889736477811022e-60
300,925,-2.057125291950972,3.383912820368118e-62
300,926,-2.0997767895435846,1.062800648984623e-70
300,927,-2.0370842092668218,8.362668294670825e-68
300,928,-2.0385147667489747,3.5775204095003716e-65
300,929,-2.154964137479812,7.593205141268881e-75
300,930,-2.081982351392324,1.3681209361287009e-61
300,931,-2.060180668943329,1.5548264801081474e-63
300,932,-2.067080212238354,5.074340495279175e-74
300,933,-2.1659266201458793,7.687551597568445e-66
300,934,-2.1219707507407364,1.031020733371734e-68
300,935,-1.970491177195517,1.4371745548103356e-64
300,936,-1.9730590707168671,1.4733111665563497e-60
300,937,-2.027252831671139,6.637923652185815e-68
300,938,-1.9776479416065884,3.1130030786365396e-60
300,939,-2.1029382956515112,2.345671326245706e-70
300,940,-2.061398152421889,2.0453564493341067e-65
300,941,-1.9995679687153398,6.0149651140007156e-61
300,942,-2.0218511400687342,1.8854700830517028e-63
300,943,-2.0338571481504957,4.815096407267567e-68
300,944,-2.083796457917745,1.3506872493390548e-64
300,945,-2.030504959359585,7.514772539477498e-69
300,946,-1.9858976485034514,1.173911013608491e-65
300,947,-1.9860771879122252,3.1257149212503235e-69
300,948,-1.9765261091270983,7.774739809869456e-59
300,949,-2.088447168430089,3.450265436368333e-64
300,950,-1.9995365774189793,1.9922415714456082e-58
300,951,-2.090739110431466,1.030281971236228e-65
300,952,-2.0324867829602944,1.6909335785906985e-68
300,953,-1.9736147611830628,4.7943771966428074e-64
300,954,-1.953422264766199,8.83059778802523e-64
300,955,-2.097468544658076,1.452153534043118e-70
300,956,-2.0133060733304298,1.419092025078187e-68
300,957,-2.06852395965815,5.657199468602803e-71
300,958,-2.0730899944377326,3.3728606918952505e-66
300,959,-1.8653433236374788,5.96246789980684e-63
300,960,-1.9097505788370643,1.2494187098955683e-57
300,961,-1.9432757121687496,1.911717325138241e-71
300,962,-2.0653937643764584,4.152228095580198e-69
300,963,-2.0095339403405497,4.8643463964159415e-61
300,964,-2.072209798995498,1.1763733337961795e-72
300,965,-2.106148838538757,1.3776722657134381e-64
300,966,-2.0447626311661757,1.1898789560208443e-69
300,967,-2.099969807880476,2.964588639988557e-68
300,968,-1.966826318140801,3.2926571452809646e-65
300,969,-2.0789040974998265,2.686473920875597e-66
300,970,-2.106119926394146,1.0034068525137324e-67
300,971,-1.9804490611881862,6.75549643713855e-63
300,972,-2.029220192707986,1.879264790931888e-65
300,973,-2.1018843221492034,1.1126298342381446e-66
300,974,-2.0779837548773674,8.226482651282587e-65
300,975,-1.9681983913077943,1.434348954017052e-67
300,976,-2.0641979016452696,8.202708277506473e-65
300,977,-2.065571855454242,3.4259628499097296e-67
300,978,-1.9958422570182828,9.973009866463865e-65
300,979,-2.0426623847280947,7.308336767213187e-64
300,980,-2.0054064392652196,1.803791038921625e-63
300,981,-2.0000597261740234,1.0691699808791768e-67
300,982,-2.0401827980586695,9.237253411563653e-61
300,983,-1.9721142991204328,8.200245719837964e-57
300,984,-2.0971320430907605,1.0674695326921714e-64
300,985,-1.9664739362509893,1.9138917514866546e-62
300,986,-1.9987672586075247,1.6099347581202393e-63
300,987,-2.061839251663259,1.344040094826651e-65
300,988,-2.0638633389381393,1.7318009686663064e-69
300,989,-2.06849412988418,3.946640850005026e-68
300,990,-1.9788665994947694,2.5544663280972096e-68
300,991,-2.061031108259532,4.6757570242413996e-65
300,992,-2.0523285714825397,4.474215449320698e-66
300,993,-2.0870636572989465,2.461402722390407e-63
300,994,-2.026930070958307,4.278946731511782e-62
300,995,-2.111980829980344,1.2321504557987e-68
300,996,-2.1028921476905227,1.1260906604671261e-61
300,997,-2.0711664004546595,1.3553918117424092e-62
300,998,-1.9645834420601345,2.7240834529187937e-59
300,999,-2.028719688995152,1.6534402289061965e-67
500,0,-2.004569196301359,6.891279917059302e-110
500,1,-2.043175082768456,5.871215666241355e-108
500,2,-2.0205926152306413,2.0362784950606823e-107
500,3,-2.0308905218388116,1.43673382343914e-110
500,4,-2.0197362538284924,2.284466385081404e-109
500,5,-2.0015888970083235,9.71654444266673e-106
500,6,-2.0046331186042963,4.796200200584006e-105
500,7,-2.02141379911257,1.7294256654683447e-108
500,8,-2.0374251327204105,2.6058131309567185e-108
500,9,-1.996441844460656,3.2382397637354076e-104
500,10,-2.006133895750361,5.1406088823804235e-107
500,11,-2.038002773275643,2.67211712389487e-109
500,12,-2.0432712105287294,4.586652434104293e-110
500,13,-2.01563139296156,3.2420572417051548e-108
500,14,-2.0239297194238404,2.633000131841008e-106
500,15,-1.999633368054691,6.605368706566929e-105
500,16,-2.0132758398506727,5.982921492714909e-107
500,17,-2.0383461259419153,8.831068419272306e-106
500,18,-2.0048600508754673,7.536339167563946e-107
500,19,-2.0218908387719337,2.260735925457743e-106
500,20,-2.0046822712075523,3.495289144725642e-108
500,21,-2.0435731578176917,2.6731170097550967e-106
500,22,-2.0451033445646907,1.2263088996085895e-108
500,23,-2.0330696773726276,8.103332653006774e-112
500,24,-2.0264494218671283,2.2319167047461403e-108
500,25,-1.9959566909039141,6.397395898502275e-107
500,26,-2.0220488212583527,2.1907385087887473e-106
500,27,-2.063769066671707,2.994391923065161e-111
500,28,-2.0217684303864525,3.3942778455185236e-111
500,29,-2.0087020761391656,5.7509515757116345e-109
500,30,-2.016890967779161,4.501409754744473e-105
500,31,-2.009823411663813,7.823093293713843e-105
500,32,-2.0228160039975425,3.1011637005331536e-108
500,33,-2.064562620529201,1.653380699242142e-108
500,34,-2.030086200693164,9.627669248307299e-108
500,35,-2.030405159206204,1.0324486819410625e-106
500,36,-1.9651393536402901,3.4297057785422813e-107
500,37,-2.039000928600978,4.811877317677627e-111
500,38,-2.050180940018585,6.2430625187023e-110
500,39,-2.0379814985238074,2.974512819452044e-109
500,40,-2.045854476077416,5.692961370218124e-108
500,41,-2.054921157526807,1.221630669316705e-110
500,42,-2.0428315913778095,6.203609748694292e-110
500,43,-2.052835723474556,2.084296497061796e-107
500,44,-1.9888681630671208,2.6174717987418945e-104
500,45,-2.018686204921792,1.1023608497785272e-107
500,46,-2.0360389740895,1.615627853952217e-108
500,47,-2.037780560364716,1.358443276794769e-109
500,48,-2.020106307285097,1.9639927135075718e-109
500,49,-2.037622954490514,3.201529599940387e-109
500,50,-2.0089937006077143,7.20212770071906e-107
500,51,-2.004978931708113,2.2631943962438717e-106
500,52,-2.0346515096844735,2.1337818637818268e-107
500,53,-2.049170286660172,4.589714564244777e-109
500,54,-2.0487644354569516,4.589833992546765e-113
500,55,-1.9939927414135452,1.133226789091296e-109
500,56,-2.059929612589447,6.763567045083496e-111
500,57,-2.040363864512501,2.2955364799962286e-108
500,58,-2.0359337294095523,4.316622019737377e-112
500,59,-2.03157774806224,1.2368450358665773e-109
500,60,-2.047415139830311,1.3068005297770056e-110
500,61,-2.0107259890448006,7.520633043270349e-108
500,62,-1.9687766296390912,1.7096614064397349e-105
500,63,-2.033560643924538,3.3990827292940377e-107
500,64,-2.030260329023064,2.1606150075039607e-108
500,65,-2.061179051705764,1.373908758985661e-109
500,66,-2.0243479471314503,2.2520431698501696e-108
500,67,-2.0540099634198246,2.047618164307116e-111
500,68,-2.0084221278115706,1.4938802533209516e-106
500,69,-2.0047200855371345,3.9198353111914787e-104
500,70,-2.0239228115195766,1.5624698589410637e-109
500,71,-2.025999466882289,1.3283779851154067e-107
500,72,-1.946341940003526,1.0036442519713033e-101
500,73,-2.0451779502250984,1.7206621544945858e-109
500,74,-2.0373374467061787,5.478129171579456e-108
500,75,-2.053531625478869,1.7228894145707663e-109
500,76,-2.0094751970974043,1.1540864829597445e-107
500,77,-2.042268933044899,4.7619305736605053e-110
500,78,-2.0511382938389735,2.4148833948956937e-108
500,79,-2.000510415361604,3.0021721021998954e-105
500,80,-1.992309808767014,3.15191787171625e-107
500,81,-2.0444113039966165,9.705736407632808e-107
500,82,-2.027125114067867,4.466408992124548e-105
500,83,-2.0250437889682544,7.246531921159971e-106
500,84,-1.9915374999920266,1.799685492285527e-106
500,85,-2.0057840378432568,1.734685426480909e-106
500,86,-2.051449025775888,1.660707594636769e-113
500,87,-2.0550784934263877,2.5756212193459975e-111
500,88,-2.0673921351887294,6.1419184731125815e-112
500,89,-2.0299757603503794,5.3089207175986225e-107
500,90,-2.031955914594051,3.237364609438785e-108
500,91,-1.9737792473410165,1.4614061808858375e-102
500,92,-2.0070781582218347,9.970084373411724e-108
500,93,-2.0593285549413327,9.103185266534453e-115
500,94,-2.0031127697180864,4.7346215401439274e-105
500,95,-2.029104165903571,3.103635660219094e-109
500,96,-2.0402392154980564,9.383488147015926e-111
500,97,-2.008813238758094,5.79042070290105e-106
500,98,-2.048212614036734,1.6092120358147854e-111
500,99,-2.0213749664216696,1.362401392311601e-106
500,100,-1.992595266859646,8.593318754059947e-105
500,101,-2.0156224039543345,6.424304728899813e-105
500,102,-2.023211298658671,3.652905777907442e-109
500,103,-2.034091413673756,6.535054206305372e-110
500,104,-2.039887644425434,1.0804843839961237e-109
500,105,-1.9938979177961942,2.654924400677816e-105
500,106,-2.0355754749796304,1.2673325159084828e-110
500,107,-2.001293653972872,1.0877171088352414e-104
500,108,-2.0321816803268558,4.198734840806233e-108
500,109,-2.051419631437062,7.64485546530894e-108
500,110,-2.015211815025185,2.7302832018563722e-108
500,111,-2.0000952602996493,1.3948751717846627e-105
500,112,-2.0468514391714994,1.447273032817196e-108
500,113,-2.0190025863201413,9.109584403833784e-107
500,114,-2.0344081689283415,4.1795051858036696e-107
500,115,-2.0070475003767934,3.0273525086903374e-108
500,116,-2.0018876604816027,8.267694371945418e-104
500,117,-2.030411786142836,7.177643980348548e-109
500,118,-2.041321478674049,3.0666691361473766e-107
500,119,-2.009724438486951,7.595102241747419e-104
500,120,-2.053232614587344,1.257333536955049e-110
500,121,-2.077133219537675,1.1651836307265315e-115
500,122,-2.0431947619288344,1.3212762161972462e-109
500,123,-2.0576386912985347,1.0399089184237971e-111
500,124,-2.042839589457717,1.2000719934523572e-110
500,125,-1.9833614031298632,2.7930438118464034e-108
500,126,-2.031777275600513,3.0789494387362487e-106
500,127,-1.9948303358159931,5.142579950106874e-103
500,128,-1.999468080032596,1.3026179460920734e-107
500,129,-1.9935086335888128,3.2636870341777203e-106
500,130,-2.054985925439132,5.997894973736663e-110
500,131,-2.015805247212648,5.493070011893045e-107
500,132,-2.0442820716823817,8.702792913844954e-109
500,133,-2.0096973656005916,3.0153080104385095e-104
500,134,-2.056967358526161,7.134064345087013e-110
500,135,-2.0083869336384756,3.98828589671531e-106
500,136,-2.0360136324870686,7.537583117200406e-106
500,137,-2.0119878591876734,2.0065801362396287e-108
500,138,-2.0513431735871865,3.3427236491815805e-107
500,139,-2.0416547353392005,3.6336564782293835e-108
500,140,-2.00802511153982,2.393176531612026e-110
500,141,-2.0318122243262806,2.3522102042900257e-106
500,142,-2.011262680541445,2.3588484297287346e-109
500,143,-2.0194064190568426,2.5964827424377526e-106
500,144,-1.9854903881238117,8.293191992907769e-102
500,145,-2.043788777643492,6.68191626179526e-112
500,146,-2.0184540695061273,1.266712869801649e-109
500,147,-2.0162445075021074,1.6650371059076436e-108
500,148,-2.027584326470513,5.047024824428029e-106
500,149,-2.024588183294716,2.5284790419859295e-106
500,150,-2.033249730360647,1.6590099542103897e-108
500,151,-2.0223950009780376,3.962401425064994e-107
500,152,-2.0320944075365013,2.915238115974601e-110
500,153,-2.034421583845381,3.4268576720988456e-110
500,154,-2.0413130418538703,1.955280214674294e-108
500,155,-2.0244032569830086,2.6998062315996655e-110
500,156,-2.0409878487733266,1.2273141328175102e-110
500,157,-2.0007873381535166,5.943387617033479e-106
500,158,-2.0129596360844806,3.172802289782361e-106
500,159,-2.0512937557193727,3.455179294133963e-108
500,160,-2.045410398347701,3.474119717071078e-109
500,161,-2.014553693361874,5.3264778863441315e-108
500,162,-1.9869223884681384,1.5795022064069304e-104
500,163,-2.0125561172310844,4.0230023037049933e-109
500,164,-2.0213512857863956,1.0767048684440366e-107
500,165,-2.0004353653547167,4.595650059200607e-106
500,166,-2.0471221007629223,8.244375723367886e-111
500,167,-2.013295283829434,9.188070306776538e-106
500,168,-2.0525298577847346,2.753105469500403e-108
500,169,-2.0506556973583105,2.3247597479287015e-109
500,170,-2.053454473774674,9.706708803501723e-111
500,171,-2.02730497397315,1.6939757105456835e-111
500,172,-2.003817058988955,1.6828900605141864e-106
500,173,-2.024010998494232,1.0371852490484815e-110
500,174,-2.0487708759222576,8.000376203827907e-111
500,175,-2.0141602340103635,4.178094507830413e-108
500,176,-2.0201600369171286,3.762227539848659e-109
500,177,-2.0256235600065207,1.3594706667752211e-107
500,178,-2.0225378520219675,1.0765284807242397e-109
500,179,-2.0438934909577933,1.340217838877456e-110
500,180,-2.026731036249907,1.0828050065251567e-107
500,181,-2.0489379148980715,1.4408416612028773e-109
500,182,-2.030915607984144,4.909553835041378e-107
500,183,-2.061279182078853,1.310401895637989e-109
500,184,-2.048394664265988,1.1652040975833507e-106
500,185,-2.0561860503138805,1.7836739837619076e-115
500,186,-2.0016807170023156,4.147705107651579e-106
500,187,-2.0462568079363272,3.2818729440488887e-109
500,188,-2.023188292359886,2.3796201554006935e-106
500,189,-2.032040358299385,7.497213961023655e-111
500,190,-2.015513060159721,1.2801476912643343e-107
500,191,-2.022294395274696,2.455629141736297e-109
500,192,-2.0089925289466324,4.758977609876822e-108
500,193,-2.010212480577094,1.5430439095057176e-105
500,194,-2.050801468930839,2.3953335322944614e-109
500,195,-2.008811813947765,3.339833548906638e-106
500,196,-2.0187954269599047,1.433954377947133e-109
500,197,-2.0177361099939093,4.790259719768815e-106
500,198,-2.016390281725676,5.152344420715712e-107
500,199,-2.026741805613103,2.0961548477768437e-110
500,200,-2.0333900937081477,2.1607457434282483e-104
500,201,-2.0519104656000824,2.0234062702443825e-111
500,202,-2.026881964056365,1.240357124409674e-108
500,203,-2.0201939618795217,5.339852892593701e-108
500,204,-2.0186339084480984,6.4110576040704714e-108
500,205,-1.9927130536638646,1.3363741164453141e-108
500,206,-2.0014014718790145,1.2559845728880837e-105
500,207,-1.987673097513758,1.7344135798789135e-107
500,208,-2.0114139084489127,5.134228805259282e-108
500,209,-2.0253184544400487,1.492026794995541e-106
500,210,-2.0361208150630024,6.942475534836797e-108
500,211,-1.9946982720344373,2.902457317122922e-106
500,212,-1.9974693345789527,9.362225107993424e-108
500,213,-2.018274338262324,2.719263510475837e-109
500,214,-1.983714410760438,1.998018523114968e-106
500,215,-2.021996997699376,1.8558016183575494e-107
500,216,-2.016374840284736,5.039467398964275e-106
500,217,-2.039683213575114,8.337959768918081e-110
500,218,-2.0668287017804916,1.1011801799023831e-112
500,219,-2.0208039297034057,1.3224706062830252e-106
500,220,-2.0188108537281106,1.0125608814291884e-107
500,221,-2.0514412494608782,5.080026494201919e-108
500,222,-2.0191218494597143,8.438235345216581e-111
500,223,-2.009615405611787,8.881945320936482e-107
500,224,-1.994654850283963,4.902720919590927e-104
500,225,-2.043786229272097,6.305513856373249e-110
500,226,-2.042092338216408,1.0400931855796336e-112
500,227,-2.0015912050828923,4.877260908776375e-108
500,228,-2.0289948123142025,7.374023758575091e-107
500,229,-2.0430290953171335,1.4167078667843553e-110
500,230,-1.9940778796692955,8.209594121800053e-106
500,231,-2.0345734865322322,4.565031278241279e-108
500,232,-2.0127448724990984,1.7686776977681573e-108
500,233,-2.0325141063260412,8.924543718217794e-107
500,234,-2.0557301596998405,9.379635702165246e-111
500,235,-2.0213135516051883,7.997989500826972e-108
500,236,-2.007380143212102,2.043730677741716e-108
500,237,-2.032576033169472,1.1982437132207936e-107
500,238,-2.0054528622893484,2.298800168987102e-107
500,239,-2.0084684120687397,3.2125567780936006e-105
500,240,-2.0170796423076522,3.528331328942395e-112
500,241,-2.0262926753316357,4.725090817829224e-109
500,242,-2.011521698931923,2.342806811710244e-107
500,243,-2.0125739870341404,3.2931161946363566e-107
500,244,-2.076050281112998,6.966512195984955e-114
500,245,-2.0368176853227613,1.7239148644112525e-107
500,246,-2.041705304312841,3.0847679506046636e-107
500,247,-1.9863302553477364,2.633726462442896e-105
500,248,-2.0407360079659282,2.8177784605901512e-108
500,249,-2.0764641383579443,3.590172694271075e-115
500,250,-2.0140604557016744,6.688680236605781e-107
500,251,-2.0299935041744437,9.360708855271627e-110
500,252,-2.0590886905546357,5.750243640895409e-112
500,253,-2.0494906275899076,7.743188160219703e-109
500,254,-2.0077387151809667,5.476759194412994e-107
500,255,-2.0518946362201227,1.5962181325636172e-109
500,256,-2.0080091185859263,2.8331251938849417e-106
500,257,-1.9974855249143806,2.4736353469763676e-105
500,258,-2.0678810442319406,2.9504807261356416e-110
500,259,-2.018149456632835,1.2503599121993291e-107
500,260,-2.0506449813353704,1.4931023882951e-110
500,261,-2.0251056568939125,9.511624064089878e-111
500,262,-2.0469228372838737,3.186056699668645e-108
500,263,-2.0096121022872975,4.270328557511275e-108
500,264,-2.025011798432786,4.6752723368934044e-108
500,265,-2.0129690552252084,2.1630277950200845e-108
500,266,-2.0269025856759093,4.2555762653558905e-106
500,267,-2.0553611496634057,2.0874987388346435e-107
500,268,-2.006907516787723,1.8435888375501836e-104
500,269,-2.0385608383408815,4.76412287082017e-111
500,270,-2.0120551079544127,1.1909281331148129e-107
500,271,-2.033603647337028,6.815544319953313e-110
500,272,-2.0265945842919404,4.8500367115317645e-105
500,273,-2.0308793168913066,5.266457878993058e-109
500,274,-2.0283705702597468,7.2300588056915e-107
500,275,-1.9680417016264764,8.339098687259242e-104
500,276,-2.00706289543127,2.0437517336487546e-107
500,277,-2.0151907346787867,2.988187746058925e-107
500,278,-2.002528878037463,2.915993345615973e-109
500,279,-2.0172220774651732,7.041553299828231e-108
500,280,-2.0233837910441332,3.187254348031771e-104
500,281,-2.0343891904298967,8.082090714020467e-110
500,282,-2.0151125116303152,4.29869925837149e-106
500,283,-2.031762655738669,1.5213652693356412e-107
500,284,-2.0233397110175373,1.3109233322720582e-106
500,285,-1.998483598199286,7.950103524125346e-110
500,286,-2.0298733915723997,3.663123872212589e-107
500,287,-2.0448663645011305,3.247503814578703e-111
500,288,-2.009752432566385,8.330463668531094e-112
500,289,-2.009754809899486,5.855153671218116e-106
500,290,-2.05508515926541,1.651564119510424e-113
500,291,-2.0216240428405943,4.148178516920716e-109
500,292,-2.032834678792388,2.6348966999401316e-112
500,293,-2.0515362052613995,1.3465664346499397e-110
500,294,-2.0506690524899396,3.3527387776146627e-109
500,295,-2.0219387514558846,1.3847950694285995e-106
500,296,-2.0126887991370612,3.622451108635158e-106
500,297,-2.019325616211858,9.016249106162105e-106
500,298,-2.043029648644719,1.1514203538493442e-109
500,299,-2.0249480690419865,2.343293647579138e-107
500,300,-2.0059596327008773,2.328849140207049e-109
500,301,-2.0169875938372988,1.3044464227552013e-105
500,302,-2.0041107526372546,5.4018913963099096e-108
500,303,-2.0037673839016916,8.436263732384836e-105
500,304,-2.0071291138759486,4.390139592855684e-105
500,305,-2.021271251552869,3.46384503155434e-108
500,306,-2.03811052096761,6.315387119927334e-110
500,307,-2.035128908690649,7.570789105597831e-108
500,308,-2.008758960163018,1.098514103875417e-106
500,309,-2.0042601875752144,3.1091569722949628e-108
500,310,-2.0412141864557443,1.128621355374859e-114
500,311,-2.0213090900852277,3.2544955882088427e-105
500,312,-2.068705265938388,2.8530812907764093e-113
500,313,-1.9937133151237907,2.279229148389422e-108
500,314,-2.0130535757987893,9.313386578685e-106
500,315,-2.0730448394067444,2.478092780405141e-110
500,316,-2.0415007803679117,5.833109889737129e-108
500,317,-2.0116282477424727,6.057991978396314e-106
500,318,-2.02668375014229,4.724235009802131e-106
500,319,-2.0292711341370255,2.3987433682701295e-108
500,320,-2.037553183848705,5.2269585287077135e-108
500,321,-2.010195648157201,1.508208586241591e-109
500,322,-2.0510792013165062,2.382479354263328e-108
500,323,-2.0392321675689207,5.165715050624379e-110
500,324,-2.0305394825891785,1.228722323825664e-109
500,325,-2.0220393045634166,6.484975781622581e-107
500,326,-2.0372351316321087,3.4229443709144276e-109
500,327,-2.0231297993881974,1.174958587647382e-106
500,328,-2.0476522722935995,1.8270237850037484e-107
500,329,-2.0491143254709696,2.092038708067096e-108
500,330,-2.0067628356953735,3.403878822222679e-107
500,331,-2.0185715240731,1.9318503066679558e-107
500,332,-2.032706452516937,3.162322176876426e-107
500,333,-2.009913315377985,2.367513520096585e-106
500,334,-2.0237101237307424,7.398800494027904e-113
500,335,-1.9985973514984519,4.725945887805089e-108
500,336,-2.0307745428536528,9.663277498229749e-109
500,337,-2.016945087128529,2.104959199857394e-107
500,338,-1.9975921910117043,1.2849989096868803e-105
500,339,-2.0452166870820996,2.2584802463108786e-110
500,340,-2.0449210842965027,2.4931237967916814e-110
500,341,-1.98446898670871,8.695347998661234e-107
500,342,-2.06823330164449,8.900570952281244e-110
500,343,-2.068264290044155,4.665398173115917e-113
500,344,-2.0224479925929257,1.4518013768364672e-107
500,345,-2.043982184155281,9.827335643988126e-107
500,346,-2.0212799415830274,3.810628452718649e-108
500,347,-2.032813139015924,3.1038910967506674e-109
500,348,-2.027922402291293,8.730377914670334e-107
500,349,-1.9921582082351312,3.418649313804699e-107
500,350,-2.036118536532892,9.697422356386231e-114
500,351,-1.9991603653249461,9.271667573119732e-105
500,352,-2.0060923706145646,3.307781966992172e-107
500,353,-2.0358538087518756,8.090826678493953e-111
500,354,-2.0026843893324786,4.3822084993887995e-107
500,355,-2.020139662654598,6.395487688135914e-106
500,356,-2.035449794078306,2.9921760356041295e-107
500,357,-2.046324025579213,7.292256627411047e-114
500,358,-2.0051462104687223,1.2666237053334175e-107
500,359,-2.0414359729080376,6.249975663920203e-109
500,360,-2.034626145398131,2.797871128680256e-107
500,361,-1.9893676477915498,4.8694357272197825e-108
500,362,-2.032531481695578,7.283588312875918e-107
500,363,-1.9963825091828626,2.5634354615382255e-105
500,364,-1.9887077769140467,3.951731771821339e-108
500,365,-2.012151928460346,1.8309345231789523e-107
500,366,-2.0250854758777868,2.1009598358307493e-107
500,367,-2.0347317935970377,1.686582874563523e-110
500,368,-2.0208909764623817,3.562816965370885e-106
500,369,-1.9790002046987256,3.657618733949971e-105
500,370,-2.0132519601147587,2.0979708393301128e-106
500,371,-2.0499705681680567,5.879937063579036e-109
500,372,-2.032556820886021,3.691378535833573e-107
500,373,-2.0080400673224617,7.498549534432763e-108
500,374,-2.040463011899205,1.6915037954456324e-108
500,375,-2.027083361106235,2.0904610608094182e-112
500,376,-2.0310392187701165,7.323407169880104e-107
500,377,-2.0189563706795255,3.706421300895308e-111
500,378,-2.039475991031428,1.9601505146502117e-112
500,379,-2.041524194796528,2.37651438193859e-108
500,380,-2.0446289710839887,2.735279617504301e-111
500,381,-2.06334427004667,8.655721825831121e-111
500,382,-2.0854911635169575,6.507854830713586e-115
500,383,-2.024037554286016,6.64101774436075e-107
500,384,-2.0264476416769748,7.691459269494356e-108
500,385,-2.0392041617377767,2.1156020996865464e-110
500,386,-2.0105351261402413,1.09218204092694e-105
500,387,-2.052311893248098,2.788565411856549e-110
500,388,-2.0081535980935508,1.8782179926513963e-106
500,389,-2.01127577860451,2.961837836605244e-110
500,390,-2.0454065714118634,2.1063490189023163e-111
500,391,-1.9987613155753392,6.582084492467961e-107
500,392,-2.043110555602344,7.90999389942417e-112
500,393,-2.0667799422983277,1.562509852983324e-111
500,394,-2.007120873794359,5.875534931194531e-110
500,395,-2.004617536134033,2.5504796280993193e-108
500,396,-2.0179691387714547,6.999121415217206e-108
500,397,-2.0100952349508416,1.6568209426148708e-105
500,398,-2.058089149473524,3.855934533064764e-110
500,399,-1.9986884937008158,3.3640310964424234e-107
500,400,-2.0105043977229125,1.0620671512847928e-105
500,401,-1.9866524639639618,6.859540728995753e-109
500,402,-2.055033573378802,1.8088438615194232e-110
500,403,-2.014672356419931,2.847792906063286e-107
500,404,-2.044736721089187,5.781029227932927e-111
500,405,-2.0117782243384985,2.489183928776572e-105
500,406,-2.0176517985766393,2.047787007018442e-106
500,407,-2.000633611482649,1.94750716766143e-106
500,408,-2.0369871462732556,2.721547663217389e-107
500,409,-2.0340906743906855,2.576533506424281e-106
500,410,-2.04522400139341,6.238012914228982e-108
500,411,-2.0327168696157027,1.1453770740231843e-111
500,412,-2.0303458305604423,5.3991504347729235e-109
500,413,-2.0247874416983445,8.434985498254494e-106
500,414,-1.9921253401737866,9.414458497309015e-106
500,415,-2.004024107725326,8.296559798360046e-106
500,416,-2.0080293691272217,2.892375642403121e-108
500,417,-2.0114556353400728,1.2294437844830504e-106
500,418,-2.0287599513802217,3.0130300780273357e-106
500,419,-2.052228786382577,5.556363015960974e-108
500,420,-2.0247034706072453,1.7599600255163396e-108
500,421,-2.04493907679221,5.257680186861608e-112
500,422,-2.0388546656014572,1.1722265495691356e-107
500,423,-2.0244973239545114,8.462419381095311e-109
500,424,-2.0092920494513917,4.8008220646731915e-104
500,425,-2.0196964624650153,9.415917564347845e-109
500,426,-2.0329703642874595,1.8289556666280246e-108
500,427,-2.018270752448264,1.4186787343598844e-106
500,428,-1.995693760021175,3.061729240996459e-106
500,429,-2.0232575660812886,4.746499965835543e-109
500,430,-2.030213818184933,6.008002426770835e-111
500,431,-2.019039366151782,6.43867576689816e-108
500,432,-2.0231013615140316,1.087461063301273e-104
500,433,-2.0563723946913246,3.917960548657493e-112
500,434,-2.0274416327128115,1.1733375426834279e-105
500,435,-2.0237576871618943,4.1871371604430654e-107
500,436,-2.0213998222738647,2.096705438588078e-112
500,437,-2.049815918120597,9.52273739407483e-112
500,438,-2.005070436065223,2.4138520809179816e-103
500,439,-1.988627555827315,3.703465270675173e-105
500,440,-2.054582482952756,5.686217787368974e-110
500,441,-2.045020268348459,5.454218993433312e-112
500,442,-1.9827102006825257,1.601167170574768e-103
500,443,-2.0358747142924276,9.979409489116794e-110
500,444,-2.0233188511438946,1.4042361389507048e-104
500,445,-2.0263028145004816,1.2804382827363565e-108
500,446,-2.0179102552509818,1.2249407955740777e-107
500,447,-2.018549039878458,2.9461208286181464e-108
500,448,-2.0067539584395613,4.0251284474789134e-107
500,449,-2.031017399559536,2.8584686305822296e-106
500,450,-2.0335060676806656,6.44149823447403e-107
500,451,-2.03799321638819,2.396095904497773e-108
500,452,-2.0659732702958715,4.676104217097703e-114
500,453,-2.032200237819792,1.414550858083462e-106
500,454,-2.002826793344961,1.6056238390587555e-105
500,455,-2.005070893190597,6.25056274494911e-107
500,456,-2.0447623576820337,3.6769206703666026e-107
500,457,-2.0473408694257946,6.265516477243874e-112
500,458,-2.0392142265213407,9.997606916881461e-110
500,459,-1.977393124058767,6.509854999234745e-105
500,460,-2.03406204043703,1.1947501465198483e-108
500,461,-2.047993938384325,1.2775165626738498e-108
500,462,-1.9622634302943123,1.2199658464148954e-103
500,463,-2.0396877859160076,3.7419135708481574e-107
500,464,-2.0426633030601904,1.7511281514285178e-107
500,465,-2.0436647398150134,2.5725051181546054e-109
500,466,-2.0396178059502565,2.4377549428691295e-108
500,467,-2.0179356166666285,5.05734345466307e-109
500,468,-2.013327938010563,3.367232801643865e-107
500,469,-2.025489835214656,8.29346793844035e-109
500,470,-2.020621532617877,1.1480737378620525e-105
500,471,-2.002433042854677,2.1447543714696455e-107
500,472,-2.036508625335192,2.8512202547412e-109
500,473,-2.009322573938075,2.6420196534501543e-106
500,474,-2.029950997466077,5.3614893562831475e-107
500,475,-2.0141940085655143,1.456514287269942e-106
500,476,-2.031157199964377,2.3258154153349636e-109
500,477,-2.0380706223641702,1.3711004363209847e-108
500,478,-2.008999642522901,7.085528020227848e-108
500,479,-2.020462639671952,2.4510390049558297e-111
500,480,-2.05836143646125,1.3706429635396806e-110
500,481,-2.0117066546078615,1.0022347450533103e-105
500,482,-2.0150104214452753,9.617334216292157e-105
500,483,-2.028014554014457,1.5419342122225988e-107
500,484,-2.0064414069770242,8.674407126823875e-107
500,485,-1.9997747814958027,5.698744046050392e-107
500,486,-2.0151747098762307,2.022674345675812e-108
500,487,-2.0242366857755565,5.3015940796393396e-108
500,488,-2.0329487543146314,1.8010257333482775e-108
500,489,-2.0165981290628405,2.3209492621480313e-108
500,490,-2.0501429524971098,1.5691962195547674e-113
500,491,-2.04439916836649,2.394897817932202e-110
500,492,-2.0438011939739544,1.791946830863337e-107
500,493,-2.0325075496505853,1.9529223090827234e-108
500,494,-2.0353855309662165,3.15115888108495e-110
500,495,-2.0160585592909577,1.230816912578357e-107
500,496,-2.0154300166287884,5.258098081693799e-110
500,497,-2.0326790205216527,9.850579188291233e-108
500,498,-2.026764809736928,2.4051211325895707e-107
500,499,-2.0007010108515333,3.0822939642733686e-107
500,500,-2.038811051277283,5.768118652473873e-106
500,501,-2.037846725195749,1.602617852478345e-107
500,502,-2.045184354244306,3.282625820291438e-110
500,503,-2.0596790658324116,1.1449398060190657e-109
500,504,-2.0265217834836946,9.50722229972412e-107
500,505,-1.9997907461833293,5.476887578344034e-105
500,506,-2.026047775672806,2.0105054449971824e-108
500,507,-2.037967804844542,6.636299461528351e-111
500,508,-2.0066587391312405,1.7432769418308092e-107
500,509,-2.065454834330752,3.5358563654370156e-115
500,510,-2.000687006862761,4.5218281140361877e-113
500,511,-2.0202701539164734,5.375752418047497e-110
500,512,-2.0055020812193876,2.439022036428128e-106
500,513,-1.9892395667652742,2.572041748360041e-104
500,514,-2.005390780851269,2.0677260195174228e-107
500,515,-2.0267161470861668,1.8710022557119485e-110
500,516,-2.0402115551092024,8.605577652065434e-110
500,517,-2.0197278978551862,8.196834398859909e-107
500,518,-1.994273558686002,9.398000488868293e-111
500,519,-2.02087056954075,1.027104739911589e-108
500,520,-2.0693571236699224,6.034483853563075e-112
500,521,-2.0589350548353593,7.549204905516643e-110
500,522,-2.0131663354300464,1.8624602540356193e-106
500,523,-2.0418323027210974,1.5846717835020608e-111
500,524,-2.0267098141886173,3.656192940245383e-110
500,525,-2.0344906138079963,1.569262932889109e-110
500,526,-2.060192180881115,1.457577144407976e-108
500,527,-2.022673536884069,1.0166234418047452e-108
500,528,-2.0225981350798508,2.8149547511197863e-109
500,529,-2.0256665612188884,2.809410989301338e-108
500,530,-2.0470441130228014,1.2024718218208841e-108
500,531,-2.0577627449682305,3.8571569950151524e-109
500,532,-2.0585938005165474,2.8403428715413934e-111
500,533,-2.033468022344116,2.6090699097928167e-106
500,534,-2.0215127342407904,1.5913221743550351e-106
500,535,-2.0025818542808818,5.464403560267739e-106
500,536,-2.0591344590805827,2.4175232503841323e-111
500,537,-2.0308282334209533,7.27327335716949e-108
500,538,-2.0638819435767326,6.651546030655287e-109
500,539,-2.0361325713704046,9.628804934547082e-109
500,540,-2.019317862814632,3.088309029183441e-107
500,541,-2.0375541848328727,1.0816571351113225e-107
500,542,-2.0137556587381527,6.256006520523554e-107
500,543,-2.026430693515354,1.5145411802557385e-108
500,544,-2.05392925841241,7.409588924033609e-115
500,545,-1.9851715580369778,1.3593489409300212e-107
500,546,-2.0329284700554364,1.5534124785920377e-107
500,547,-2.008118763348941,1.5186714225038745e-105
500,548,-2.015230501351115,7.009213586878392e-108
500,549,-2.0241318489746414,2.765092195602041e-106
500,550,-2.0373498571646182,8.156678408052371e-109
500,551,-1.9905431842080112,2.405678873166271e-104
500,552,-2.0521635165279424,5.467313369287793e-112
500,553,-2.009110656733304,6.499441627551297e-110
500,554,-2.053598687404188,5.635790502500916e-110
500,555,-2.077113345713398,3.890152479831279e-113
500,556,-2.015864148513132,3.362897780436524e-106
500,557,-2.070852854712128,3.4893550477085175e-111
500,558,-2.016534545652136,3.578205850888441e-108
500,559,-2.004896131368837,2.4569826877194304e-109
500,560,-1.9967881394255098,2.3503863566818998e-105
500,561,-2.0159809398021133,2.494554169778533e-104
500,562,-2.0522621121480054,1.9157389282608822e-110
500,563,-2.0580513252971544,7.475318898411874e-112
500,564,-2.035169110075195,6.070597111327081e-109
500,565,-2.0377716610627887,2.559659380641138e-107
500,566,-2.0179258009701284,1.2044835192508113e-108
500,567,-2.0010235040892352,1.7616364630349506e-105
500,568,-2.012507413789888,2.2803581688771208e-107
500,569,-2.0269910915191023,2.7791202781144496e-105
500,570,-2.0384890121832404,2.829143508326452e-107
500,571,-2.014718274328387,1.6145050208084026e-106
500,572,-2.0452959252839316,1.3141989698114357e-110
500,573,-2.0098329011369342,2.2857746096382373e-108
500,574,-2.0355791223620257,4.210022631407311e-107
500,575,-2.045833101683532,6.3858138484821845e-109
500,576,-2.0072195144808704,2.972641977335784e-106
500,577,-2.0031722625188593,1.6678196942439064e-105
500,578,-2.033045278736507,1.106771118634333e-109
500,579,-1.9980425363785903,2.261033626307859e-108
500,580,-2.029169538593277,4.397475550747664e-107
500,581,-2.028495973921462,5.144142392425345e-110
500,582,-2.04578127643091,5.701280804928715e-110
500,583,-2.006216085871725,7.508182905000837e-107
500,584,-1.9943630093559364,2.2295757233078492e-108
500,585,-2.0366528318042354,1.5379691477111467e-109
500,586,-1.98149766398104,6.428156249273624e-107
500,587,-2.0202964688342506,7.029076961742782e-109
500,588,-1.9993071639683153,1.157807271869454e-105
500,589,-2.039297857751052,1.2150042951803895e-113
500,590,-2.0075686006678524,1.4319323915549135e-109
500,591,-2.00084466471836,1.0364420055207395e-106
500,592,-2.0314634828105467,4.016329744753275e-110
500,593,-2.041545457914217,8.511902563213555e-109
500,594,-1.9874357030965912,2.344796020683959e-106
500,595,-2.0337987799203283,4.658908407035318e-108
500,596,-1.9926172857314892,2.4072156761067076e-105
500,597,-2.012297490443032,6.730677750911453e-107
500,598,-2.0113510181943415,1.2067368658510864e-105
500,599,-2.0087374395829176,2.232141181008746e-106
500,600,-2.001278261470448,3.530402626718942e-107
500,601,-2.0005097191891634,4.685116533729936e-106
500,602,-2.0223623563490145,4.335401631496694e-105
500,603,-2.0111044252138903,5.935073455371479e-109
500,604,-2.0776252866973675,1.9399115759844835e-112
500,605,-2.0255514305781306,4.7288161433161436e-107
500,606,-2.005937746503097,7.603580556463061e-107
500,607,-2.0114802542809143,3.8644104991585034e-106
500,608,-2.0218513428868174,1.942303969083298e-108
500,609,-2.0389521156750288,1.0101846144168553e-107
500,610,-2.0249116825026743,8.69389228420631e-108
500,611,-2.027122086136292,5.581002558906681e-107
500,612,-2.026223264258764,8.641271750915451e-109
500,613,-2.0386708568755605,4.985621699003739e-109
500,614,-2.0387806127168027,6.33596115353199e-107
500,615,-2.0382841819111484,6.793732943161252e-106
500,616,-2.0425746077553173,4.845813249988961e-109
500,617,-1.9893138023752437,3.5333244360342976e-105
500,618,-2.0144735978714436,6.596638301128928e-108
500,619,-2.0144035818373256,5.41518410647959e-105
500,620,-2.0411425855844367,1.0309959857749171e-106
500,621,-1.985887584801814,9.943885546744739e-112
500,622,-2.002188352011534,2.5667393424714236e-104
500,623,-2.068246480210134,3.835564686036599e-110
500,624,-2.0213818268015142,8.143924505215632e-107
500,625,-2.0458778752651625,1.9759935896341838e-110
500,626,-2.0263747585469236,6.7896676511553765e-105
500,627,-2.0112198419879617,2.8139938308045576e-108
500,628,-2.0174619120280566,3.501113901221189e-108
500,629,-2.0102769675205137,6.42887212043278e-109
500,630,-2.0131498013872484,3.5776952583231944e-108
500,631,-2.039932258145287,4.0074097095604866e-110
500,632,-2.0213803666410524,4.354399784768895e-107
500,633,-2.013888543993768,1.679698192375677e-104
500,634,-2.0573132232888716,1.247170084643781e-109
500,635,-2.055871156132959,1.3627612801565318e-112
500,636,-2.058791725021848,2.0295620863956376e-112
500,637,-2.028796372660522,1.115229370736931e-105
500,638,-1.9968630595558343,3.1760627596780683e-109
500,639,-2.04856004460785,2.4173219385391828e-108
500,640,-2.0293737192832753,1.9314779860256333e-106
500,641,-2.032045854908678,3.0077368719449393e-108
500,642,-2.025413642983099,2.423960956283835e-109
500,643,-2.059680680638733,3.965905793465466e-108
500,644,-2.0280854302301616,4.5110296332918694e-113
500,645,-2.0195185648135743,2.4322158729466003e-106
500,646,-2.033890824178643,9.513967398756557e-110
500,647,-2.039691043142901,1.1440881948206714e-106
500,648,-2.0199256955686558,4.572240460902336e-107
500,649,-2.0099334599171685,4.880292430451795e-108
500,650,-2.0225723307885586,1.4416084150646808e-103
500,651,-2.0267891920407637,1.321690200164454e-108
500,652,-2.010797808582094,5.935815139208825e-107
500,653,-2.0604932140137953,2.19773101271672e-109
500,654,-2.029919191304627,1.930525983817965e-108
500,655,-2.0036587732162,2.0104400215270238e-105
500,656,-2.0157255500219975,4.6782726493823004e-107
500,657,-2.024890456973827,9.888265231011839e-110
500,658,-2.0327334532527317,3.6932142964919516e-108
500,659,-1.9843718585829118,4.4879242436018273e-107
500,660,-1.9983627586808321,9.951960469225857e-105
500,661,-2.0146764511816952,8.842981949103903e-107
500,662,-2.0213420721135957,1.266815966722346e-109
500,663,-2.029468920989249,2.312123809278764e-104
500,664,-2.05098704101598,2.623764560076087e-109
500,665,-2.0136420554809407,4.787654867430872e-104
500,666,-2.011923817941388,4.045157299046283e-107
500,667,-2.0227624353712272,7.442747268766642e-108
500,668,-2.054833211882988,3.6437026608168774e-109
500,669,-2.030127328054271,1.3458176288980476e-108
500,670,-1.997188595857721,1.6384820719507965e-107
500,671,-2.0497706192211673,4.987585331511407e-108
500,672,-2.037436268498304,4.4473648555889394e-110
500,673,-2.0141181601401863,7.438179312752701e-105
500,674,-2.0669731396081072,3.748434325656634e-108
500,675,-2.025932678612528,1.4698034324084937e-108
500,676,-2.059126684201636,2.6569084506283455e-110
500,677,-2.0312518872416874,1.3686704759897795e-107
500,678,-2.0246912990896835,3.31939294521109e-106
500,679,-2.0099592397032735,7.607719830302657e-104
500,680,-2.028039346698299,2.8441045107558463e-108
500,681,-2.056906069672462,8.726986689538231e-109
500,682,-2.080467455545268,3.248387039414658e-113
500,683,-2.0142258541273055,3.210613625378326e-110
500,684,-2.0080723836241905,3.679446957653399e-106
500,685,-2.033759509980932,1.3804261814785751e-108
500,686,-2.0118331169437216,9.634711581560359e-109
500,687,-2.0277303397707938,7.724907796055926e-107
500,688,-2.072800965856892,5.527405893589763e-115
500,689,-2.0173830738070375,2.2276674334193806e-105
500,690,-2.004752263493197,4.546190758910995e-106
500,691,-2.0247706806719714,3.131401843439923e-108
500,692,-2.0409364513258677,2.99854164049624e-110
500,693,-2.038391321008791,2.769061198006046e-108
500,694,-2.010214963492083,1.1345468987326912e-105
500,695,-2.020695830629819,5.211210087764343e-109
500,696,-2.0095318552367587,9.982415865470451e-107
500,697,-2.056425563582893,1.059038322033037e-111
500,698,-2.0308075486594426,9.947002700092264e-109
500,699,-2.035323513512723,1.11991282347691e-107
500,700,-1.989399739569337,1.751371166140042e-104
500,701,-2.0493881871483586,1.4488342352694807e-105
500,702,-2.026152911149759,1.847305939752355e-108
500,703,-2.013608419058781,1.6413904676942605e-107
500,704,-2.058560514828943,5.337862324712102e-110
500,705,-2.027339460624817,4.585269414817931e-108
500,706,-2.031366605025686,2.0369144050587186e-105
500,707,-2.0436771061296035,4.6173608329855765e-108
500,708,-2.0260813466828953,7.646922743341948e-108
500,709,-2.0432538432334937,1.7638870162123237e-109
500,710,-2.054108520322292,2.7829965958103845e-107
500,711,-2.040377669713992,9.166805089988338e-109
500,712,-2.0180723948405506,7.173365017722564e-109
500,713,-2.0484204011408433,3.623702669246838e-111
500,714,-2.047069917650415,6.200750063869484e-109
500,715,-2.0403283842209508,8.708449276510357e-107
500,716,-2.0174909987805076,1.5865918273063528e-108
500,717,-2.0458282971287503,1.9456112096318582e-110
500,718,-2.034600242671581,4.075041296228725e-111
500,719,-2.0007042564942683,3.5795356340123947e-104
500,720,-2.034894888909573,3.454715086898483e-111
500,721,-2.039425482796416,1.1884714370547465e-109
500,722,-2.0522033300785836,4.664408017788441e-114
500,723,-2.0361965297940614,5.2510473172355774e-108
500,724,-1.9978668557373602,1.7820374444825958e-107
500,725,-2.05430241075139,2.681139418184196e-109
500,726,-2.0518290001836412,1.3669326591989926e-108
500,727,-2.047818383357975,1.7210150083616125e-110
500,728,-2.0318030365968127,4.0001017603707084e-109
500,729,-2.05201680025443,1.4406291073258304e-109
500,730,-2.025032852052038,2.615724386016851e-108
500,731,-2.04605982688527,1.7487810606014517e-109
500,732,-2.0063934936047287,1.6051365468917294e-104
500,733,-2.0124172488239145,1.8864677326768233e-106
500,734,-2.0050970916011295,7.672267085382592e-105
500,735,-2.007651801583883,1.2092836644462525e-106
500,736,-2.0259743299899897,2.0744350219036093e-108
500,737,-2.0616922984508887,3.790605786634428e-107
500,738,-2.0408088624540586,4.255413451927519e-108
500,739,-2.0590207443465953,1.4095019858304375e-110
500,740,-2.0213345372388725,1.469270983677615e-107
500,741,-2.0448445433604183,1.5083432707167286e-109
500,742,-2.048840710639478,8.237402797173965e-109
500,743,-2.0384536509353683,6.1614282062293315e-109
500,744,-2.034068597375782,1.0034275178985648e-107
500,745,-2.0017744748576307,3.5751087849061484e-107
500,746,-2.041804715472802,6.489568198358942e-110
500,747,-2.0130458138566585,4.378805617979593e-111
500,748,-2.0287189484884776,1.5484067287482359e-108
500,749,-2.0133981514585573,1.416931234101814e-105
500,750,-2.034330682635562,4.3720592300272045e-108
500,751,-2.0124634031981827,1.0605940372015541e-109
500,752,-2.018216779940178,1.8975073653041674e-106
500,753,-2.0319789365191605,4.6606197507474094e-110
500,754,-1.9792560914130704,1.7096035257755471e-103
500,755,-1.9986102904936587,3.62205498392645e-104
500,756,-2.062927343523926,2.8832981948333837e-110
500,757,-2.0185506096346986,3.755364109564885e-111
500,758,-2.0495922467263625,1.9978544717488666e-110
500,759,-2.049721614788284,1.0260028250768325e-108
500,760,-2.0339359124464877,2.373060891254226e-108
500,761,-2.0299332757652087,6.165337599871295e-108
500,762,-2.0742660967872997,5.059707101047973e-114
500,763,-2.0116525623192816,7.489100644975886e-106
500,764,-2.0436976542838883,1.2187099229570093e-109
500,765,-2.0406620506561586,2.5333993711186e-106
500,766,-2.034583134685797,1.4140135748041923e-108
500,767,-2.0351483958291583,1.0833112998294627e-106
500,768,-2.046241029577744,1.6735165588742488e-111
500,769,-2.03236927937348,4.055105047690967e-105
500,770,-2.016941475400073,1.4091019640509594e-110
500,771,-2.002694128230149,1.0521403615546574e-108
500,772,-2.0407975292654035,6.492274754818116e-111
500,773,-2.064724794451089,6.970647491467763e-111
500,774,-2.0007767814136175,7.370145315680201e-105
500,775,-2.025625225071302,1.2729036709338413e-107
500,776,-2.0312767367114333,2.9568317723905523e-107
500,777,-2.013352763780163,3.097420641512726e-107
500,778,-2.019456814137156,4.1397813427078875e-106
500,779,-2.059063885926534,4.371140894564497e-112
500,780,-1.986417516235103,1.1309517484596506e-108
500,781,-2.012508853031327,3.0210561915805366e-108
500,782,-1.9906178637666025,9.743848006608252e-106
500,783,-2.0332371430466596,2.3069956169570026e-111
500,784,-2.023556393687988,1.2712001209526036e-107
500,785,-2.020002440356439,2.7255958926460508e-108
500,786,-2.0044174945161117,8.78375389034678e-107
500,787,-2.03057401489772,1.4885054239915303e-109
500,788,-2.027068251563719,1.50454060961025e-106
500,789,-2.0093719773397805,2.283646681843898e-108
500,790,-2.0102562265729675,3.235400516688356e-106
500,791,-2.0323553414019555,2.764995458907704e-108
500,792,-2.0183331552380954,1.7755838701142973e-106
500,793,-2.002009375842121,6.422101904223886e-108
500,794,-2.030853000815868,1.8524978976776425e-110
500,795,-2.022056812972801,4.344043030466472e-107
500,796,-2.0389008622810003,8.588856330684675e-109
500,797,-2.034501039592339,1.3838806916093931e-108
500,798,-2.018700566949933,1.124984546749053e-108
500,799,-2.0039856078150287,4.2632028219534984e-105
500,800,-2.0343571980037947,2.1014574943461212e-106
500,801,-2.0274693517001303,2.650655624790273e-110
500,802,-2.003485641737539,4.588798332327284e-111
500,803,-2.0090536917795427,3.4527710266524046e-105
500,804,-2.006252120396277,1.2212128220024058e-106
500,805,-2.0084660863427155,1.761667612584755e-105
500,806,-1.993558831875144,1.848881914791791e-105
500,807,-2.0028328719545927,6.758536780408797e-107
500,808,-2.0271146786601983,2.877806225982326e-107
500,809,-2.0322317970645365,1.732043069698615e-108
500,810,-2.0451532379857245,4.310489120863513e-108
500,811,-2.053351640566155,1.1995273241866383e-110
500,812,-2.019961944567892,3.0491344809734533e-108
500,813,-2.0010267701748248,2.7207180668262103e-107
500,814,-2.039989169192067,7.891948192917635e-110
500,815,-1.997183000609672,7.82528070436327e-107
500,816,-1.9922825423170023,2.1921337069365357e-102
500,817,-2.033632805259959,2.870116186957917e-107
500,818,-2.0180728047686696,1.782094004542054e-106
500,819,-2.000511302460575,3.453346573291594e-108
500,820,-2.03609360683126,3.611354382295107e-107
500,821,-1.9892516574673316,7.473358152919159e-109
500,822,-2.0102989853854147,4.362892327738354e-106
500,823,-2.047352358732165,9.996769222612076e-109
500,824,-2.015338015903276,3.7314897524635025e-107
500,825,-2.0064616447618704,1.0962942041679243e-107
500,826,-2.037192446912302,3.300124330687454e-106
500,827,-2.0155297634491314,3.8105594386136973e-106
500,828,-2.0139289087684595,2.028584585653732e-107
500,829,-2.0134683727521017,4.598524240507416e-106
500,830,-2.015343965935659,1.1597776931301747e-104
500,831,-2.0230775695162313,5.022121698806134e-108
500,832,-2.006109238189313,1.6167935720058483e-107
500,833,-2.0336293109861856,9.744328680463104e-110
500,834,-2.012309988416874,2.6263366970964304e-109
500,835,-2.0364353647649,1.0103552043757503e-110
500,836,-2.022550654112,2.0305080487983485e-105
500,837,-2.031712791770624,4.101173181640952e-106
500,838,-2.035746244243416,3.577116240272199e-108
500,839,-2.0190043907339428,2.2525493661623474e-107
500,840,-2.0394804749563376,4.372614970039782e-108
500,841,-1.9972827583884332,8.6964578617942975e-106
500,842,-2.0239174898964647,4.984857102299066e-106
500,843,-1.9978815542204993,1.1047677544345363e-105
500,844,-2.017022453436029,4.743563589067191e-105
500,845,-2.0400833386547514,5.620449724259931e-106
500,846,-2.021321480413781,2.6414292191032812e-107
500,847,-1.9739844534270103,8.556245946694796e-105
500,848,-2.0482652521426745,2.9312800431633644e-107
500,849,-1.9998097193978666,5.85693428482879e-106
500,850,-2.0287110209196504,2.49806107425832e-109
500,851,-2.036193862636729,1.067742210731711e-107
500,852,-2.0602356629200465,2.4641631545526992e-109
500,853,-2.03265382381871,1.7620382883273017e-112
500,854,-2.0067788307524683,8.827197604450326e-107
500,855,-2.006235690331974,4.306091125446019e-108
500,856,-2.0663169432699746,2.2429788669020688e-110
500,857,-2.0489415820943,4.287193457642981e-112
500,858,-2.0282168142371955,3.646829851409794e-110
500,859,-2.042453573229605,8.249295762795199e-109
500,860,-2.045466396506371,8.070407804480772e-108
500,861,-2.004838200547944,3.3102663810493433e-106
500,862,-2.0444277870973506,4.75157897437145e-109
500,863,-2.0225306339867686,1.4008329851080633e-110
500,864,-2.010977991911826,1.3124275851629227e-105
500,865,-2.034805396441823,1.2108195652054966e-110
500,866,-2.0390496207592683,5.318155818016619e-109
500,867,-1.9981075220209377,2.7979777622237215e-106
500,868,-2.014372078843923,1.3874672368935012e-105
500,869,-2.024030296186531,5.170194536718266e-109
500,870,-1.987226494241546,4.614098201211161e-108
500,871,-1.9925736229671065,2.7500324894705804e-105
500,872,-2.0330802080672594,4.811917194809317e-108
500,873,-2.0158756147536607,9.073853981515338e-107
500,874,-2.0422376966496367,5.799801061844373e-110
500,875,-2.0258999466814576,9.210829099651554e-108
500,876,-2.013457752038339,6.104083576958045e-107
500,877,-1.998493632752993,1.2465860745124483e-106
500,878,-2.0175196572706833,2.839417646374669e-107
500,879,-2.026551772682036,4.973054311504057e-108
500,880,-2.0187870096175766,8.66914342349256e-108
500,881,-2.031787743594644,4.7789565259447575e-108
500,882,-2.0298222374056882,1.3023134723024087e-107
500,883,-2.071576699436995,1.0845049130117711e-111
500,884,-2.032872753358399,3.032222411909335e-105
500,885,-2.033285104693035,5.335962576347515e-111
500,886,-2.071104568710557,1.4164779561353995e-113
500,887,-2.0305623502158845,3.99045168083523e-107
500,888,-2.0668907761672735,4.673443023354018e-113
500,889,-1.990127775158009,2.80696120231924e-106
500,890,-2.035074308840973,4.108587417003726e-111
500,891,-2.010443340046363,6.388200177739367e-108
500,892,-1.9835363025759838,1.2220187063451049e-106
500,893,-2.021969533052804,5.537187688878899e-107
500,894,-1.9799443106057684,1.4901543689786836e-104
500,895,-2.008564043154715,1.1781306553473791e-105
500,896,-2.037858691787978,1.9095930696942186e-107
500,897,-2.0197749507973137,2.0717385745944066e-110
500,898,-2.056379699706472,3.959605543145546e-110
500,899,-2.0185340028328866,3.351016290499018e-106
500,900,-2.0155669077448852,2.0576423168581326e-109
500,901,-2.0349730824328143,1.597038056330459e-108
500,902,-2.020927782329852,1.2051882967842058e-106
500,903,-2.0448909315718264,6.619650052085122e-108
500,904,-2.0564601645086036,8.231922814342204e-110
500,905,-2.0192518338440753,5.527231036595766e-107
500,906,-2.0141488641772396,1.97564105927239e-106
500,907,-2.045733172218898,7.886110630433076e-107
500,908,-2.026383367881273,1.488790553213788e-106
500,909,-2.028436529226875,7.44282460024091e-110
500,910,-2.0287838276701216,1.6949533555759663e-109
500,911,-2.004908331522971,1.7644154430611456e-110
500,912,-2.0082630680188087,7.064618385219216e-109
500,913,-2.0678908702830974,4.791697602132451e-111
500,914,-2.0078509691723205,4.596300106276535e-108
500,915,-2.0378603670766235,2.4064106809060815e-106
500,916,-2.0356693756926925,1.0455513097011482e-107
500,917,-2.051773070333442,2.16497963494921e-108
500,918,-2.0093549249977913,5.017519618262996e-108
500,919,-2.0380238632360985,3.5005964135761915e-108
500,920,-2.0303383881060055,5.297785915379113e-109
500,921,-2.0592619006676616,3.4939831873488455e-112
500,922,-2.0225169633412152,3.527509521021037e-107
500,923,-2.047502848535168,3.3334237093520923e-112
500,924,-2.0168470458458456,1.104444452375644e-107
500,925,-2.0257329378532987,1.025459390269037e-105
500,926,-2.040576340993362,5.627943651590957e-109
500,927,-1.9818011235873234,1.031037295772964e-106
500,928,-2.0399760494792236,6.661658164436949e-108
500,929,-2.0521808517353683,1.405863472100483e-108
500,930,-2.0578693870650495,2.697284232388741e-109
500,931,-2.035036709719445,3.389538090337583e-108
500,932,-1.9933729236524087,6.946764850443273e-106
500,933,-2.0495937402640667,5.045455122711373e-110
500,934,-2.0132681069295897,1.2235965958332572e-103
500,935,-2.032621041593309,1.3866095473234877e-105
500,936,-2.0118273795127193,1.4164489036090265e-105
500,937,-2.010561380243499,2.6468530861289554e-109
500,938,-2.031394315278865,1.7365985383350586e-106
500,939,-2.0649787221485028,1.5090056814475827e-111
500,940,-2.048769694158805,4.9910110179647664e-108
500,941,-2.002795494275892,3.941514631405457e-107
500,942,-2.0267960216907763,1.288054082075916e-106
500,943,-2.0098938820554357,7.782573454640038e-109
500,944,-2.041390364359472,2.4116147772122953e-107
500,945,-1.9916915813121596,2.830902011241574e-106
500,946,-2.041042465307325,2.5065912518201657e-111
500,947,-2.0146127251179387,2.4171246649920962e-110
500,948,-2.043090037285105,2.401413855580348e-108
500,949,-2.039582306491881,1.497416248985048e-107
500,950,-1.9994009160062696,4.6347754968570405e-105
500,951,-2.0336811603788716,6.347961152240333e-107
500,952,-2.003848111279993,5.888443625089953e-105
500,953,-1.9841336593869032,1.4641998841720295e-108
500,954,-2.0124797062045436,4.7389809753588775e-109
500,955,-2.0258946905450292,6.970224772353665e-109
500,956,-2.0401555692650044,5.612721855554581e-107
500,957,-2.049403823135516,7.704991582349009e-111
500,958,-1.982361462090748,1.423374460095458e-106
500,959,-2.0498304052432976,2.4378231190895042e-109
500,960,-2.024207953537516,1.0020613108890123e-107
500,961,-2.0158866429131805,1.9734556454888445e-110
500,962,-2.022375517124966,1.6101196627023212e-108
500,963,-2.0210740075878393,8.386146924101568e-109
500,964,-2.06367587006885,8.77125322814526e-109
500,965,-2.019698293706875,1.3385437779764367e-111
500,966,-2.014340071127407,9.611837240356278e-108
500,967,-2.0259492912616537,1.455113186813472e-107
500,968,-2.013594540927855,1.6640476253708814e-106
500,969,-2.0335515078629216,1.562538056165866e-107
500,970,-2.0266640341076325,2.0801946375641336e-107
500,971,-2.036839894980094,1.8903850439793818e-105
500,972,-1.9986064088237203,3.056846855164781e-107
500,973,-2.0134542333479155,5.776567989395211e-106
500,974,-2.0481548355062706,1.702993437009385e-110
500,975,-2.0248451989467267,8.083234709476207e-108
500,976,-1.9903456625140468,1.625574691920493e-106
500,977,-1.9886586304064728,4.2167880706410174e-103
500,978,-1.9824993319747906,1.1715004477237277e-102
500,979,-2.0169297363374312,2.3372830612094534e-106
500,980,-1.996805113673144,5.972747166065052e-107
500,981,-2.060193000011589,2.4610518258096963e-112
500,982,-2.0598832923687684,1.2009290180186366e-111
500,983,-2.0302483269235596,1.0373776788379156e-109
500,984,-2.0011187156741865,4.81256717947057e-109
500,985,-2.0147688409818763,1.2584303674857308e-106
500,986,-2.0068589428844437,3.263627630146087e-108
500,987,-2.019673387020374,7.843642454427542e-105
500,988,-2.0203962064410916,2.2979202331722136e-107
500,989,-2.0745593557874464,6.79212795709472e-111
500,990,-2.019233972600631,3.026679671119428e-109
500,991,-1.961828436408239,6.784237394530671e-102
500,992,-2.0192080008498543,1.1935217621442662e-106
500,993,-1.9686398937089393,1.7304219985652404e-104
500,994,-2.043235336348805,1.5060059251732532e-109
500,995,-2.0267151518593014,1.2571288143798347e-108
500,996,-2.053000465236182,7.889218508986112e-110
500,997,-2.008896501518903,3.065083001274808e-107
500,998,-2.0255428485578415,2.2356857181579816e-109
500,999,-2.0332883737099987,5.538500413969298e-109
