analysis,repeat,fold,model,n_test,mae,r,r2,mae_corrected,r_corrected,r2_corrected
primary,0,0,baseline,54,13.757438016528925,4.196938948580207e-16,-0.007750282827138744,,,
primary,0,0,ridge,54,13.747348961154932,-0.02983390306812761,-0.010436955614654853,,,
primary,0,0,random_forest,54,13.561932098765432,0.10287288818865428,-0.014129118084198034,,,
primary,0,0,gradient_boosting,54,14.124493926629517,-0.025464314985720084,-0.1345304143216759,,,
primary,0,1,baseline,54,14.924655647382918,,-0.008420355431154825,,,
primary,0,1,ridge,54,15.079673880245918,-0.2880468983775872,-0.029895362573795436,,,
primary,0,1,random_forest,54,14.750919753086418,0.06523739413417405,-0.013982296951133844,,,
primary,0,1,gradient_boosting,54,15.494714141863266,-0.1373400199391883,-0.14679536480332467,,,
primary,0,2,baseline,54,14.292975206611569,7.400390426624554e-16,-0.04350374146345559,,,
primary,0,2,ridge,54,14.4218622586641,-0.22086340498457552,-0.061853428541035704,,,
primary,0,2,random_forest,54,14.757365912070666,-0.08912829465222333,-0.10589886057875231,,,
primary,0,2,gradient_boosting,54,15.320476645243414,-0.1828809802418519,-0.20843108448911618,,,
primary,0,3,baseline,54,17.51677379859198,1.891777095035454e-16,-0.007106596609898652,,,
primary,0,3,ridge,54,17.508966531928408,-0.06006501275154725,-0.016392280353585864,,,
primary,0,3,random_forest,54,17.6063208012241,-0.06087484863786486,-0.05767869798455716,,,
primary,0,3,gradient_boosting,54,17.650209176433986,-0.06619045040149175,-0.09410771644328708,,,
primary,0,4,baseline,54,14.238138965411695,-1.656673602564417e-17,-0.03489655423095073,,,
primary,0,4,ridge,54,14.364511419660642,-0.014069713245485291,-0.045691335662523924,,,
primary,0,4,random_forest,54,14.23623456790124,0.008452481129732466,-0.04147697422506602,,,
primary,0,4,gradient_boosting,54,15.592182004438817,-0.22508468461779738,-0.2127192235722839,,,
primary,0,5,baseline,54,15.561600857055405,4.700137818926063e-16,-0.01920136087885993,,,
primary,0,5,ridge,54,15.527509456326893,0.06864332174734449,-0.015113322664166207,,,
primary,0,5,random_forest,54,16.24876543209877,-0.1178911973912416,-0.10824780410382662,,,
primary,0,5,gradient_boosting,54,16.48917909494625,-0.08694529303408183,-0.19137109270685015,,,
primary,0,6,baseline,54,14.254300581573311,-4.61332087653455e-16,-0.010885795343563709,,,
primary,0,6,ridge,54,14.252769407325907,-0.07733567528069299,-0.018162832849500266,,,
primary,0,6,random_forest,54,14.62430246913581,-0.13911649571366633,-0.13949001020627194,,,
primary,0,6,gradient_boosting,54,15.039386562072837,-0.23641989450579365,-0.26209264970933654,,,
primary,0,7,baseline,54,12.289791857973674,3.2493920060514107e-16,-0.07232693466441398,,,
primary,0,7,ridge,54,12.291556660651061,0.05412038034592171,-0.06845954028750945,,,
primary,0,7,random_forest,54,12.03036419753086,0.0055415137219437,-0.09711898780624195,,,
primary,0,7,gradient_boosting,54,11.689982219187437,0.09304376006825509,-0.09893387625611694,,,
primary,0,8,baseline,53,13.85172923555728,-6.784424701232191e-16,-0.0170825534096819,,,
primary,0,8,ridge,53,13.756126766557276,0.14176232812030898,-0.008667522933337946,,,
primary,0,8,random_forest,53,13.789872258069746,0.07505518631646935,-0.029497431724707646,,,
primary,0,8,gradient_boosting,53,13.974155675352057,0.06435896669979553,-0.10724951870095234,,,
primary,0,9,baseline,53,13.75472087142579,4.2967497151375853e-16,-0.003695653354298889,,,
primary,0,9,ridge,53,13.876982027831817,-0.19746760301372313,-0.03712936254334687,,,
primary,0,9,random_forest,53,14.162788739178932,-0.10775337720675753,-0.08376761194327775,,,
primary,0,9,gradient_boosting,53,14.301434502693052,-0.08070054229408123,-0.1484611645092917,,,
primary,1,0,baseline,54,14.759947964493419,-2.4436483875319613e-16,-0.0018055854245577763,,,
primary,1,0,ridge,54,14.91911826713074,-0.15204762559925566,-0.021104071877333652,,,
primary,1,0,random_forest,54,15.767074074074072,-0.21745321570944112,-0.16064682892031756,,,
primary,1,0,gradient_boosting,54,15.275930715922597,-0.08742432101587688,-0.1291709718076024,,,
primary,1,1,baseline,54,14.784573002754822,2.7845328475853714e-16,-0.00418852236297651,,,
primary,1,1,ridge,54,14.727704586056849,-0.03051631650519746,-0.008442568196897149,,,
primary,1,1,random_forest,54,14.672269933507062,0.009716868612377003,-0.03716872941298832,,,
primary,1,1,gradient_boosting,54,14.406026020791488,0.09357145854643681,-0.03262124064290872,,,
primary,1,2,baseline,54,16.148614937251303,1.438805246177148e-17,-0.00031850298900781837,,,
primary,1,2,ridge,54,16.25985701088346,-0.07148512943063394,-0.010188393562820197,,,
primary,1,2,random_forest,54,16.129413580246915,0.05267796404313529,-0.010929904056136364,,,
primary,1,2,gradient_boosting,54,15.69428387374363,0.06064946687173786,-0.026659920182231955,,,
primary,1,3,baseline,54,13.797949188858281,-4.0501156707766676e-16,-0.00042540822205228146,,,
primary,1,3,ridge,54,13.697185347725018,0.08611471726888024,0.004044399104463081,,,
primary,1,3,random_forest,54,13.377873679930591,0.245462126053713,0.04815290130402505,,,
primary,1,3,gradient_boosting,54,13.545224407680474,0.16574149880426461,0.02223412018160742,,,
primary,1,4,baseline,54,15.854744413835322,-3.735845039108237e-17,-0.0001670530870419018,,,
primary,1,4,ridge,54,15.931459857192921,-0.07089747379604225,-0.01215622071098732,,,
primary,1,4,random_forest,54,16.44018518518519,-0.17270585861705653,-0.09192888361047724,,,
primary,1,4,gradient_boosting,54,16.366454241609116,-0.11801541589461484,-0.09949320850494581,,,
primary,1,5,baseline,54,14.075076522803796,1.8126348543991114e-16,-0.03061255833979204,,,
primary,1,5,ridge,54,14.057967876297827,-0.11912471158298234,-0.0471269984099274,,,
primary,1,5,random_forest,54,14.363930803168431,-0.16343846986391708,-0.10295561746982318,,,
primary,1,5,gradient_boosting,54,13.869983904392232,-0.09854018407436502,-0.1256147372558547,,,
primary,1,6,baseline,54,14.176316192225283,-5.001146624483927e-17,-0.01760085936526057,,,
primary,1,6,ridge,54,14.2802093151107,-0.25927751788241427,-0.041421037676831585,,,
primary,1,6,random_forest,54,14.757419753086413,-0.18060033326137423,-0.18487524505117015,,,
primary,1,6,gradient_boosting,54,15.48340729131921,-0.262449119029223,-0.29808932542070776,,,
primary,1,7,baseline,54,12.87979797979798,-5.08262197288564e-16,-0.024130105212054165,,,
primary,1,7,ridge,54,12.816233502150324,0.09427757199979736,-0.017156642818936252,,,
primary,1,7,random_forest,54,12.499333333333338,0.25531408381033477,0.02563487106807194,,,
primary,1,7,gradient_boosting,54,12.997441041290715,0.05394682110573809,-0.11071038173647874,,,
primary,1,8,baseline,53,13.507733903909743,3.9081728106360327e-16,-0.011292995711336795,,,
primary,1,8,ridge,53,13.5601946583908,-0.09779814145572788,-0.01941894844617731,,,
primary,1,8,random_forest,53,13.329763725840404,0.13236891046196686,0.00861623584233695,,,
primary,1,8,gradient_boosting,53,13.747921675544944,-0.043508887752407584,-0.09483578800270331,,,
primary,1,9,baseline,53,14.400657459638202,1.8056884066741375e-16,-0.0048691283103734495,,,
primary,1,9,ridge,53,14.533956905488479,-0.017682662797271397,-0.012518273765613097,,,
primary,1,9,random_forest,53,14.9432389937107,-0.17143281714588288,-0.09955523108422804,,,
primary,1,9,gradient_boosting,53,14.756632928527374,-0.10812426114407853,-0.1314050627316381,,,
primary,2,0,baseline,54,12.476308539944903,,-0.04315705041595974,,,
primary,2,0,ridge,54,12.644800109585473,-0.1541830194827023,-0.08222684332172459,,,
primary,2,0,random_forest,54,12.701810468043993,0.02342911443620655,-0.090659493867151,,,
primary,2,0,gradient_boosting,54,12.562399220702863,0.10201608455683885,-0.10403415362949042,,,
primary,2,1,baseline,54,13.946847260483624,-2.1559108914268226e-16,-0.027551208311700215,,,
primary,2,1,ridge,54,14.018311728294297,-0.19854237010431097,-0.04771484655051772,,,
primary,2,1,random_forest,54,13.717029292542302,0.20587548871441294,0.007804176952432296,,,
primary,2,1,gradient_boosting,54,13.504154671356067,0.20989939335711968,0.011179155539026708,,,
primary,2,2,baseline,54,15.727961432506886,-6.883849253917158e-16,-0.08158534627204017,,,
primary,2,2,ridge,54,15.659856821713038,-0.027873900437108075,-0.08302856582475027,,,
primary,2,2,random_forest,54,16.14620370370371,-0.15993525709775733,-0.1922960934057345,,,
primary,2,2,gradient_boosting,54,16.509858864670562,-0.1812302957583535,-0.26907059627408514,,,
primary,2,3,baseline,54,14.370783593510865,5.597714755874531e-16,-0.002568944951599983,,,
primary,2,3,ridge,54,14.489016713291267,-0.2387586069973276,-0.022586345088607906,,,
primary,2,3,random_forest,54,14.496964666583786,0.052576779907631085,-0.013355975514203422,,,
primary,2,3,gradient_boosting,54,14.538873650892656,0.1047488798013576,-0.01468294234769596,,,
primary,2,4,baseline,54,15.846013161922256,3.3995321717002855e-16,-0.041106639623183616,,,
primary,2,4,ridge,54,15.904164448172427,-0.14073803686020853,-0.055870476536214575,,,
primary,2,4,random_forest,54,16.44647860751019,-0.22914889942666222,-0.17668367399235096,,,
primary,2,4,gradient_boosting,54,16.667995231456832,-0.20752422549670188,-0.2702105609818626,,,
primary,2,5,baseline,54,13.502861952861954,-5.960441499070043e-17,-0.025399448185238427,,,
primary,2,5,ridge,54,13.673178308294512,-0.047035639640514985,-0.043761751540497995,,,
primary,2,5,random_forest,54,13.776648148148142,-0.0911392453882038,-0.10984356970419129,,,
primary,2,5,gradient_boosting,54,13.83304997960378,-0.03017731406117151,-0.15282768579274086,,,
primary,2,6,baseline,54,17.3962962962963,1.1701934913565782e-16,-0.0017585547603218288,,,
primary,2,6,ridge,54,17.472348425436564,-0.16713129881743344,-0.018218550962357805,,,
primary,2,6,random_forest,54,17.03806172839506,0.05413677200912991,-0.009911649548752566,,,
primary,2,6,gradient_boosting,54,16.709176153645732,0.10002535395275622,-0.004488616025169367,,,
primary,2,7,baseline,54,13.89074074074074,-5.478466748566482e-16,-0.004849936664718779,,,
primary,2,7,ridge,54,13.90898876929485,0.004542113386599843,-0.005701136957883435,,,
primary,2,7,random_forest,54,14.371824530057054,-0.17155048202096854,-0.07853678992951885,,,
primary,2,7,gradient_boosting,54,14.481297468679962,-0.12572290387120785,-0.10969875802500084,,,
primary,2,8,baseline,53,13.972040459054657,5.198878098222044e-16,-0.008133352353324463,,,
primary,2,8,ridge,53,14.09748564521112,-0.16768102095460818,-0.022868823553781503,,,
primary,2,8,random_forest,53,14.442893081761017,-0.09711144277037696,-0.11349021306943552,,,
primary,2,8,gradient_boosting,53,14.716219689750085,-0.10637965199096105,-0.1941746609875845,,,
primary,2,9,baseline,53,13.444672242754327,1.461702420759134e-16,-0.017796023265202576,,,
primary,2,9,ridge,53,13.432541223683335,0.03964862359167032,-0.013800088812629285,,,
primary,2,9,random_forest,53,13.801973254475376,-0.15994489335598686,-0.09074429307187959,,,
primary,2,9,gradient_boosting,53,13.834031520081238,-0.04572753218796879,-0.13303440368403874,,,
primary,3,0,baseline,54,15.702464034282217,-1.1165103092406815e-16,-0.0006537428309927318,,,
primary,3,0,ridge,54,15.753217510931483,-0.09494440576957262,-0.01031381580599855,,,
primary,3,0,random_forest,54,14.947555555555564,0.24862408431349373,0.055966660764515286,,,
primary,3,0,gradient_boosting,54,15.109385062246329,0.1358042045799051,0.0030162628324673646,,,
primary,3,1,baseline,54,12.813728191000918,9.81104098208291e-17,-0.006948695130820637,,,
primary,3,1,ridge,54,12.895498582520842,-0.023173453616640003,-0.015623724352976875,,,
primary,3,1,random_forest,54,12.424216049382721,0.15157894033339414,-0.0029345804389915298,,,
primary,3,1,gradient_boosting,54,12.743081560084718,0.08378694839887746,-0.08366123379359625,,,
primary,3,2,baseline,54,13.54947199265381,-7.094469614665607e-16,-0.004872161738715075,,,
primary,3,2,ridge,54,13.618265373161277,-0.04373910659325577,-0.011674786541926219,,,
primary,3,2,random_forest,54,14.138216619472391,-0.17669635597629732,-0.13918334156447498,,,
primary,3,2,gradient_boosting,54,14.371542182343045,-0.17931605373142512,-0.23426936846927937,,,
primary,3,3,baseline,54,16.57349250076523,,-0.07565714847819605,,,
primary,3,3,ridge,54,16.521993263253986,0.023746746387576557,-0.07727618546025639,,,
primary,3,3,random_forest,54,16.729790123456795,-0.09670706183538315,-0.11403302229731738,,,
primary,3,3,gradient_boosting,54,16.986695846447414,-0.1744891178227727,-0.20562095382601298,,,
primary,3,4,baseline,54,13.649357208448116,-3.7348028604804925e-16,-0.008629656226174509,,,
primary,3,4,ridge,54,13.648546603267983,-0.08178655010396454,-0.016245462703505575,,,
primary,3,4,random_forest,54,13.205907407407404,0.13949375259603738,0.0076797697468112824,,,
primary,3,4,gradient_boosting,54,13.545388889534912,0.14841078929575163,-0.03688674811138615,,,
primary,3,5,baseline,54,14.220906029996936,,-0.038048348950774136,,,
primary,3,5,ridge,54,14.259910877281445,-0.18036213677709556,-0.04916739236403744,,,
primary,3,5,random_forest,54,14.538080246913577,-0.10677564576359577,-0.09806101151205371,,,
primary,3,5,gradient_boosting,54,14.832123891013582,-0.10331483678008001,-0.18578534027736593,,,
primary,3,6,baseline,54,14.412656871747778,-7.886011712030778e-18,-0.003048893407645803,,,
primary,3,6,ridge,54,14.424723045117068,-0.03787542206449116,-0.0058262729590912166,,,
primary,3,6,random_forest,54,14.891777777777783,-0.030004188057105488,-0.033483558774167754,,,
primary,3,6,gradient_boosting,54,14.875221794576149,-0.026745858622056598,-0.06163051727094726,,,
primary,3,7,baseline,54,14.475902969084787,-2.8355645376961474e-16,-5.8944131625215945e-05,,,
primary,3,7,ridge,54,14.627777224674471,-0.22551348603021587,-0.02420246350644617,,,
primary,3,7,random_forest,54,14.664709876543213,-0.021870450941483523,-0.06191488913005361,,,
primary,3,7,gradient_boosting,54,14.866827781877939,-0.1150633767634733,-0.11908304688148275,,,
primary,3,8,baseline,53,13.988154055631199,1.9942738630995766e-16,-0.017881365071516386,,,
primary,3,8,ridge,53,14.018529791170629,-0.11702952093512582,-0.035770348296933596,,,
primary,3,8,random_forest,53,14.318798742138366,-0.12942554959085012,-0.11331674866271424,,,
primary,3,8,gradient_boosting,53,14.551885765664139,-0.18563416293455798,-0.19098209139472266,,,
primary,3,9,baseline,53,15.11510990079751,9.384852648522567e-16,-0.0005313972513261156,,,
primary,3,9,ridge,53,15.032356559196751,-0.042107085894809,-0.008337081253616097,,,
primary,3,9,random_forest,53,15.197849056603772,-0.031397337595527146,-0.041990207572825566,,,
primary,3,9,gradient_boosting,53,15.597064747790052,-0.14723592916536307,-0.1528088707170614,,,
primary,4,0,baseline,54,14.626828895010712,1.153552629907784e-15,-0.00561843032446796,,,
primary,4,0,ridge,54,14.65038972787929,0.01019023649353562,-0.006274522727879983,,,
primary,4,0,random_forest,54,15.10856172839506,0.01720097407417526,-0.06136271251136094,,,
primary,4,0,gradient_boosting,54,14.935793561968255,0.05835857280394748,-0.05753126810943554,,,
primary,4,1,baseline,54,12.854285277012547,5.321811367597408e-16,-0.046881230098224425,,,
primary,4,1,ridge,54,13.034428825575132,-0.30666159670591825,-0.08835889984415157,,,
primary,4,1,random_forest,54,13.536629629629637,-0.2186169260693643,-0.21963240839158127,,,
primary,4,1,gradient_boosting,54,13.73757981584138,-0.17023877859494108,-0.2246654559425032,,,
primary,4,2,baseline,54,16.13226966636058,-6.842148321545642e-16,-2.752948433393243e-05,,,
primary,4,2,ridge,54,16.209686572640724,-0.06533624338563776,-0.00776506530864296,,,
primary,4,2,random_forest,54,15.914629629629632,0.03869531140668577,-0.02602296047531083,,,
primary,4,2,gradient_boosting,54,16.30601297086683,-0.014664315123756568,-0.12144569999548493,,,
primary,4,3,baseline,54,14.818518518518514,,-0.004237009433763594,,,
primary,4,3,ridge,54,15.028596045610334,-0.24189238537967403,-0.035530808835870564,,,
primary,4,3,random_forest,54,14.99361507402539,-0.10043135408439867,-0.07676641178351917,,,
primary,4,3,gradient_boosting,54,15.560306489051186,-0.20419197298484706,-0.22630942338626614,,,
primary,4,4,baseline,54,16.144444444444442,,-0.0010494746756832818,,,
primary,4,4,ridge,54,16.17077257739798,-0.03480646809344806,-0.006151692175930812,,,
primary,4,4,random_forest,54,16.077993827160494,-0.009324964565005806,-0.027870569659852462,,,
primary,4,4,gradient_boosting,54,15.789885150712836,0.027614850428733417,-0.03570189543354818,,,
primary,4,5,baseline,54,14.817523722069176,2.0950514416175489e-16,-0.00022982825510720062,,,
primary,4,5,ridge,54,14.680569200775833,0.059595985538103885,0.003218563387286877,,,
primary,4,5,random_forest,54,15.326530864197526,-0.17793009755068454,-0.12135514894508326,,,
primary,4,5,gradient_boosting,54,16.012337142081144,-0.26780043125940944,-0.24245587896641174,,,
primary,4,6,baseline,54,14.579002142638508,-5.344348976024919e-16,-0.000759657753734766,,,
primary,4,6,ridge,54,14.5414550294386,0.02024871821131212,-8.932753982859865e-05,,,
primary,4,6,random_forest,54,14.70389459480491,0.08553755394752509,0.000746031905747846,,,
primary,4,6,gradient_boosting,54,14.776667762395551,0.07726700978084604,-0.04906164809596758,,,
primary,4,7,baseline,54,13.014707682889501,1.1464096441211868e-15,-0.000608439463540611,,,
primary,4,7,ridge,54,12.986183930042976,0.07059515396860024,0.002910324012228016,,,
primary,4,7,random_forest,54,13.137913580246916,-0.02018858539423333,-0.059173073635882645,,,
primary,4,7,gradient_boosting,54,13.86601423094381,-0.12925737191488038,-0.24538507343721427,,,
primary,4,8,baseline,53,13.771519159696558,-4.46879171859975e-16,-0.02590541448872208,,,
primary,4,8,ridge,53,13.830929972433992,-0.18295594658105982,-0.04764982439724608,,,
primary,4,8,random_forest,53,13.772956155788007,0.03431239937213377,-0.050472347138205365,,,
primary,4,8,gradient_boosting,53,14.382293919581548,-0.08770152887542569,-0.13863960685287835,,,
primary,4,9,baseline,53,13.604236529858005,,-0.04729147204041362,,,
primary,4,9,ridge,53,13.607999225921008,0.10665014223236426,-0.03897180309385839,,,
primary,4,9,random_forest,53,13.751672955974849,-0.08914588392527667,-0.13749682940400798,,,
primary,4,9,gradient_boosting,53,13.60323657451479,-0.04939690089977134,-0.16187660216550714,,,
exclude_1s,0,0,baseline,16,15.469718309859156,,-0.0005886562243406779,,,
exclude_1s,0,0,ridge,16,16.62738164131379,-0.1180209893616455,-0.22699401812966924,,,
exclude_1s,0,0,random_forest,16,15.296215566292702,0.1315337650079865,0.005582192465174329,,,
exclude_1s,0,0,gradient_boosting,16,16.759995827585712,-0.09570501533190523,-0.23198567849940654,,,
exclude_1s,0,1,baseline,16,14.219366197183097,,-0.04904703585557901,,,
exclude_1s,0,1,ridge,16,13.79852315654022,0.33344059382572555,-0.0043862227997792935,,,
exclude_1s,0,1,random_forest,16,12.796499999999996,0.22626283050858986,0.007385001329795138,,,
exclude_1s,0,1,gradient_boosting,16,13.621494746133369,0.2086078674500169,-0.15192763422971756,,,
exclude_1s,0,2,baseline,16,15.49375,,-0.029287063938139513,,,
exclude_1s,0,2,ridge,16,16.08113789459791,-0.11856841646389833,-0.2514416050971282,,,
exclude_1s,0,2,random_forest,16,14.263972933647894,0.2813429963064544,0.05004059122665938,,,
exclude_1s,0,2,gradient_boosting,16,16.37436178169594,0.16800829978604484,-0.17801495084084173,,,
exclude_1s,0,3,baseline,16,14.35625,,-0.002924851648543836,,,
exclude_1s,0,3,ridge,16,14.061234618612065,0.29870167102903644,0.023518644291509627,,,
exclude_1s,0,3,random_forest,16,13.634336193073565,0.2022634463896127,0.038881275029315154,,,
exclude_1s,0,3,gradient_boosting,16,14.706432021623359,-0.15601378451274714,-0.2600529379322367,,,
exclude_1s,0,4,baseline,16,16.35193661971831,,-0.0040610799564240185,,,
exclude_1s,0,4,ridge,16,16.24645390628396,0.22273192344569034,0.005455651553789798,,,
exclude_1s,0,4,random_forest,16,15.85714583333333,0.08635439822394893,-0.011600058231330035,,,
exclude_1s,0,4,gradient_boosting,16,13.964877922832162,0.32979636784021726,0.09367323997142452,,,
exclude_1s,0,5,baseline,16,13.563204225352113,,-0.010088310349032792,,,
exclude_1s,0,5,ridge,16,13.558144012789015,0.18952014431776157,0.002466679881998113,,,
exclude_1s,0,5,random_forest,16,13.855583333333351,0.04772306943048757,-0.06092854223052546,,,
exclude_1s,0,5,gradient_boosting,16,12.155270060393525,0.28680311339743697,0.043307272385306406,,,
exclude_1s,0,6,baseline,16,15.488556338028168,,-0.1341720042929504,,,
exclude_1s,0,6,ridge,16,15.655666524727572,-0.21813331373410244,-0.15107530823252024,,,
exclude_1s,0,6,random_forest,16,15.643291666666656,0.00013322859869768688,-0.2079403691563697,,,
exclude_1s,0,6,gradient_boosting,16,15.198861370984233,0.049054957521594215,-0.35582188067206855,,,
exclude_1s,0,7,baseline,16,14.648063380281691,,-0.0004251192112847413,,,
exclude_1s,0,7,ridge,16,14.543749986493532,-0.05566535217790358,-0.008770029212477048,,,
exclude_1s,0,7,random_forest,16,15.276604166666662,-0.13457351975685405,-0.12405127740054889,,,
exclude_1s,0,7,gradient_boosting,16,15.765576841111752,-0.0038117953130227173,-0.3914969640027144,,,
exclude_1s,0,8,baseline,15,16.382937062937064,-2.6315910293584596e-17,-9.659325566735433e-06,,,
exclude_1s,0,8,ridge,15,17.030864254071414,-0.22826106443043132,-0.1178300047170211,,,
exclude_1s,0,8,random_forest,15,17.524453395916858,-0.2540615224256128,-0.14535374474733764,,,
exclude_1s,0,8,gradient_boosting,15,17.58877553215247,-0.057348128503625424,-0.23546065292614315,,,
exclude_1s,0,9,baseline,15,12.130629370629372,-2.3259240307322603e-16,-0.01923260319200959,,,
exclude_1s,0,9,ridge,15,12.112747912518982,0.21341971384467395,-0.0014030335249648473,,,
exclude_1s,0,9,random_forest,15,12.243022222222214,-0.024635973289328324,-0.1179894062777409,,,
exclude_1s,0,9,gradient_boosting,15,12.365485158143558,-0.051876339260690116,-0.2507304719600616,,,
exclude_1s,1,0,baseline,16,11.73573943661972,,-0.004038602847649342,,,
exclude_1s,1,0,ridge,16,14.220476482971431,0.005315032622741536,-0.7410074472344585,,,
exclude_1s,1,0,random_forest,16,11.763468740913428,0.1910738049060608,0.009882307178535665,,,
exclude_1s,1,0,gradient_boosting,16,12.106335310305619,0.26520085701892737,-0.05752873930896074,,,
exclude_1s,1,1,baseline,16,12.793750000000001,,-0.01422597627192368,,,
exclude_1s,1,1,ridge,16,11.594861910911508,0.2816631478072182,0.042708139375590704,,,
exclude_1s,1,1,random_forest,16,13.192687500000009,-0.24347842311835624,-0.388001192810163,,,
exclude_1s,1,1,gradient_boosting,16,13.979128280281039,-0.2048432337287325,-0.8060982133660464,,,
exclude_1s,1,2,baseline,16,11.194014084507039,,-0.06888352018241384,,,
exclude_1s,1,2,ridge,16,11.19922896238141,-0.030750783825824475,-0.0724396930404374,,,
exclude_1s,1,2,random_forest,16,10.516541666666665,0.29809137514868356,0.04609888603380141,,,
exclude_1s,1,2,gradient_boosting,16,10.322698007828258,0.3205466118804391,0.06298525013484424,,,
exclude_1s,1,3,baseline,16,19.264172535211266,,-0.007638025067101983,,,
exclude_1s,1,3,ridge,16,20.917168018711962,-0.43971006243195493,-0.28279142939368573,,,
exclude_1s,1,3,random_forest,16,17.925196483474732,0.34531710995140535,0.07756437860476706,,,
exclude_1s,1,3,gradient_boosting,16,18.241985495415253,0.15352260175322183,-0.003834445623915883,,,
exclude_1s,1,4,baseline,16,15.46056338028169,,-0.1831292357644072,,,
exclude_1s,1,4,ridge,16,15.200775480307733,0.24082211208457124,-0.148391149753883,,,
exclude_1s,1,4,random_forest,16,15.56520833333333,-0.22727603957592202,-0.21154218406956904,,,
exclude_1s,1,4,gradient_boosting,16,15.473938489119355,-0.13379721032663014,-0.28441451748117763,,,
exclude_1s,1,5,baseline,16,15.405809859154928,,-0.0007574521716475768,,,
exclude_1s,1,5,ridge,16,15.33605285280117,0.09082207140564144,0.003817810007295752,,,
exclude_1s,1,5,random_forest,16,14.649301359931684,0.25249718083928735,0.059061898080524644,,,
exclude_1s,1,5,gradient_boosting,16,15.470993303936254,0.10108983175706697,-0.1347986802352219,,,
exclude_1s,1,6,baseline,16,15.478169014084509,,-0.0002047987441404775,,,
exclude_1s,1,6,ridge,16,15.56978915893312,-0.07538843342905463,-0.014001868684115015,,,
exclude_1s,1,6,random_forest,16,15.82385665132303,-0.028392202071658764,-0.05955271037404897,,,
exclude_1s,1,6,gradient_boosting,16,16.18251464646042,0.036389632205866926,-0.20063183261814532,,,
exclude_1s,1,7,baseline,16,13.03362676056338,,-0.0004314065909107878,,,
exclude_1s,1,7,ridge,16,13.151791400650493,-0.02800345316332113,-0.007507369071791059,,,
exclude_1s,1,7,random_forest,16,12.880770833333328,0.12124233886187524,-0.04947062673964364,,,
exclude_1s,1,7,gradient_boosting,16,13.34828721081341,0.08249006629367416,-0.24984202162696545,,,
exclude_1s,1,8,baseline,15,17.324568764568763,,-0.4983597177811028,,,
exclude_1s,1,8,ridge,15,17.388149598826733,-0.018478090745132576,-0.5054637509443551,,,
exclude_1s,1,8,random_forest,15,17.804400000000008,-0.052203464245261365,-0.591343561294462,,,
exclude_1s,1,8,gradient_boosting,15,18.21339532699251,-0.22256031377593333,-0.7157823561636385,,,
exclude_1s,1,9,baseline,15,17.70834498834499,-3.331991015354457e-16,-0.06806563704506852,,,
exclude_1s,1,9,ridge,15,17.687645781014258,-0.04302648113117408,-0.06483639503360528,,,
exclude_1s,1,9,random_forest,15,18.172498603882648,-0.13486444662425853,-0.14642946599765727,,,
exclude_1s,1,9,gradient_boosting,15,18.956528520321857,-0.03804059109041311,-0.2695207969175055,,,
exclude_1s,2,0,baseline,16,14.998063380281694,,-0.01335549893446264,,,
exclude_1s,2,0,ridge,16,15.369029203562855,-0.40882373603623984,-0.050084841847890305,,,
exclude_1s,2,0,random_forest,16,17.015270833333354,-0.28925073072236845,-0.3636518773599513,,,
exclude_1s,2,0,gradient_boosting,16,18.24108124983069,-0.2949636598085065,-0.7077053435332006,70.88865950913254,-0.29496365980850653,-33.29128530517348
exclude_1s,2,1,baseline,16,16.78125,,-0.026606180054037143,,,
exclude_1s,2,1,ridge,16,16.954267508848204,-0.16207143429341536,-0.038515776729150186,,,
exclude_1s,2,1,random_forest,16,18.034138542518555,-0.09413198779667968,-0.11784481355596887,,,
exclude_1s,2,1,gradient_boosting,16,19.5585861039368,-0.0902651825345346,-0.3881844880199814,,,
exclude_1s,2,2,baseline,16,17.75105633802817,,-0.045561674686807496,,,
exclude_1s,2,2,ridge,16,18.054553161275805,-0.09860936283188708,-0.25345587056100105,,,
exclude_1s,2,2,random_forest,16,17.005791103545437,0.03668776677934321,-0.05837507146924903,,,
exclude_1s,2,2,gradient_boosting,16,16.87791727533552,-0.08992749561003031,-0.22567147341927218,,,
exclude_1s,2,3,baseline,16,15.95862676056338,,-0.10231886952703295,,,
exclude_1s,2,3,ridge,16,16.139740771311892,-0.07324935844792946,-0.10940600937719314,,,
exclude_1s,2,3,random_forest,16,15.667638821073323,0.20413785476526847,-0.039636082498019753,,,
exclude_1s,2,3,gradient_boosting,16,15.594192310914277,0.2873982754734798,-0.025392380766617206,,,
exclude_1s,2,4,baseline,16,12.207570422535216,,-0.09907726165003017,,,
exclude_1s,2,4,ridge,16,12.247113666257967,-0.18865995577229563,-0.11077115594292919,,,
exclude_1s,2,4,random_forest,16,11.882385170481676,0.032396028364951514,-0.16404507926303702,,,
exclude_1s,2,4,gradient_boosting,16,13.131233260906493,0.16097045906088905,-0.3852362391080961,,,
exclude_1s,2,5,baseline,16,14.19154929577465,,-0.8038520754187377,,,
exclude_1s,2,5,ridge,16,14.256884648371491,-0.09936346779886483,-0.8028646335390983,,,
exclude_1s,2,5,random_forest,16,13.68237499999999,-0.17599317390331293,-0.6720890404805009,,,
exclude_1s,2,5,gradient_boosting,16,14.458410231286132,-0.1694939491025906,-0.8404256311434655,,,
exclude_1s,2,6,baseline,16,12.696302816901408,,-0.0027828084852594692,,,
exclude_1s,2,6,ridge,16,11.986235067928574,0.3065171210083683,0.0769101705203441,,,
exclude_1s,2,6,random_forest,16,11.614910991332268,0.4671880376862367,0.14791074189830578,,,
exclude_1s,2,6,gradient_boosting,16,12.834461322143252,0.0032709639866476364,-0.15755115617897686,,,
exclude_1s,2,7,baseline,16,14.40625,,-0.01582992082251411,,,
exclude_1s,2,7,ridge,16,16.36088620715153,-0.10010109175076112,-0.27033237758506967,,,
exclude_1s,2,7,random_forest,16,15.188458292416904,-0.20022169556040106,-0.19413701202542666,,,
exclude_1s,2,7,gradient_boosting,16,16.40363000509861,-0.13180818824473933,-0.38349993433381746,,,
exclude_1s,2,8,baseline,15,12.906573426573427,0.0,-0.09084009723452069,,,
exclude_1s,2,8,ridge,15,12.408759314420475,0.5521794119044379,-0.013935752584349315,,,
exclude_1s,2,8,random_forest,15,10.019710240938881,0.7341883522981045,0.27208640426317443,,,
exclude_1s,2,8,gradient_boosting,15,10.244719927657572,0.6055020023815607,0.2668878934211417,,,
exclude_1s,2,9,baseline,15,17.12102564102564,-3.727988010791244e-16,-0.03406807660233757,,,
exclude_1s,2,9,ridge,15,17.885580018870353,-0.45070910699713024,-0.1721442681596388,,,
exclude_1s,2,9,random_forest,15,17.66120986009213,-0.3324902273692586,-0.17443535154474743,,,
exclude_1s,2,9,gradient_boosting,15,19.96262431432775,-0.5448250235718676,-0.3778273303712103,,,
exclude_1s,3,0,baseline,16,14.545422535211268,,-0.009592571630240965,,,
exclude_1s,3,0,ridge,16,14.684143936833294,-0.04345715303687504,-0.021142664355059626,,,
exclude_1s,3,0,random_forest,16,14.915356504198503,-0.10719587880282214,-0.15964913643442702,,,
exclude_1s,3,0,gradient_boosting,16,16.45401116712873,-0.2788060573141986,-0.6433939847377401,,,
exclude_1s,3,1,baseline,16,16.064964788732397,,-0.009109712651931945,,,
exclude_1s,3,1,ridge,16,14.956846969570016,0.4748055606329782,0.08735512430915038,,,
exclude_1s,3,1,random_forest,16,14.406187500000012,0.38596411211157283,0.12733447993788016,,,
exclude_1s,3,1,gradient_boosting,16,14.046342217161966,0.37454244842641066,0.10263372614334865,,,
exclude_1s,3,2,baseline,16,17.2625,,-0.013822990704834837,,,
exclude_1s,3,2,ridge,16,17.52328774909958,-0.4697422052861293,-0.05622583763975775,,,
exclude_1s,3,2,random_forest,16,17.64989128282653,-0.24415255709762385,-0.21974319111382368,,,
exclude_1s,3,2,gradient_boosting,16,19.254007967583476,-0.3135764778526616,-0.5343369692456157,,,
exclude_1s,3,3,baseline,16,12.3625,,-0.013586087000149849,,,
exclude_1s,3,3,ridge,16,12.514995268364059,0.03868056413407435,-0.010864696524578443,,,
exclude_1s,3,3,random_forest,16,13.744312219631297,-0.12399896875051977,-0.14566932246689968,,,
exclude_1s,3,3,gradient_boosting,16,12.265401658341533,0.22604982730940704,0.01603038782694821,,,
exclude_1s,3,4,baseline,16,10.569190140845071,,-0.12378024061097936,,,
exclude_1s,3,4,ridge,16,10.71799090341165,-0.1178545762813775,-0.1676787059165905,,,
exclude_1s,3,4,random_forest,16,10.950791666666667,0.1082677864407224,-0.289888148050399,,,
exclude_1s,3,4,gradient_boosting,16,11.536533964168555,0.1110480158856054,-0.7241854187145109,,,
exclude_1s,3,5,baseline,16,12.970774647887325,,-0.08343915921464373,,,
exclude_1s,3,5,ridge,16,12.43272222647675,-0.027185868669532123,-0.12248075241633938,,,
exclude_1s,3,5,random_forest,16,12.143835897818832,0.21047703725405925,0.017778653667247957,,,
exclude_1s,3,5,gradient_boosting,16,14.171313736357936,-0.03548634390061431,-0.4599712717028954,,,
exclude_1s,3,6,baseline,16,18.352464788732394,,-0.0038601446213353263,,,
exclude_1s,3,6,ridge,16,18.052518704501207,0.2551728299887513,0.020737971531547772,,,
exclude_1s,3,6,random_forest,16,19.05090848576312,-0.1709708407682336,-0.14885637386471862,,,
exclude_1s,3,6,gradient_boosting,16,18.444702280323312,0.13579334059099576,-0.07703594445920436,,,
exclude_1s,3,7,baseline,16,12.575,,-0.054849163999628914,,,
exclude_1s,3,7,ridge,16,11.41805019251552,0.44741836683787134,0.16145349566759826,,,
exclude_1s,3,7,random_forest,16,11.91924703185124,0.14479762577302663,-0.049345322263924185,,,
exclude_1s,3,7,gradient_boosting,16,11.514364167507358,0.20294024533371657,-0.06651622986726302,,,
exclude_1s,3,8,baseline,15,17.39972027972028,7.580072340503316e-16,-0.011371081537757233,,,
exclude_1s,3,8,ridge,15,17.18084760037465,-0.23663300942843876,-0.20128162971780106,,,
exclude_1s,3,8,random_forest,15,15.826355555555544,0.25154050999369637,0.04357809295378123,,,
exclude_1s,3,8,gradient_boosting,15,16.882841281778706,0.07699750927261283,-0.18801421080297964,,,
exclude_1s,3,9,baseline,15,16.447832167832168,-2.831345479121899e-16,-0.049774152007130645,,,
exclude_1s,3,9,ridge,15,16.422499415648225,0.0713727334481595,-0.05095993796816156,,,
exclude_1s,3,9,random_forest,15,16.768244444444438,0.07727863586188946,-0.07345432335053248,,,
exclude_1s,3,9,gradient_boosting,15,16.22861835428193,0.09922018633204106,-0.13280148662259328,,,
exclude_1s,4,0,baseline,16,17.255281690140844,,-0.030054217238201453,,,
exclude_1s,4,0,ridge,16,16.530772077157742,-0.06319853498897711,-0.09359044598772925,,,
exclude_1s,4,0,random_forest,16,16.23283333333332,0.1474136838629645,0.0087890265452929,,,
exclude_1s,4,0,gradient_boosting,16,17.530506880311364,-0.23331147808880925,-0.25709816907046457,,,
exclude_1s,4,1,baseline,16,13.130105633802817,,-0.01430919500498784,,,
exclude_1s,4,1,ridge,16,13.324753183806289,-0.16735133715198058,-0.03400582611241876,,,
exclude_1s,4,1,random_forest,16,14.107625000000002,-0.10725990146284578,-0.10997684582875822,,,
exclude_1s,4,1,gradient_boosting,16,14.54039321280584,-0.09741298355516181,-0.25104140827536536,,,
exclude_1s,4,2,baseline,16,18.26214788732395,,-0.2778824052622686,,,
exclude_1s,4,2,ridge,16,18.616598379444937,-0.23002096762517993,-0.31936416547909996,,,
exclude_1s,4,2,random_forest,16,19.404033140779134,-0.1973406881870363,-0.47467634454335017,,,
exclude_1s,4,2,gradient_boosting,16,21.54264745559702,-0.37087750210945636,-0.8018717962815491,,,
exclude_1s,4,3,baseline,16,11.155721830985916,,-0.126025595581587,,,
exclude_1s,4,3,ridge,16,11.195621970506672,-0.03318844990110736,-0.1299829549039766,,,
exclude_1s,4,3,random_forest,16,11.808236064884511,-0.17723669771967285,-0.22046114877298173,,,
exclude_1s,4,3,gradient_boosting,16,12.972818952446897,-0.2149243624183097,-0.4806827846023143,,,
exclude_1s,4,4,baseline,16,13.035387323943663,,-0.009034524520157738,,,
exclude_1s,4,4,ridge,16,13.118739029747928,-0.12903578485448605,-0.020231230105325126,,,
exclude_1s,4,4,random_forest,16,13.770520833333322,-0.033402151455897026,-0.1670829138824128,,,
exclude_1s,4,4,gradient_boosting,16,15.275705831706915,-0.04669440062623376,-0.6032472487339875,,,
exclude_1s,4,5,baseline,16,15.659859154929578,,-0.12087038460046529,,,
exclude_1s,4,5,ridge,16,15.402526124518731,0.24643496179913996,-0.09742203635867819,,,
exclude_1s,4,5,random_forest,16,13.840956097802351,0.47130137038547487,0.06983065993415205,,,
exclude_1s,4,5,gradient_boosting,16,12.664224003964062,0.3709101200767039,0.08786365203132629,,,
exclude_1s,4,6,baseline,16,14.94401408450704,,-0.03917325136701755,,,
exclude_1s,4,6,ridge,16,15.099433105431713,-0.1913845573821674,-0.06339653975521453,,,
exclude_1s,4,6,random_forest,16,15.204729166666672,0.14708704780200876,-0.05791697477063518,,,
exclude_1s,4,6,gradient_boosting,16,14.906763604910157,0.1299146493014982,-0.245334383910907,,,
exclude_1s,4,7,baseline,16,15.89014084507042,,-0.010260058287742124,,,
exclude_1s,4,7,ridge,16,15.783782801419502,0.06644442831737495,-0.001533718626842484,,,
exclude_1s,4,7,random_forest,16,15.385374033849736,0.18236578854823987,0.03302750354249828,,,
exclude_1s,4,7,gradient_boosting,16,15.999671679054691,0.07839386693790064,-0.06696156242283502,,,
exclude_1s,4,8,baseline,15,16.358041958041955,-6.560391991873304e-16,-0.16810871565157015,,,
exclude_1s,4,8,ridge,15,15.955547268168358,-0.011880335650314173,-0.1621280315093565,,,
exclude_1s,4,8,random_forest,15,16.094563363718514,-0.15159148671529915,-0.28095861670714517,,,
exclude_1s,4,8,gradient_boosting,15,16.186520166751567,-0.2995847871549995,-0.6800264929895512,,,
exclude_1s,4,9,baseline,15,14.032540792540793,-1.6513453809832827e-16,-0.2352416020420005,,,
exclude_1s,4,9,ridge,15,13.877227656720168,0.11872628465539913,-0.21329662238761626,,,
exclude_1s,4,9,random_forest,15,13.113441884693229,0.1360253204735303,-0.1505605938573611,,,
exclude_1s,4,9,gradient_boosting,15,14.930144851229205,-0.05805460524933701,-0.43639923542980097,,,
no_iop,0,0,baseline,48,15.181075174825175,,-0.00828257633028362,,,
no_iop,0,0,ridge,48,15.129406573395547,0.037569199504107906,-0.004493487193777179,,,
no_iop,0,0,random_forest,48,15.37078472222222,0.04800064217821481,-0.024167748113254506,,,
no_iop,0,0,gradient_boosting,48,15.85930285480277,0.021342041806196962,-0.10465036250640836,,,
no_iop,0,1,baseline,48,13.319323038073039,,-0.10786502735681935,,,
no_iop,0,1,ridge,48,13.226131599177782,-0.0531798762946098,-0.11539019883080348,,,
no_iop,0,1,random_forest,48,13.557159722222218,-0.21174291148353505,-0.23234696032335456,,,
no_iop,0,1,gradient_boosting,48,13.44082773573073,-0.12625523022787927,-0.26537980202658584,,,
no_iop,0,2,baseline,48,14.90919289044289,,-0.015558038511669148,,,
no_iop,0,2,ridge,48,15.076461584926198,-0.10447313372067207,-0.0462903799242711,,,
no_iop,0,2,random_forest,48,14.95600694444444,0.06385459341239241,-0.04099756392857601,,,
no_iop,0,2,gradient_boosting,48,15.000117095031039,-0.002512370403630649,-0.10076603301608222,,,
no_iop,0,3,baseline,48,12.845056332556332,,-0.0015934624652198526,,,
no_iop,0,3,ridge,48,12.973916608634092,-0.18168833982636676,-0.026620188257592048,,,
no_iop,0,3,random_forest,48,13.033506944444449,-0.1256070966362016,-0.07477909771769364,,,
no_iop,0,3,gradient_boosting,48,13.569511594235394,-0.11655942533505079,-0.10428112671218814,,,
no_iop,0,4,baseline,48,14.29729020979021,,-0.009254838689767952,,,
no_iop,0,4,ridge,48,14.222857510713704,0.07228899948540618,-0.005553217990527104,,,
no_iop,0,4,random_forest,48,13.901388888888894,0.12006047694851861,-0.0013337347919297748,,,
no_iop,0,4,gradient_boosting,48,14.30163586196472,-0.04512870919333637,-0.1357931823235079,,,
no_iop,0,5,baseline,48,15.69350233100233,,-0.01717405897334512,,,
no_iop,0,5,ridge,48,15.511795678947408,0.1730657620580537,0.00430589307461271,,,
no_iop,0,5,random_forest,48,15.656027777777775,-0.006788141374786025,-0.04446544697343113,,,
no_iop,0,5,gradient_boosting,48,16.228799928847497,-0.12876646619301374,-0.1755300810586633,,,
no_iop,0,6,baseline,48,13.624169580419581,,-0.07978982912838029,,,
no_iop,0,6,ridge,48,13.618761439069209,0.027330357692288806,-0.0799059867787264,,,
no_iop,0,6,random_forest,48,13.666281084285762,0.10595093244877289,-0.08720075732764054,,,
no_iop,0,6,gradient_boosting,48,13.928524902207883,0.026894855183114103,-0.1700152699259858,,,
no_iop,0,7,baseline,47,14.216457199406232,5.5602622986079e-16,-0.14289922316249104,,,
no_iop,0,7,ridge,47,14.3260367905823,-0.07325000646508835,-0.15129431474471233,,,
no_iop,0,7,random_forest,47,14.609709035962876,-0.07236153810807046,-0.20403623123308723,,,
no_iop,0,7,gradient_boosting,47,15.358430015869718,-0.13713015440748405,-0.3671836882822024,,,
no_iop,0,8,baseline,47,13.566704601682336,9.70623499156498e-16,-0.003953936601131414,,,
no_iop,0,8,ridge,47,13.395737613238165,0.2792711508148309,0.021944182092809017,,,
no_iop,0,8,random_forest,47,13.526127874682972,0.08345765938172357,-0.005499532473313806,,,
no_iop,0,8,gradient_boosting,47,14.09454241625613,-0.06480190653701863,-0.15913441059486866,,,
no_iop,0,9,baseline,47,15.212394854032658,3.958760867292071e-16,-0.006422152681193838,,,
no_iop,0,9,ridge,47,15.106080629287527,0.13940923322927057,0.0057283467840381075,,,
no_iop,0,9,random_forest,47,15.209957446808518,0.0660384511073449,-0.018873238409920168,,,
no_iop,0,9,gradient_boosting,47,14.638351789397513,0.18000638612713518,-0.0041099983690557895,,,
no_iop,1,0,baseline,48,13.32613150738151,,-0.00038100467479207367,,,
no_iop,1,0,ridge,48,13.423167942686613,-0.15467450486531448,-0.022539202549585635,,,
no_iop,1,0,random_forest,48,13.646319444444439,-0.1359258209924642,-0.08951192086043025,,,
no_iop,1,0,gradient_boosting,48,13.172298569430964,-0.009687667427073235,-0.06205109547399901,,,
no_iop,1,1,baseline,48,14.145002913752913,3.854248951721457e-16,-0.06012920376143005,,,
no_iop,1,1,ridge,48,14.15600271179549,-0.002787878097888447,-0.0628143168572124,,,
no_iop,1,1,random_forest,48,14.18321527777777,0.013058621094125174,-0.0657120348791631,,,
no_iop,1,1,gradient_boosting,48,13.531520771450332,0.11944586206726636,-0.06462792364516456,,,
no_iop,1,2,baseline,48,14.61673951048951,,-0.02442524402342605,,,
no_iop,1,2,ridge,48,14.529080017925324,-0.009095103810386697,-0.028926216708286878,,,
no_iop,1,2,random_forest,48,14.557111111111105,-0.03898290018610616,-0.09445795765067166,,,
no_iop,1,2,gradient_boosting,48,15.153464041663048,-0.061541587106249185,-0.17650889456760566,,,
no_iop,1,3,baseline,48,14.096357808857809,,-0.02005060152468241,,,
no_iop,1,3,ridge,48,13.939497530779931,0.14978063681404477,-0.007049190132334404,,,
no_iop,1,3,random_forest,48,13.723544742782593,0.16207573230010136,0.008289433869062446,,,
no_iop,1,3,gradient_boosting,48,13.733012130672213,0.08326575093473566,-0.0701046375615395,,,
no_iop,1,4,baseline,48,16.00195707070707,,-0.10604394489996438,,,
no_iop,1,4,ridge,48,16.1725650285638,-0.15994071165110513,-0.13045292545664644,,,
no_iop,1,4,random_forest,48,16.45284722222222,-0.06943301752487292,-0.18322657854889046,,,
no_iop,1,4,gradient_boosting,48,16.751849303559435,-0.07419059666600858,-0.2737945911658606,,,
no_iop,1,5,baseline,48,14.424999999999999,9.009196718617732e-16,-0.007771349560415919,,,
no_iop,1,5,ridge,48,14.426038756455725,-0.05555623150531448,-0.0319565475370136,,,
no_iop,1,5,random_forest,48,14.591896402231704,-0.12269518957939522,-0.09469236428031902,,,
no_iop,1,5,gradient_boosting,48,14.38861520230288,-0.017336625586709294,-0.13991748665626424,,,
no_iop,1,6,baseline,48,13.072139665889665,,-0.00743485676159894,,,
no_iop,1,6,ridge,48,13.265884538776879,-0.05947368546400801,-0.016889378605594807,,,
no_iop,1,6,random_forest,48,13.191798611111125,-0.02453977758954554,-0.05998284083155858,,,
no_iop,1,6,gradient_boosting,48,13.480399898666258,0.0005923890198708743,-0.09939880256990441,,,
no_iop,1,7,baseline,47,12.761459673428996,4.464600613609623e-16,-0.0023185815494723983,,,
no_iop,1,7,ridge,47,12.728626787440076,-0.02296763472061583,-0.014516524423697552,,,
no_iop,1,7,random_forest,47,13.196737588652486,-0.010391382675557224,-0.06186739899249316,,,
no_iop,1,7,gradient_boosting,47,13.768830711621897,-0.06568144389464534,-0.15090758092118373,,,
no_iop,1,8,baseline,47,15.259030183077684,7.807438815872105e-16,-0.0020239622504705235,,,
no_iop,1,8,ridge,47,15.213523280717661,0.15367747436846968,0.009679703064053191,,,
no_iop,1,8,random_forest,47,15.506851063829785,-0.04816685114146847,-0.06906242654934736,,,
no_iop,1,8,gradient_boosting,47,15.940440178797662,-0.0822643782867823,-0.11409464199855646,,,
no_iop,1,9,baseline,47,14.954557149925783,-1.5880753440372125e-16,-0.01739413187852268,,,
no_iop,1,9,ridge,47,14.96292864642274,0.08495611419727196,-0.012424486334676521,,,
no_iop,1,9,random_forest,47,15.728021276595742,-0.15111649525798732,-0.11154544913974829,,,
no_iop,1,9,gradient_boosting,47,16.10823500589562,-0.23110352026995032,-0.2559601918426826,,,
no_iop,2,0,baseline,48,13.329166666666666,,-0.012676314153660773,,,
no_iop,2,0,ridge,48,13.264295090575045,0.21226794729372164,0.0011099976636378406,,,
no_iop,2,0,random_forest,48,13.44463219913469,0.15818728029426896,0.009811636157903925,,,
no_iop,2,0,gradient_boosting,48,13.927510752649006,0.13682991564414215,-0.043605922837986366,,,
no_iop,2,1,baseline,48,13.47048853923854,,-0.049043927020166356,,,
no_iop,2,1,ridge,48,13.24551349503397,0.2527796479502764,-0.012035942692352863,,,
no_iop,2,1,random_forest,48,12.982041666666666,0.18377203724627628,-0.00011049316164890577,,,
no_iop,2,1,gradient_boosting,48,12.683013277459063,0.30560840279718443,0.05944762904303513,,,
no_iop,2,2,baseline,48,14.099368686868686,,-0.022500794318012884,,,
no_iop,2,2,ridge,48,14.205958359258409,-0.07467457233951504,-0.038655773683030414,,,
no_iop,2,2,random_forest,48,14.533643251323904,-0.14813759834971613,-0.10742289673231564,,,
no_iop,2,2,gradient_boosting,48,14.91851224904849,-0.1322321742667486,-0.20998567020419356,,,
no_iop,2,3,baseline,48,14.285746891996894,,-0.003197982782112474,,,
no_iop,2,3,ridge,48,14.466128003707245,-0.17933293634876984,-0.027030227075645286,,,
no_iop,2,3,random_forest,48,14.397052069970789,-0.07817355337989111,-0.06467493622130105,,,
no_iop,2,3,gradient_boosting,48,15.034934930642633,-0.09541281285072287,-0.1948549330711269,,,
no_iop,2,4,baseline,48,14.387111499611501,,-0.0003781086081393603,,,
no_iop,2,4,ridge,48,14.486970053804809,-0.15128320054615918,-0.01967377743915466,,,
no_iop,2,4,random_forest,48,14.536131944444437,-0.03363074756045412,-0.049320184480770024,,,
no_iop,2,4,gradient_boosting,48,14.623069116944002,-0.05939139754972586,-0.10424537088656072,,,
no_iop,2,5,baseline,48,15.202083333333333,-5.14099102623959e-17,-0.00014862609604349153,,,
no_iop,2,5,ridge,48,15.106404693301934,0.0933169909691189,0.007144849433965095,,,
no_iop,2,5,random_forest,48,15.16819564026643,0.0601508470521961,-0.001717271847087476,,,
no_iop,2,5,gradient_boosting,48,15.35586185406028,-0.032498656417329456,-0.062009690995646904,,,
no_iop,2,6,baseline,48,13.90945512820513,,-0.0718228635692495,,,
no_iop,2,6,ridge,48,13.860111862901336,-0.051276061045597864,-0.07415108875090648,,,
no_iop,2,6,random_forest,48,13.412097222222227,0.046893986889592704,-0.09357894877817063,,,
no_iop,2,6,gradient_boosting,48,14.350206264085555,-0.11367385107407522,-0.3081681930503575,,,
no_iop,2,7,baseline,47,13.978169223156858,1.2771586988419198e-16,-0.03942032910263671,,,
no_iop,2,7,ridge,47,14.329503255663386,-0.09451988155306602,-0.1013677713680492,,,
no_iop,2,7,random_forest,47,14.81648226950354,-0.12530912310760206,-0.2058274488463705,,,
no_iop,2,7,gradient_boosting,47,15.016428919680546,-0.09986608383150022,-0.2598690610600207,,,
no_iop,2,8,baseline,47,14.474270163285503,6.090723374186192e-16,-0.0034775178031460907,,,
no_iop,2,8,ridge,47,14.394712177059377,0.057771529705535486,0.0009643896155041576,,,
no_iop,2,8,random_forest,47,14.630553191489364,-0.026547055580738162,-0.062760056058764,,,
no_iop,2,8,gradient_boosting,47,15.370875670497083,-0.1219415495324935,-0.18636820127167275,,,
no_iop,2,9,baseline,47,15.557803067788225,,-0.008039380661566398,,,
no_iop,2,9,ridge,47,16.556864458879108,-0.2590634427878735,-0.19131633380285207,,,
no_iop,2,9,random_forest,47,15.629056737588652,-0.011852274812256359,-0.07251751269639706,,,
no_iop,2,9,gradient_boosting,47,16.577953078568694,-0.1899643961092168,-0.24976204989095385,,,
no_iop,3,0,baseline,48,14.179603729603732,3.8180073414336744e-16,-0.014207789391986969,,,
no_iop,3,0,ridge,48,14.109118362300046,0.15253623871306765,0.000200178320675648,,,
no_iop,3,0,random_forest,48,14.737666666666664,-0.03004024987221039,-0.07637022717134068,,,
no_iop,3,0,gradient_boosting,48,14.465876531956866,0.0917226810524236,-0.05994914937315765,,,
no_iop,3,1,baseline,48,14.314335664335664,-1.022610390036777e-16,-0.020661271019089655,,,
no_iop,3,1,ridge,48,14.447134646538137,-0.2552976590570352,-0.05792967873307431,,,
no_iop,3,1,random_forest,48,14.867486111111106,-0.24486018516473745,-0.18797802415007148,,,
no_iop,3,1,gradient_boosting,48,15.158931933366217,-0.18784610138191812,-0.2719852074911646,,,
no_iop,3,2,baseline,48,15.852564102564102,,-0.0033264859475807818,,,
no_iop,3,2,ridge,48,15.834156497361008,0.04270279472337945,-0.001779086188153478,,,
no_iop,3,2,random_forest,48,16.265763888888895,-0.09656378964101806,-0.06707461884730193,,,
no_iop,3,2,gradient_boosting,48,17.139051197768275,-0.14199853392246703,-0.16629208967538656,,,
no_iop,3,3,baseline,48,14.035193278943277,,-0.017974130166123148,,,
no_iop,3,3,ridge,48,14.02898856204248,0.07794648364722917,-0.016583153883160007,,,
no_iop,3,3,random_forest,48,13.693655343036669,0.1506710116033088,0.0015299772408376988,,,
no_iop,3,3,gradient_boosting,48,14.34783090580535,0.085656573548042,-0.10533944890478608,,,
no_iop,3,4,baseline,48,15.220066045066043,,-0.23099554856456406,,,
no_iop,3,4,ridge,48,15.198603281191254,0.21964526375491567,-0.22343497311670513,,,
no_iop,3,4,random_forest,48,15.756187500000001,-0.1721470866799134,-0.3995681459369187,,,
no_iop,3,4,gradient_boosting,48,15.84160037200832,-0.1582580717632027,-0.4354209000199185,,,
no_iop,3,5,baseline,48,13.769565850815852,4.0489506915657253e-16,-0.16379213122696878,,,
no_iop,3,5,ridge,48,13.88042236260887,-0.1187156413462995,-0.18734419165994676,,,
no_iop,3,5,random_forest,48,13.424323813464051,0.11776420658169343,-0.15738749453481016,,,
no_iop,3,5,gradient_boosting,48,13.552071096580702,0.07934861658953271,-0.22249391592405998,,,
no_iop,3,6,baseline,48,13.754152097902098,,-0.014736068796249446,,,
no_iop,3,6,ridge,48,14.052890688833438,-0.06552211607931387,-0.0638382075985966,,,
no_iop,3,6,random_forest,48,14.141254094609787,-0.015447905809418553,-0.056314238630061686,,,
no_iop,3,6,gradient_boosting,48,14.585577777175724,-0.10826619364104022,-0.18835600524342722,,,
no_iop,3,7,baseline,47,13.022068283028203,2.623132415048476e-16,-0.05267868956595456,,,
no_iop,3,7,ridge,47,12.95766709788101,-0.09289359533049678,-0.06728614052998183,,,
no_iop,3,7,random_forest,47,13.405092198581562,-0.2015622893701622,-0.202661709808597,,,
no_iop,3,7,gradient_boosting,47,13.206434356173324,-0.19823779170155872,-0.3570659938912961,,,
no_iop,3,8,baseline,47,13.623488372093027,-9.374493688000842e-16,-0.038110413865745096,,,
no_iop,3,8,ridge,47,13.679874744429632,0.0470291658572962,-0.037570809971321895,,,
no_iop,3,8,random_forest,47,13.519638297872339,0.12278398734280922,-0.04721267131958129,,,
no_iop,3,8,gradient_boosting,47,13.766036534855752,0.10942795090192124,-0.10740990210112833,,,
no_iop,3,9,baseline,47,15.321999010390897,,-0.05950076331977727,,,
no_iop,3,9,ridge,47,15.532996800708315,-0.20464655191573833,-0.10445466064551501,,,
no_iop,3,9,random_forest,47,15.345862003993028,-0.09102035831937971,-0.09687429506678735,,,
no_iop,3,9,gradient_boosting,47,15.328339266031785,-0.09531550434923332,-0.1597981597509246,,,
no_iop,4,0,baseline,48,13.866802641802643,,-0.001230497392726848,,,
no_iop,4,0,ridge,48,13.969186238711444,-0.13522703523116286,-0.0224724582273248,,,
no_iop,4,0,random_forest,48,14.021312499999993,-0.007676995138448423,-0.037587099787128375,,,
no_iop,4,0,gradient_boosting,48,14.239228301786767,-0.14043555846858613,-0.12796504937911957,,,
no_iop,4,1,baseline,48,14.20557498057498,,-0.04911429036838322,,,
no_iop,4,1,ridge,48,14.146728439586738,0.02930617132549636,-0.047131054158332075,,,
no_iop,4,1,random_forest,48,14.096173611111112,0.016204227759965387,-0.08555180097029313,,,
no_iop,4,1,gradient_boosting,48,14.179371333894856,0.07314389663721915,-0.12387891131587825,,,
no_iop,4,2,baseline,48,12.968512043512042,,-0.09387629246327234,,,
no_iop,4,2,ridge,48,12.9783105686,-0.03562930161027706,-0.1090900332193494,,,
no_iop,4,2,random_forest,48,12.73052083333333,0.14168539731882254,-0.07362630347486987,,,
no_iop,4,2,gradient_boosting,48,12.139904908362297,0.2627542344330732,-0.025118594031376063,,,
no_iop,4,3,baseline,48,15.389554195804195,,-0.09304284206094304,,,
no_iop,4,3,ridge,48,15.458938079764742,-0.15423647637065402,-0.10888810068431498,,,
no_iop,4,3,random_forest,48,15.474705618060485,-0.18574477517899168,-0.16974361590684217,,,
no_iop,4,3,gradient_boosting,48,16.9036967593764,-0.3550796919578493,-0.40462234229718685,,,
no_iop,4,4,baseline,48,13.954967948717949,,-0.0022256569233956025,,,
no_iop,4,4,ridge,48,14.00990228447119,-0.08346549810891433,-0.01383075273049772,,,
no_iop,4,4,random_forest,48,13.34619762703763,0.2458222398390436,0.04361670397979167,,,
no_iop,4,4,gradient_boosting,48,13.632575270353428,0.1107908490864881,-0.038650764878382926,,,
no_iop,4,5,baseline,48,15.030254467754467,,-0.0010165751410211588,,,
no_iop,4,5,ridge,48,15.060626884313209,0.0227692176799478,-0.002329439374247233,,,
no_iop,4,5,random_forest,48,15.095570091016741,-0.06968953478509055,-0.05846266902804298,,,
no_iop,4,5,gradient_boosting,48,15.127129525527527,0.0043302293291190225,-0.10546292431850457,,,
no_iop,4,6,baseline,48,13.79670745920746,,-0.015707173522333973,,,
no_iop,4,6,ridge,48,13.737438670808748,0.18722885177341533,0.002806227770054126,,,
no_iop,4,6,random_forest,48,14.40706944444444,-0.10000236159366446,-0.11988099366549898,,,
no_iop,4,6,gradient_boosting,48,14.089773817317798,0.03849362144896436,-0.103460056801985,,,
no_iop,4,7,baseline,47,14.554393864423552,,-0.04829417880697795,,,
no_iop,4,7,ridge,47,14.65453041922509,-0.03277924999420266,-0.05850293079185831,,,
no_iop,4,7,random_forest,47,14.737513920522893,0.0812099019262767,-0.0571575165807372,,,
no_iop,4,7,gradient_boosting,47,15.267505412219755,-0.18176833611210383,-0.24148882727299004,,,
no_iop,4,8,baseline,47,15.263983176645223,-1.303132748502964e-16,-0.02147688864482733,,,
no_iop,4,8,ridge,47,15.335568066404484,-0.1040526171690533,-0.03685257953222765,,,
no_iop,4,8,random_forest,47,15.563049645390073,-0.1051083245289654,-0.10415589944380166,,,
no_iop,4,8,gradient_boosting,47,15.803171061576014,-0.09200004714394912,-0.14172236772089408,,,
no_iop,4,9,baseline,47,13.842335477486394,1.259489232770031e-16,-0.01623871822172296,,,
no_iop,4,9,ridge,47,13.820154277793746,0.08298989868753068,-0.010313203682385641,,,
no_iop,4,9,random_forest,47,14.309936170212763,0.06258181055344489,-0.0536638694658127,,,
no_iop,4,9,gradient_boosting,47,14.140955524370337,0.05313191622731567,-0.06891914819915135,,,
no_combat,0,0,baseline,54,13.757438016528925,4.196938948580207e-16,-0.007750282827138744,,,
no_combat,0,0,ridge,54,13.748894104760554,-0.028478817513283308,-0.01012638659821552,,,
no_combat,0,0,random_forest,54,13.536808218408703,0.09488878073533041,-0.005022874774792685,,,
no_combat,0,0,gradient_boosting,54,13.584923773004812,0.07451513148538717,-0.0341291469750582,,,
no_combat,0,1,baseline,54,14.924655647382918,,-0.008420355431154825,,,
no_combat,0,1,ridge,54,15.075623600296568,-0.28778975377658084,-0.02995949344464499,,,
no_combat,0,1,random_forest,54,14.922724709720212,-0.025115662950961976,-0.03196531360096477,,,
no_combat,0,1,gradient_boosting,54,15.431713028031389,-0.07787762146349529,-0.19692534988307897,,,
no_combat,0,2,baseline,54,14.292975206611569,7.400390426624554e-16,-0.04350374146345559,,,
no_combat,0,2,ridge,54,14.420063954098008,-0.23227574949937246,-0.06178825244529218,,,
no_combat,0,2,random_forest,54,15.00864197530864,-0.17084443372743355,-0.15877591332745533,,,
no_combat,0,2,gradient_boosting,54,15.199589549210645,-0.0447352711999,-0.2636337708607046,,,
no_combat,0,3,baseline,54,17.51677379859198,1.891777095035454e-16,-0.007106596609898652,,,
no_combat,0,3,ridge,54,17.479273679377165,-0.05459311056942146,-0.014807174385957023,,,
no_combat,0,3,random_forest,54,17.597129629629634,-0.08504468468234928,-0.06143549613368848,,,
no_combat,0,3,gradient_boosting,54,17.45831643795712,-0.01894297984320641,-0.06167281052882223,,,
no_combat,0,4,baseline,54,14.238138965411695,-1.656673602564417e-17,-0.03489655423095073,,,
no_combat,0,4,ridge,54,14.325691390298186,-0.04160310096295203,-0.04424590488767688,,,
no_combat,0,4,random_forest,54,14.298901234567905,-0.011475077894965581,-0.04593992502181754,,,
no_combat,0,4,gradient_boosting,54,15.307813663979132,-0.21965301038726553,-0.20226958722601962,,,
no_combat,0,5,baseline,54,15.561600857055405,4.700137818926063e-16,-0.01920136087885993,,,
no_combat,0,5,ridge,54,15.544715517320226,0.05622042938833569,-0.016228973540855618,,,
no_combat,0,5,random_forest,54,16.884018518518523,-0.20929039508093567,-0.18368493954974707,,,
no_combat,0,5,gradient_boosting,54,16.561067569014366,-0.09298198977887312,-0.16978250398671357,,,
no_combat,0,6,baseline,54,14.254300581573311,-4.61332087653455e-16,-0.010885795343563709,,,
no_combat,0,6,ridge,54,14.251134033012946,-0.07108083583535112,-0.017302245496814805,,,
no_combat,0,6,random_forest,54,14.832246913580247,-0.18714233274648862,-0.17499230300604185,,,
no_combat,0,6,gradient_boosting,54,14.799291233690386,-0.14342857026426725,-0.20390584957207425,,,
no_combat,0,7,baseline,54,12.289791857973674,3.2493920060514107e-16,-0.07232693466441398,,,
no_combat,0,7,ridge,54,12.3200894743689,-0.01305366974729923,-0.07597584848087369,,,
no_combat,0,7,random_forest,54,12.000179012345678,-0.001897648888668213,-0.11628112640329236,,,
no_combat,0,7,gradient_boosting,54,11.983818763998965,0.07272406629438553,-0.11693156693830131,,,
no_combat,0,8,baseline,53,13.85172923555728,-6.784424701232191e-16,-0.0170825534096819,,,
no_combat,0,8,ridge,53,13.762078668954773,0.14123404715123672,-0.00938606927046437,,,
no_combat,0,8,random_forest,53,13.732120710571808,0.14513929933096192,-0.004778430129003253,,,
no_combat,0,8,gradient_boosting,53,14.2974746337004,0.015884713064168582,-0.09070018581480999,,,
no_combat,0,9,baseline,53,13.75472087142579,4.2967497151375853e-16,-0.003695653354298889,,,
no_combat,0,9,ridge,53,13.89499791611411,-0.2060586201521268,-0.03929103717410065,,,
no_combat,0,9,random_forest,53,14.070643068639871,-0.1389684182119871,-0.08422968344482418,,,
no_combat,0,9,gradient_boosting,53,14.005241817915126,-0.049950146075328876,-0.12402810092198169,,,
no_combat,1,0,baseline,54,14.759947964493419,-2.4436483875319613e-16,-0.0018055854245577763,,,
no_combat,1,0,ridge,54,14.949436432966015,-0.18246506120528402,-0.025421874955939394,,,
no_combat,1,0,random_forest,54,15.833604938271606,-0.19714972180738868,-0.15714271915910527,,,
no_combat,1,0,gradient_boosting,54,16.589424496182076,-0.20420181209935376,-0.3468095248302949,,,
no_combat,1,1,baseline,54,14.784573002754822,2.7845328475853714e-16,-0.00418852236297651,,,
no_combat,1,1,ridge,54,14.720333025173886,-0.01224077002628142,-0.0066800406338392015,,,
no_combat,1,1,random_forest,54,14.59686102870329,0.038886114314606327,-0.026667778589548385,,,
no_combat,1,1,gradient_boosting,54,14.504708301346806,0.06938223077378833,-0.06125108115439093,,,
no_combat,1,2,baseline,54,16.148614937251303,1.438805246177148e-17,-0.00031850298900781837,,,
no_combat,1,2,ridge,54,16.26684076129577,-0.08019285485854269,-0.011659779359942668,,,
no_combat,1,2,random_forest,54,16.397412087742314,-0.04730325007966099,-0.04341607116885027,,,
no_combat,1,2,gradient_boosting,54,16.31609572414651,-0.0495589189946777,-0.07783567408856817,,,
no_combat,1,3,baseline,54,13.797949188858281,-4.0501156707766676e-16,-0.00042540822205228146,,,
no_combat,1,3,ridge,54,13.695882674660847,0.09236601831036212,0.004358539452623766,,,
no_combat,1,3,random_forest,54,13.411374625496874,0.1640991136604394,0.026470249196791973,,,
no_combat,1,3,gradient_boosting,54,13.45203749415992,0.1623446399367751,0.008430251265159505,,,
no_combat,1,4,baseline,54,15.854744413835322,-3.735845039108237e-17,-0.0001670530870419018,,,
no_combat,1,4,ridge,54,15.911887271270546,-0.07722852225969881,-0.011847455856020206,,,
no_combat,1,4,random_forest,54,16.29952793366874,-0.09281535711211103,-0.0572759770864395,,,
no_combat,1,4,gradient_boosting,54,16.587253100594317,-0.18477948765332183,-0.12851236422755963,,,
no_combat,1,5,baseline,54,14.075076522803796,1.8126348543991114e-16,-0.03061255833979204,,,
no_combat,1,5,ridge,54,14.070234275265376,-0.1334802104558762,-0.04636695779217259,,,
no_combat,1,5,random_forest,54,14.653025488772437,-0.22932318064917193,-0.13325008768764968,,,
no_combat,1,5,gradient_boosting,54,14.101684949328941,-0.12121603764456988,-0.12890213505777148,,,
no_combat,1,6,baseline,54,14.176316192225283,-5.001146624483927e-17,-0.01760085936526057,,,
no_combat,1,6,ridge,54,14.279745440194473,-0.25795689294715757,-0.04090344278104352,,,
no_combat,1,6,random_forest,54,14.470728288818089,-0.2117914410532708,-0.14162776979433178,,,
no_combat,1,6,gradient_boosting,54,15.517151460658923,-0.21127994487028495,-0.3199570487503631,,,
no_combat,1,7,baseline,54,12.87979797979798,-5.08262197288564e-16,-0.024130105212054165,,,
no_combat,1,7,ridge,54,12.841033779794104,0.04746300447233201,-0.020975596933936247,,,
no_combat,1,7,random_forest,54,12.671977125453484,0.12627170100483143,-0.009200566125890708,,,
no_combat,1,7,gradient_boosting,54,13.00575543690019,0.08496145420852233,-0.07794029597736118,,,
no_combat,1,8,baseline,53,13.507733903909743,3.9081728106360327e-16,-0.011292995711336795,,,
no_combat,1,8,ridge,53,13.570847900465505,-0.1301483797789958,-0.021555151304518017,,,
no_combat,1,8,random_forest,53,13.528245283018867,0.040890155771421764,-0.03457655459464348,,,
no_combat,1,8,gradient_boosting,53,13.948186340991551,0.018902490597229357,-0.08758850619850711,,,
no_combat,1,9,baseline,53,14.400657459638202,1.8056884066741375e-16,-0.0048691283103734495,,,
no_combat,1,9,ridge,53,14.47256297531018,-0.026143626757825524,-0.009210860328802584,,,
no_combat,1,9,random_forest,53,14.699333333333335,-0.07548707194427473,-0.074116766545685,,,
no_combat,1,9,gradient_boosting,53,14.792826796446768,-0.12464593306813544,-0.19729567271721327,,,
no_combat,2,0,baseline,54,12.476308539944903,,-0.04315705041595974,,,
no_combat,2,0,ridge,54,12.658773595059815,-0.16289947191488716,-0.0841496124647041,,,
no_combat,2,0,random_forest,54,12.796433046511515,0.002750139690783499,-0.10020990327518065,,,
no_combat,2,0,gradient_boosting,54,12.514108559303201,0.11798548401877154,-0.08490543686473506,,,
no_combat,2,1,baseline,54,13.946847260483624,-2.1559108914268226e-16,-0.027551208311700215,,,
no_combat,2,1,ridge,54,14.016052620719643,-0.20435471297309568,-0.04774820499236032,,,
no_combat,2,1,random_forest,54,13.592592592592588,0.2574879877482652,0.023928249288993952,,,
no_combat,2,1,gradient_boosting,54,13.932148351928591,0.22016353827170196,0.0005180476985442439,,,
no_combat,2,2,baseline,54,15.727961432506886,-6.883849253917158e-16,-0.08158534627204017,,,
no_combat,2,2,ridge,54,15.666897748562086,-0.035285959190276425,-0.0832979569496275,,,
no_combat,2,2,random_forest,54,15.643136647144415,-0.03362492800024133,-0.11126323678462535,,,
no_combat,2,2,gradient_boosting,54,16.386854802668786,-0.11881411941211324,-0.25366518922357373,,,
no_combat,2,3,baseline,54,14.370783593510865,5.597714755874531e-16,-0.002568944951599983,,,
no_combat,2,3,ridge,54,14.501563076323404,-0.257777698048219,-0.02476455576286707,,,
no_combat,2,3,random_forest,54,14.533711596531605,0.08053239224526608,-0.002408439205302093,,,
no_combat,2,3,gradient_boosting,54,14.517352489785052,0.15008087372135714,-0.02116289413207717,,,
no_combat,2,4,baseline,54,15.846013161922256,3.3995321717002855e-16,-0.041106639623183616,,,
no_combat,2,4,ridge,54,15.903164887867328,-0.14756794716907362,-0.05557801356816294,,,
no_combat,2,4,random_forest,54,16.647102146128333,-0.24800374804612063,-0.22298009943761943,,,
no_combat,2,4,gradient_boosting,54,16.925547215526418,-0.28658264658560073,-0.28726497557499675,,,
no_combat,2,5,baseline,54,13.502861952861954,-5.960441499070043e-17,-0.025399448185238427,,,
no_combat,2,5,ridge,54,13.606109088725406,-0.04561805519747679,-0.039811195661769716,,,
no_combat,2,5,random_forest,54,13.53383432261409,-0.05001445070623658,-0.06597983719168687,,,
no_combat,2,5,gradient_boosting,54,13.813812806809798,0.02942065346016082,-0.11917596521951745,,,
no_combat,2,6,baseline,54,17.3962962962963,1.1701934913565782e-16,-0.0017585547603218288,,,
no_combat,2,6,ridge,54,17.454818045642632,-0.16169818275543532,-0.01584389779590456,,,
no_combat,2,6,random_forest,54,17.112228395061727,0.03371897353804258,-0.017310522859024458,,,
no_combat,2,6,gradient_boosting,54,16.70461517138096,0.1374493713697214,0.0138985339805614,,,
no_combat,2,7,baseline,54,13.89074074074074,-5.478466748566482e-16,-0.004849936664718779,,,
no_combat,2,7,ridge,54,13.916800797624411,-0.0087036790312146,-0.006482242043114317,,,
no_combat,2,7,random_forest,54,14.087212420021139,-0.05950777053677438,-0.04576506256484114,,,
no_combat,2,7,gradient_boosting,54,14.158041655215492,0.0011642125066102075,-0.07115509563688427,,,
no_combat,2,8,baseline,53,13.972040459054657,5.198878098222044e-16,-0.008133352353324463,,,
no_combat,2,8,ridge,53,14.092408041920581,-0.17880438717699026,-0.02269708913883073,,,
no_combat,2,8,random_forest,53,14.52567924528302,-0.08884711725161117,-0.12403195576616821,,,
no_combat,2,8,gradient_boosting,53,15.098515517428885,-0.09180702622656209,-0.21103455772596447,,,
no_combat,2,9,baseline,53,13.444672242754327,1.461702420759134e-16,-0.017796023265202576,,,
no_combat,2,9,ridge,53,13.491900628931434,-0.05498209350672511,-0.022253434798112925,,,
no_combat,2,9,random_forest,53,13.633635220125784,-0.09586129783169763,-0.08533111107609725,,,
no_combat,2,9,gradient_boosting,53,13.750900572639237,0.006269731186219865,-0.1066220287998203,,,
no_combat,3,0,baseline,54,15.702464034282217,-1.1165103092406815e-16,-0.0006537428309927318,,,
no_combat,3,0,ridge,54,15.776324426252938,-0.11527294532523773,-0.013366260995641532,,,
no_combat,3,0,random_forest,54,15.167999999999997,0.17463398297764424,0.030230242163780896,,,
no_combat,3,0,gradient_boosting,54,15.572264535078862,0.0326336523026591,-0.049016919653570135,,,
no_combat,3,1,baseline,54,12.813728191000918,9.81104098208291e-17,-0.006948695130820637,,,
no_combat,3,1,ridge,54,12.860244401840957,-0.05730444740573063,-0.016091524910978983,,,
no_combat,3,1,random_forest,54,12.302302469135808,0.20258949498251405,0.02653664916352816,,,
no_combat,3,1,gradient_boosting,54,12.675511126566398,0.134368626801941,-0.06812971005402946,,,
no_combat,3,2,baseline,54,13.54947199265381,-7.094469614665607e-16,-0.004872161738715075,,,
no_combat,3,2,ridge,54,13.630340624404523,-0.0563720283096021,-0.01293385877062403,,,
no_combat,3,2,random_forest,54,14.16624691358025,-0.14294746471334366,-0.1785203238784807,,,
no_combat,3,2,gradient_boosting,54,14.35035835123323,-0.1721190482012196,-0.27254486331978445,,,
no_combat,3,3,baseline,54,16.57349250076523,,-0.07565714847819605,,,
no_combat,3,3,ridge,54,16.554601008097748,-0.04133505423139874,-0.08067683073567444,,,
no_combat,3,3,random_forest,54,16.870431322461254,-0.19835415462288009,-0.16527640525872211,,,
no_combat,3,3,gradient_boosting,54,17.259348500721625,-0.2560181610205498,-0.23919086984424398,,,
no_combat,3,4,baseline,54,13.649357208448116,-3.7348028604804925e-16,-0.008629656226174509,,,
no_combat,3,4,ridge,54,13.665885301815663,-0.09857888493516816,-0.017745348604503386,,,
no_combat,3,4,random_forest,54,13.516534771327272,0.0599135754979177,-0.01884282781565072,,,
no_combat,3,4,gradient_boosting,54,13.447493863289875,0.2011043873490277,-0.004436144728015012,,,
no_combat,3,5,baseline,54,14.220906029996936,,-0.038048348950774136,,,
no_combat,3,5,ridge,54,14.269067702950702,-0.20507770983900958,-0.04992141663463667,,,
no_combat,3,5,random_forest,54,14.629339506172837,-0.12163857262699679,-0.12056261327942197,,,
no_combat,3,5,gradient_boosting,54,14.511722812993153,-0.032549846755636644,-0.11330566904252892,,,
no_combat,3,6,baseline,54,14.412656871747778,-7.886011712030778e-18,-0.003048893407645803,,,
no_combat,3,6,ridge,54,14.43359076054362,-0.056386488831784376,-0.006750460261978786,,,
no_combat,3,6,random_forest,54,14.963358024691358,-0.107717514660336,-0.056041366733409204,,,
no_combat,3,6,gradient_boosting,54,15.053261158402627,-0.04714879504808615,-0.07229026310028108,,,
no_combat,3,7,baseline,54,14.475902969084787,-2.8355645376961474e-16,-5.8944131625215945e-05,,,
no_combat,3,7,ridge,54,14.612433449187167,-0.2316529233036946,-0.022037853228801918,,,
no_combat,3,7,random_forest,54,14.861325971712475,-0.09378590233452967,-0.06546419899290856,,,
no_combat,3,7,gradient_boosting,54,14.61343667227458,-0.025963452800560394,-0.068520415259951,,,
no_combat,3,8,baseline,53,13.988154055631199,1.9942738630995766e-16,-0.017881365071516386,,,
no_combat,3,8,ridge,53,14.03099471805861,-0.12866059401873203,-0.03759771080835317,,,
no_combat,3,8,random_forest,53,14.164632121388093,-0.03878803169626838,-0.07063570658517282,,,
no_combat,3,8,gradient_boosting,53,13.94680594760645,0.015436260702192945,-0.0715201924343456,,,
no_combat,3,9,baseline,53,15.11510990079751,9.384852648522567e-16,-0.0005313972513261156,,,
no_combat,3,9,ridge,53,15.040089430851369,-0.0430709792608031,-0.007491712337329481,,,
no_combat,3,9,random_forest,53,15.49971698113208,-0.1313090238596214,-0.08375240927318095,,,
no_combat,3,9,gradient_boosting,53,15.645335690521074,-0.14196029991828052,-0.13182668978884693,,,
no_combat,4,0,baseline,54,14.626828895010712,1.153552629907784e-15,-0.00561843032446796,,,
no_combat,4,0,ridge,54,14.638515923499035,0.025246311959862114,-0.005364249920572384,,,
no_combat,4,0,random_forest,54,15.299000000000012,-0.025681604561396034,-0.08194913970904727,,,
no_combat,4,0,gradient_boosting,54,14.673849194028984,0.19124450791236297,-0.019249911136770992,,,
no_combat,4,1,baseline,54,12.854285277012547,5.321811367597408e-16,-0.046881230098224425,,,
no_combat,4,1,ridge,54,13.043851979113034,-0.3271446925395819,-0.08919506029692847,,,
no_combat,4,1,random_forest,54,13.555574526821466,-0.2300408625899653,-0.1801736445862423,,,
no_combat,4,1,gradient_boosting,54,14.376200841317335,-0.1974735107368548,-0.36590529127586713,,,
no_combat,4,2,baseline,54,16.13226966636058,-6.842148321545642e-16,-2.752948433393243e-05,,,
no_combat,4,2,ridge,54,16.209519324606443,-0.07133164354465155,-0.007956423340352403,,,
no_combat,4,2,random_forest,54,16.15052263154969,-0.016710704511147822,-0.03572236921759875,,,
no_combat,4,2,gradient_boosting,54,16.321185067054166,-0.048876132142490626,-0.11944516101713076,,,
no_combat,4,3,baseline,54,14.818518518518514,,-0.004237009433763594,,,
no_combat,4,3,ridge,54,15.019167891656044,-0.2604285411774186,-0.03333734723155812,,,
no_combat,4,3,random_forest,54,14.940468820551004,-0.11324971343771972,-0.07315303515354521,,,
no_combat,4,3,gradient_boosting,54,15.678025784367518,-0.2490271168358234,-0.24129070101170513,,,
no_combat,4,4,baseline,54,16.144444444444442,,-0.0010494746756832818,,,
no_combat,4,4,ridge,54,16.172093343194284,-0.04094167862304857,-0.00715111706975291,,,
no_combat,4,4,random_forest,54,15.973112270876433,-0.003505967205554312,-0.017620299827396657,,,
no_combat,4,4,gradient_boosting,54,15.705276687890617,0.025132407148163945,-0.03071527663972251,,,
no_combat,4,5,baseline,54,14.817523722069176,2.0950514416175489e-16,-0.00022982825510720062,,,
no_combat,4,5,ridge,54,14.716523852093257,0.019914393557515904,-0.0007395648366530505,,,
no_combat,4,5,random_forest,54,15.077308641975307,-0.11418932155887934,-0.09324029135357925,,,
no_combat,4,5,gradient_boosting,54,15.735850379266358,-0.24291427731369247,-0.20473420708082868,,,
no_combat,4,6,baseline,54,14.579002142638508,-5.344348976024919e-16,-0.000759657753734766,,,
no_combat,4,6,ridge,54,14.547150597853319,0.01560636844341895,-0.0002894187776036894,,,
no_combat,4,6,random_forest,54,14.905535909229606,0.02508550873366249,-0.020824489981306593,,,
no_combat,4,6,gradient_boosting,54,15.325140842611678,-0.01136439541057659,-0.10088390342494913,,,
no_combat,4,7,baseline,54,13.014707682889501,1.1464096441211868e-15,-0.000608439463540611,,,
no_combat,4,7,ridge,54,12.976255534195548,0.09462531791328503,0.004263754963665045,,,
no_combat,4,7,random_forest,54,13.228601823936778,-0.04110941349948702,-0.051106567044572504,,,
no_combat,4,7,gradient_boosting,54,13.423972052618604,-0.01923965427363305,-0.15811869923959976,,,
no_combat,4,8,baseline,53,13.771519159696558,-4.46879171859975e-16,-0.02590541448872208,,,
no_combat,4,8,ridge,53,13.837375176631664,-0.194046755661233,-0.04775840884806781,,,
no_combat,4,8,random_forest,53,13.814741684444632,0.08203704686845685,-0.03307004894817367,,,
no_combat,4,8,gradient_boosting,53,13.891981788038297,0.04625815739671843,-0.07584660769814988,,,
no_combat,4,9,baseline,53,13.604236529858005,,-0.04729147204041362,,,
no_combat,4,9,ridge,53,13.568458198343196,0.12996422787303066,-0.038174336507731166,,,
no_combat,4,9,random_forest,53,13.672163522012584,-0.08793623880742185,-0.1331054797608544,,,
no_combat,4,9,gradient_boosting,53,13.933881684349014,-0.15374396043620833,-0.19560325177445614,,,
raw_volumes,0,0,baseline,54,13.757438016528925,4.196938948580207e-16,-0.007750282827138744,,,
raw_volumes,0,0,ridge,54,13.83942458948853,-0.024872599052241748,-0.015077878134139189,,,
raw_volumes,0,0,random_forest,54,13.571918491673069,0.18682558515170905,0.02781040627674214,,,
raw_volumes,0,0,gradient_boosting,54,13.580649170247295,0.09723940374888056,-0.02689711128265926,,,
raw_volumes,0,1,baseline,54,14.924655647382918,,-0.008420355431154825,,,
raw_volumes,0,1,ridge,54,15.00778278519658,-0.13868041854651633,-0.025632798660045975,,,
raw_volumes,0,1,random_forest,54,15.110217424809283,-0.12001869944273627,-0.06410469590165024,,,
raw_volumes,0,1,gradient_boosting,54,15.63885638889952,-0.20152064317144985,-0.14934779568887446,,,
raw_volumes,0,2,baseline,54,14.292975206611569,7.400390426624554e-16,-0.04350374146345559,,,
raw_volumes,0,2,ridge,54,14.354809315816427,-0.10523280796130462,-0.04988390544403565,,,
raw_volumes,0,2,random_forest,54,14.340312576597318,0.03723855473980058,-0.06458957870335125,,,
raw_volumes,0,2,gradient_boosting,54,14.276288763961093,0.007609440735209346,-0.08429332816945623,,,
raw_volumes,0,3,baseline,54,17.51677379859198,1.891777095035454e-16,-0.007106596609898652,,,
raw_volumes,0,3,ridge,54,17.439674798100654,0.012534066370537373,-0.008565702108245032,,,
raw_volumes,0,3,random_forest,54,17.26491975308642,0.05215261229320241,-0.014288844444188431,,,
raw_volumes,0,3,gradient_boosting,54,17.186827322818832,0.03042329447873934,-0.05453054343773256,,,
raw_volumes,0,4,baseline,54,14.238138965411695,-1.656673602564417e-17,-0.03489655423095073,,,
raw_volumes,0,4,ridge,54,14.289423814187588,0.04418260053032628,-0.03705685407951864,,,
raw_volumes,0,4,random_forest,54,14.169197530864201,0.00109212026313508,-0.048545365402548946,,,
raw_volumes,0,4,gradient_boosting,54,14.753971698718287,-0.09023050857212815,-0.16545201685970645,,,
raw_volumes,0,5,baseline,54,15.561600857055405,4.700137818926063e-16,-0.01920136087885993,,,
raw_volumes,0,5,ridge,54,15.457116568737012,0.1203209782194155,-0.010447524439583411,,,
raw_volumes,0,5,random_forest,54,16.196962962962964,-0.11555533027083666,-0.09835070200946361,,,
raw_volumes,0,5,gradient_boosting,54,16.682170764568536,-0.05709207673237323,-0.15925799511061567,,,
raw_volumes,0,6,baseline,54,14.254300581573311,-4.61332087653455e-16,-0.010885795343563709,,,
raw_volumes,0,6,ridge,54,14.236925642248163,-0.08013317856975766,-0.02173781672721309,,,
raw_volumes,0,6,random_forest,54,14.60817901234568,-0.14145364964740806,-0.12389826889397182,,,
raw_volumes,0,6,gradient_boosting,54,14.92845485445285,-0.04734417803890597,-0.1597437394579342,,,
raw_volumes,0,7,baseline,54,12.289791857973674,3.2493920060514107e-16,-0.07232693466441398,,,
raw_volumes,0,7,ridge,54,12.260022614925933,0.06051327296528484,-0.066200071191161,,,
raw_volumes,0,7,random_forest,54,12.433542445765056,-0.07894439405626541,-0.17661072730916505,,,
raw_volumes,0,7,gradient_boosting,54,12.111464330331117,0.00746442241720619,-0.20885734126008404,,,
raw_volumes,0,8,baseline,53,13.85172923555728,-6.784424701232191e-16,-0.0170825534096819,,,
raw_volumes,0,8,ridge,53,13.672186468563272,0.15226157404277604,-0.0041528879526600004,,,
raw_volumes,0,8,random_forest,53,13.823591194968552,0.17884750560728155,0.009310787085766825,,,
raw_volumes,0,8,gradient_boosting,53,13.934014698427458,0.13165955253355363,-0.027987148449034827,,,
raw_volumes,0,9,baseline,53,13.75472087142579,4.2967497151375853e-16,-0.003695653354298889,,,
raw_volumes,0,9,ridge,53,13.826039171495266,-0.08975932869891914,-0.02282751137181438,,,
raw_volumes,0,9,random_forest,53,14.105583947526815,-0.017146186815795633,-0.04561369887138356,,,
raw_volumes,0,9,gradient_boosting,53,14.672223216240798,-0.06632577640297836,-0.16012282571755798,,,
raw_volumes,1,0,baseline,54,14.759947964493419,-2.4436483875319613e-16,-0.0018055854245577763,,,
raw_volumes,1,0,ridge,54,14.74644794506038,-0.005990109783243666,-0.005500448724325535,,,
raw_volumes,1,0,random_forest,54,15.030886045933732,-0.057841471267195785,-0.06866702347050091,,,
raw_volumes,1,0,gradient_boosting,54,14.919185124232817,0.0009600233453748703,-0.1231371704445805,,,
raw_volumes,1,1,baseline,54,14.784573002754822,2.7845328475853714e-16,-0.00418852236297651,,,
raw_volumes,1,1,ridge,54,14.632934596960027,0.08518380014296732,0.0007837456566593959,,,
raw_volumes,1,1,random_forest,54,15.410685185185187,-0.10211900906155089,-0.08197582074041909,,,
raw_volumes,1,1,gradient_boosting,54,15.541823980243736,-0.04294212240148172,-0.12263480690689432,,,
raw_volumes,1,2,baseline,54,16.148614937251303,1.438805246177148e-17,-0.00031850298900781837,,,
raw_volumes,1,2,ridge,54,16.224340553468615,-0.004277713631225439,-0.004331495824875242,,,
raw_volumes,1,2,random_forest,54,15.928234567901242,0.12373192153814444,0.01365691175061401,,,
raw_volumes,1,2,gradient_boosting,54,16.477681910892574,0.0044443040568723086,-0.045237398217190306,,,
raw_volumes,1,3,baseline,54,13.797949188858281,-4.0501156707766676e-16,-0.00042540822205228146,,,
raw_volumes,1,3,ridge,54,13.679996195407169,0.028606419905376698,-0.0004956722672115887,,,
raw_volumes,1,3,random_forest,54,13.688912199912682,0.0700883784542977,-0.011830569821910553,,,
raw_volumes,1,3,gradient_boosting,54,14.117844676295956,-0.041781032405639615,-0.11961499368306305,,,
raw_volumes,1,4,baseline,54,15.854744413835322,-3.735845039108237e-17,-0.0001670530870419018,,,
raw_volumes,1,4,ridge,54,15.848333062977574,-0.012308019604617106,-0.005686932084997709,,,
raw_volumes,1,4,random_forest,54,15.986696764638179,-0.07747035354425462,-0.044585887115695666,,,
raw_volumes,1,4,gradient_boosting,54,15.8981976703343,-0.02992493281215308,-0.06811606706427398,,,
raw_volumes,1,5,baseline,54,14.075076522803796,1.8126348543991114e-16,-0.03061255833979204,,,
raw_volumes,1,5,ridge,54,14.041318842914475,-0.060826020160611956,-0.0383139581671299,,,
raw_volumes,1,5,random_forest,54,13.922070245484512,0.11796946787279433,-0.024385328474539225,,,
raw_volumes,1,5,gradient_boosting,54,13.598566008606886,0.1490479081894187,-0.015528928113109908,,,
raw_volumes,1,6,baseline,54,14.176316192225283,-5.001146624483927e-17,-0.01760085936526057,,,
raw_volumes,1,6,ridge,54,14.28681448097609,-0.12052495718427252,-0.037707053093978926,,,
raw_volumes,1,6,random_forest,54,14.844152447941044,-0.32813438119018057,-0.16409121013723516,,,
raw_volumes,1,6,gradient_boosting,54,15.015085044540568,-0.2476835743990705,-0.2223016959175157,,,
raw_volumes,1,7,baseline,54,12.87979797979798,-5.08262197288564e-16,-0.024130105212054165,,,
raw_volumes,1,7,ridge,54,12.787936502027392,0.1772282047964335,-0.010875193758169477,,,
raw_volumes,1,7,random_forest,54,13.060154320987658,0.026884055446726167,-0.08146649650585402,,,
raw_volumes,1,7,gradient_boosting,54,13.356765859323763,0.03103826466708441,-0.14421766363065625,,,
raw_volumes,1,8,baseline,53,13.507733903909743,3.9081728106360327e-16,-0.011292995711336795,,,
raw_volumes,1,8,ridge,53,13.528784813493328,-0.024651541697591865,-0.016083081197798554,,,
raw_volumes,1,8,random_forest,53,13.781905660377358,-0.011604370770340457,-0.044240522007172434,,,
raw_volumes,1,8,gradient_boosting,53,13.460865779543013,0.0705275333704953,-0.03615907317693701,,,
raw_volumes,1,9,baseline,53,14.400657459638202,1.8056884066741375e-16,-0.0048691283103734495,,,
raw_volumes,1,9,ridge,53,14.55093302699529,-0.06384805655235139,-0.024574475407235008,,,
raw_volumes,1,9,random_forest,53,14.724490566037742,-0.05881420119765868,-0.07880300746633151,,,
raw_volumes,1,9,gradient_boosting,53,14.52638414944109,0.005647560966800939,-0.08430504893663215,,,
raw_volumes,2,0,baseline,54,12.476308539944903,,-0.04315705041595974,,,
raw_volumes,2,0,ridge,54,12.414830833018597,-0.007963935170052021,-0.0548888411842976,,,
raw_volumes,2,0,random_forest,54,12.881524691358024,-0.025367424588030398,-0.11002369399608791,,,
raw_volumes,2,0,gradient_boosting,54,13.861344910546412,-0.11368552476098236,-0.2839805484877749,,,
raw_volumes,2,1,baseline,54,13.946847260483624,-2.1559108914268226e-16,-0.027551208311700215,,,
raw_volumes,2,1,ridge,54,13.941844401410545,-0.03607211759144691,-0.032707785956781255,,,
raw_volumes,2,1,random_forest,54,14.022179012345672,0.028989038261140875,-0.06377336766180908,,,
raw_volumes,2,1,gradient_boosting,54,14.353203187147601,-0.00856414970286771,-0.09354780200746093,,,
raw_volumes,2,2,baseline,54,15.727961432506886,-6.883849253917158e-16,-0.08158534627204017,,,
raw_volumes,2,2,ridge,54,15.633457971297275,-0.056618031568900266,-0.09149017992468167,,,
raw_volumes,2,2,random_forest,54,15.445820987654322,0.037839144920729255,-0.10039160596728802,,,
raw_volumes,2,2,gradient_boosting,54,15.920184223031773,-0.07135257493098938,-0.19867317252362104,,,
raw_volumes,2,3,baseline,54,14.370783593510865,5.597714755874531e-16,-0.002568944951599983,,,
raw_volumes,2,3,ridge,54,14.49872232297903,-0.12232553411289852,-0.017588224324625035,,,
raw_volumes,2,3,random_forest,54,14.736811485252717,-0.06914860908491957,-0.05114995163108538,,,
raw_volumes,2,3,gradient_boosting,54,14.80113872174981,-0.06016750487810885,-0.1027198190905676,,,
raw_volumes,2,4,baseline,54,15.846013161922256,3.3995321717002855e-16,-0.041106639623183616,,,
raw_volumes,2,4,ridge,54,15.840596692256568,-0.07791069960008984,-0.046889817024142744,,,
raw_volumes,2,4,random_forest,54,16.1208705653363,-0.07839333684562122,-0.08953122303682992,,,
raw_volumes,2,4,gradient_boosting,54,16.39525794560254,-0.12858335196514487,-0.15367424443932975,,,
raw_volumes,2,5,baseline,54,13.502861952861954,-5.960441499070043e-17,-0.025399448185238427,,,
raw_volumes,2,5,ridge,54,13.560752068385328,-0.005817559387634982,-0.03597031779294957,,,
raw_volumes,2,5,random_forest,54,13.142156025988477,0.16823643092819734,-0.0003684382944171283,,,
raw_volumes,2,5,gradient_boosting,54,13.704246362034864,0.06753772738553955,-0.08879116071021054,,,
raw_volumes,2,6,baseline,54,17.3962962962963,1.1701934913565782e-16,-0.0017585547603218288,,,
raw_volumes,2,6,ridge,54,17.62476266223462,-0.20842441759532143,-0.02378498546661989,,,
raw_volumes,2,6,random_forest,54,17.54804938271606,-0.00561763792905888,-0.029155015446121757,,,
raw_volumes,2,6,gradient_boosting,54,17.299754966214604,0.026342265000121427,-0.042685737063878015,,,
raw_volumes,2,7,baseline,54,13.89074074074074,-5.478466748566482e-16,-0.004849936664718779,,,
raw_volumes,2,7,ridge,54,14.085293293897827,-0.21985803141619503,-0.03791316442020065,,,
raw_volumes,2,7,random_forest,54,14.28831751357782,-0.1740723423350608,-0.10981340193579414,,,
raw_volumes,2,7,gradient_boosting,54,14.356394115920992,-0.09854635493778012,-0.16825428970118406,,,
raw_volumes,2,8,baseline,53,13.972040459054657,5.198878098222044e-16,-0.008133352353324463,,,
raw_volumes,2,8,ridge,53,13.991719969344793,0.0425870051307578,-0.007741007090270147,,,
raw_volumes,2,8,random_forest,53,14.296482587854275,-0.1360454743678083,-0.08181618746366337,,,
raw_volumes,2,8,gradient_boosting,53,14.162562383205843,0.0034663143524544335,-0.13254487937644388,,,
raw_volumes,2,9,baseline,53,13.444672242754327,1.461702420759134e-16,-0.017796023265202576,,,
raw_volumes,2,9,ridge,53,13.343795944104352,0.1426680165252725,-0.004002358841574516,,,
raw_volumes,2,9,random_forest,53,13.2453503022682,0.14458935228411393,0.003734997916780336,,,
raw_volumes,2,9,gradient_boosting,53,13.402501758429333,0.10102838103453332,-0.03399061113592494,,,
raw_volumes,3,0,baseline,54,15.702464034282217,-1.1165103092406815e-16,-0.0006537428309927318,,,
raw_volumes,3,0,ridge,54,15.754186793914176,-0.040600147323248195,-0.008701828612338813,,,
raw_volumes,3,0,random_forest,54,16.206209876543213,-0.10296591876427348,-0.05823886405858403,,,
raw_volumes,3,0,gradient_boosting,54,16.185218583081888,-0.026758453832437953,-0.09986158331561978,,,
raw_volumes,3,1,baseline,54,12.813728191000918,9.81104098208291e-17,-0.006948695130820637,,,
raw_volumes,3,1,ridge,54,12.995163249051817,-0.03040801693860695,-0.020979653265404963,,,
raw_volumes,3,1,random_forest,54,12.121059974200252,0.256288925663645,0.050961696416901625,,,
raw_volumes,3,1,gradient_boosting,54,12.280154151290956,0.08853155011919121,-0.06602633402332736,,,
raw_volumes,3,2,baseline,54,13.54947199265381,-7.094469614665607e-16,-0.004872161738715075,,,
raw_volumes,3,2,ridge,54,13.520900737071301,0.07555776037191077,5.9679622270158994e-05,,,
raw_volumes,3,2,random_forest,54,14.340216049382718,-0.28881499365743485,-0.15894268097443387,,,
raw_volumes,3,2,gradient_boosting,54,14.30218230665429,-0.16599780288146637,-0.19010974799965075,,,
raw_volumes,3,3,baseline,54,16.57349250076523,,-0.07565714847819605,,,
raw_volumes,3,3,ridge,54,16.40793243899556,0.1045651743048038,-0.0681706448546473,,,
raw_volumes,3,3,random_forest,54,16.684393533459126,-0.04838908371499842,-0.12037028805256877,,,
raw_volumes,3,3,gradient_boosting,54,16.75622005110627,-0.06134511828758228,-0.20537361016594136,,,
raw_volumes,3,4,baseline,54,13.649357208448116,-3.7348028604804925e-16,-0.008629656226174509,,,
raw_volumes,3,4,ridge,54,13.739545284948585,-0.18027171546045392,-0.04119680848840912,,,
raw_volumes,3,4,random_forest,54,13.43414197530865,0.007520370719003027,-0.05270933967685765,,,
raw_volumes,3,4,gradient_boosting,54,13.228697814249792,0.040788796677611726,-0.09551752288059956,,,
raw_volumes,3,5,baseline,54,14.220906029996936,,-0.038048348950774136,,,
raw_volumes,3,5,ridge,54,14.295350011392129,-0.2014346934720646,-0.051674391932280184,,,
raw_volumes,3,5,random_forest,54,14.716255428256371,-0.14698698294794557,-0.1162912358053434,,,
raw_volumes,3,5,gradient_boosting,54,14.870099779725779,-0.10521022343763091,-0.15730375780071637,,,
raw_volumes,3,6,baseline,54,14.412656871747778,-7.886011712030778e-18,-0.003048893407645803,,,
raw_volumes,3,6,ridge,54,14.507781372897163,-0.1854171344347513,-0.025442760992953284,,,
raw_volumes,3,6,random_forest,54,14.932111111111116,-0.05769221323127429,-0.07539990593361257,,,
raw_volumes,3,6,gradient_boosting,54,14.618149090601625,0.06939320578201906,-0.055513156938479025,,,
raw_volumes,3,7,baseline,54,14.475902969084787,-2.8355645376961474e-16,-5.8944131625215945e-05,,,
raw_volumes,3,7,ridge,54,14.539095882420945,-0.09919761410554491,-0.011287050259325637,,,
raw_volumes,3,7,random_forest,54,15.197870370370374,-0.1744344719736532,-0.13681072313205012,,,
raw_volumes,3,7,gradient_boosting,54,15.628608850868957,-0.22414748863418524,-0.18758075644018768,,,
raw_volumes,3,8,baseline,53,13.988154055631199,1.9942738630995766e-16,-0.017881365071516386,,,
raw_volumes,3,8,ridge,53,13.951067014419012,0.026694159086480228,-0.015633194006860807,,,
raw_volumes,3,8,random_forest,53,14.395343439348501,-0.10825597160153574,-0.09639716539101206,,,
raw_volumes,3,8,gradient_boosting,53,15.051682215535042,-0.10536694111000691,-0.17304501577265974,,,
raw_volumes,3,9,baseline,53,15.11510990079751,9.384852648522567e-16,-0.0005313972513261156,,,
raw_volumes,3,9,ridge,53,14.986243708026183,0.02635933776812101,-0.00091131488332441,,,
raw_volumes,3,9,random_forest,53,15.149849056603772,-0.003953829509553765,-0.03630139992149428,,,
raw_volumes,3,9,gradient_boosting,53,15.584392898767252,-0.020138105069028484,-0.06262447881050881,,,
raw_volumes,4,0,baseline,54,14.626828895010712,1.153552629907784e-15,-0.00561843032446796,,,
raw_volumes,4,0,ridge,54,14.580654331321623,0.0667346296429095,-0.002250556458463837,,,
raw_volumes,4,0,random_forest,54,15.124759594423674,-0.11274598840248422,-0.08345558703844302,,,
raw_volumes,4,0,gradient_boosting,54,14.880546870172193,-0.040108854616151844,-0.07023430822891741,,,
raw_volumes,4,1,baseline,54,12.854285277012547,5.321811367597408e-16,-0.046881230098224425,,,
raw_volumes,4,1,ridge,54,12.956488787596125,-0.21643457579559533,-0.07715322224344567,,,
raw_volumes,4,1,random_forest,54,14.00896296296297,-0.35178162207475705,-0.29937411343474696,,,
raw_volumes,4,1,gradient_boosting,54,13.661571036038653,-0.22916012736076688,-0.33946249006394935,,,
raw_volumes,4,2,baseline,54,16.13226966636058,-6.842148321545642e-16,-2.752948433393243e-05,,,
raw_volumes,4,2,ridge,54,16.04730204464643,0.11958268571277164,0.007684313187902303,,,
raw_volumes,4,2,random_forest,54,16.149644353796088,0.013762108007338595,-0.024379223669539485,,,
raw_volumes,4,2,gradient_boosting,54,16.284039129690594,-0.06284295660376052,-0.10724081973342847,,,
raw_volumes,4,3,baseline,54,14.818518518518514,,-0.004237009433763594,,,
raw_volumes,4,3,ridge,54,14.925449950743658,-0.17353656436756495,-0.021524882167660353,,,
raw_volumes,4,3,random_forest,54,14.883518518518521,-0.004498060818381194,-0.029086543526229525,,,
raw_volumes,4,3,gradient_boosting,54,14.702215476531922,-0.02295540880787616,-0.05823307664689059,,,
raw_volumes,4,4,baseline,54,16.144444444444442,,-0.0010494746756832818,,,
raw_volumes,4,4,ridge,54,16.10929340104621,0.02903538177653615,-0.0011179401818635082,,,
raw_volumes,4,4,random_forest,54,15.93663580246913,0.10941550413786454,0.004420791079748909,,,
raw_volumes,4,4,gradient_boosting,54,16.028791668372342,0.0674936440279483,-0.028599477629610126,,,
raw_volumes,4,5,baseline,54,14.817523722069176,2.0950514416175489e-16,-0.00022982825510720062,,,
raw_volumes,4,5,ridge,54,14.637976884160992,0.08666724886640033,0.006526159288286371,,,
raw_volumes,4,5,random_forest,54,15.04756577610256,-0.057950699226066285,-0.04390623030281082,,,
raw_volumes,4,5,gradient_boosting,54,15.468482719148152,-0.1126793964178652,-0.12389820218177006,,,
raw_volumes,4,6,baseline,54,14.579002142638508,-5.344348976024919e-16,-0.000759657753734766,,,
raw_volumes,4,6,ridge,54,14.54129886121046,0.0073815683569012445,-0.0019107713283215144,,,
raw_volumes,4,6,random_forest,54,14.430197530864204,0.11261515979308288,0.007185072390516356,,,
raw_volumes,4,6,gradient_boosting,54,15.178799011025536,-0.06979637077192086,-0.10784565809815927,,,
raw_volumes,4,7,baseline,54,13.014707682889501,1.1464096441211868e-15,-0.000608439463540611,,,
raw_volumes,4,7,ridge,54,12.972956856753145,0.03690781755418496,0.0005100293230555497,,,
raw_volumes,4,7,random_forest,54,13.235901234567901,-0.011431314112444229,-0.06213519536251666,,,
raw_volumes,4,7,gradient_boosting,54,13.526385938296109,-0.006056581328618518,-0.12626099281393421,,,
raw_volumes,4,8,baseline,53,13.771519159696558,-4.46879171859975e-16,-0.02590541448872208,,,
raw_volumes,4,8,ridge,53,13.944820646901826,-0.1877935251218676,-0.055359877940965196,,,
raw_volumes,4,8,random_forest,53,14.400055949512154,-0.166213824163598,-0.13774434711249284,,,
raw_volumes,4,8,gradient_boosting,53,14.986157185816271,-0.10699909877461315,-0.1745657293232623,,,
raw_volumes,4,9,baseline,53,13.604236529858005,,-0.04729147204041362,,,
raw_volumes,4,9,ridge,53,13.659655901946435,0.021235827870222986,-0.04670500661699495,,,
raw_volumes,4,9,random_forest,53,13.895886792452831,-0.0813823493262987,-0.11352898806914635,,,
raw_volumes,4,9,gradient_boosting,53,13.468865372963078,0.059871208281596,-0.06395885905710808,,,
include_wb2,0,0,baseline,56,13.936785714285715,-3.6158211955732253e-16,-0.002011339164537773,,,
include_wb2,0,0,ridge,56,13.837976235121065,0.20234825410929225,0.012700766523419338,,,
include_wb2,0,0,random_forest,56,13.738848016502997,-0.004281184276277005,-0.04070865198375273,,,
include_wb2,0,0,gradient_boosting,56,13.95652643775438,-0.013278184169497796,-0.15415854667093054,,,
include_wb2,0,1,baseline,56,15.571535714285714,-2.1193203200899237e-16,-0.022483060214482098,,,
include_wb2,0,1,ridge,56,15.617614228944907,-0.02739669158770021,-0.023839348143719796,,,
include_wb2,0,1,random_forest,56,16.092089285714287,-0.00029185100310212455,-0.058243576521470386,,,
include_wb2,0,1,gradient_boosting,56,16.37032369479345,-0.06769025881311978,-0.1909146388976568,,,
include_wb2,0,2,baseline,56,13.114285714285712,1.7516057067625862e-16,-0.0019426227048529032,,,
include_wb2,0,2,ridge,56,13.242672591183476,-0.3250834586444668,-0.03137593368619407,,,
include_wb2,0,2,random_forest,56,12.926039276311796,0.0729346050305793,-0.003655228707851066,,,
include_wb2,0,2,gradient_boosting,56,12.258490716412746,0.16759363510592534,-0.027570507389512278,,,
include_wb2,0,3,baseline,56,15.831764285714286,,-0.00025157004372755587,,,
include_wb2,0,3,ridge,56,15.869130889147781,-0.01922362014473031,-0.0042211989278546636,,,
include_wb2,0,3,random_forest,56,16.162303571428566,-0.027901793904839534,-0.03130025697518746,,,
include_wb2,0,3,gradient_boosting,56,16.4123291502937,-0.09922649984145979,-0.07147954675144885,,,
include_wb2,0,4,baseline,56,14.451328571428572,-4.017840240854793e-16,-0.038205202089832246,,,
include_wb2,0,4,ridge,56,14.598826398876493,-0.24637179281214774,-0.0672957175783564,,,
include_wb2,0,4,random_forest,56,13.779982142857145,0.19381741173082423,0.007045328605845502,,,
include_wb2,0,4,gradient_boosting,56,13.941256658463441,0.11605155141091177,-0.07386244686163357,,,
include_wb2,0,5,baseline,56,13.99325,2.8288832587669046e-16,-0.07451827639868669,,,
include_wb2,0,5,ridge,56,14.027169889218218,-0.07998633541376161,-0.08789932051231375,,,
include_wb2,0,5,random_forest,56,14.668523809523814,-0.07174515256705585,-0.22091278377836043,,,
include_wb2,0,5,gradient_boosting,56,14.479969828312672,0.005618792034048755,-0.20248520918121793,,,
include_wb2,0,6,baseline,55,14.958356015242241,4.362119342987368e-16,-0.11310582011813586,,,
include_wb2,0,6,ridge,55,14.977796559710741,-0.04077803850135633,-0.11734338828036872,,,
include_wb2,0,6,random_forest,55,15.315927272727276,-0.07005277979323757,-0.21527925410191884,,,
include_wb2,0,6,gradient_boosting,55,15.368251980929161,-0.027990661944043142,-0.31012197347779646,,,
include_wb2,0,7,baseline,55,13.89399020141535,-9.618480946614349e-16,-0.0009149977922549013,,,
include_wb2,0,7,ridge,55,13.888305210878013,-0.05039603389849502,-0.013883244501911474,,,
include_wb2,0,7,random_forest,55,13.934553540075019,-0.04738735959630081,-0.04718395868779912,,,
include_wb2,0,7,gradient_boosting,55,14.41650592836755,-0.08923256040753294,-0.1312672022877348,,,
include_wb2,0,8,baseline,55,14.376479767737251,1.8596058898675622e-16,-0.002931569114570376,,,
include_wb2,0,8,ridge,55,14.342602430049574,-0.03701503639960089,-0.007519386012327045,,,
include_wb2,0,8,random_forest,55,14.181964982502206,0.12266668967475099,0.009456165660458815,,,
include_wb2,0,8,gradient_boosting,55,14.341566825970062,0.0519475707988424,-0.032013819388857945,,,
include_wb2,0,9,baseline,55,14.580892759934674,-1.5268434343085306e-16,-0.03425464941308376,,,
include_wb2,0,9,ridge,55,14.720370426974407,-0.05875839109543739,-0.04223183453293711,,,
include_wb2,0,9,random_forest,55,14.957372587321979,-0.11085408962227337,-0.08960606864085685,,,
include_wb2,0,9,gradient_boosting,55,15.528367975547049,-0.06206518180810048,-0.15305447587504917,,,
include_wb2,1,0,baseline,56,14.471957142857141,,-0.0011917053056220706,,,
include_wb2,1,0,ridge,56,14.568114959668842,-0.10965691038072661,-0.01154251689108765,,,
include_wb2,1,0,random_forest,56,14.66883333333333,-0.06435372148848999,-0.06509775766719161,,,
include_wb2,1,0,gradient_boosting,56,14.482528682472779,-0.026929457162969142,-0.08334269603872624,,,
include_wb2,1,1,baseline,56,14.703,,-0.00010673441393826977,,,
include_wb2,1,1,ridge,56,14.631202413419699,0.05119454395561641,0.0022738839115277187,,,
include_wb2,1,1,random_forest,56,14.569294928686487,0.07187324442061768,-0.0057290523766961865,,,
include_wb2,1,1,gradient_boosting,56,14.872950473105846,-0.01966619467346245,-0.10708880102373719,,,
include_wb2,1,2,baseline,56,13.967857142857143,-2.0390758229783875e-16,-0.007732123005764757,,,
include_wb2,1,2,ridge,56,13.840005767789949,0.10558957316557985,0.0003924881083914311,,,
include_wb2,1,2,random_forest,56,13.70980952380952,0.06880676349233217,-0.014827758144044578,,,
include_wb2,1,2,gradient_boosting,56,14.236519329937826,-0.12018868715944633,-0.14569911332394803,,,
include_wb2,1,3,baseline,56,14.086042857142855,-7.15583569118528e-17,-0.011409754912973469,,,
include_wb2,1,3,ridge,56,14.277402114111911,-0.2546657864762942,-0.05806552589277425,,,
include_wb2,1,3,random_forest,56,14.69417493807015,-0.2308762496522495,-0.17583473123756588,,,
include_wb2,1,3,gradient_boosting,56,15.464788245976536,-0.34583958809183946,-0.3781418866025479,,,
include_wb2,1,4,baseline,56,16.178214285714287,,-0.03944869150893138,,,
include_wb2,1,4,ridge,56,16.197699461419763,0.04771211017790778,-0.03835855134896571,,,
include_wb2,1,4,random_forest,56,16.628000000000004,-0.08527235806971949,-0.09042043478331352,,,
include_wb2,1,4,gradient_boosting,56,16.827340083700612,-0.09456242554491581,-0.24767166344734548,,,
include_wb2,1,5,baseline,56,15.431185714285714,,-0.0006655238347343939,,,
include_wb2,1,5,ridge,56,15.331216328008773,0.12628934805141911,0.008627439477610022,,,
include_wb2,1,5,random_forest,56,14.722226190476189,0.2109354926607739,0.042724841370127886,,,
include_wb2,1,5,gradient_boosting,56,15.293965401568903,0.032783870433530524,-0.05210125225459117,,,
include_wb2,1,6,baseline,55,14.132683723462165,-8.040428930963684e-17,-0.00876249940947571,,,
include_wb2,1,6,ridge,55,14.100937867570774,0.09838083650686603,0.0007483304816938707,,,
include_wb2,1,6,random_forest,55,14.221288544174737,-0.04494675789649762,-0.05607087045025905,,,
include_wb2,1,6,gradient_boosting,55,13.846476381428218,0.1117628272179048,-0.023566157435928714,,,
include_wb2,1,7,baseline,55,13.280402830702227,1.6426009170959415e-16,-0.0006577706382842052,,,
include_wb2,1,7,ridge,55,13.342894657271248,-0.1596935945302118,-0.016454406498697782,,,
include_wb2,1,7,random_forest,55,13.48438138175941,0.035643493321370935,-0.02346801025376455,,,
include_wb2,1,7,gradient_boosting,55,13.60671157888584,0.012599616490404737,-0.09799499014855528,,,
include_wb2,1,8,baseline,55,13.492676465251314,-2.1473345914302824e-16,-0.0006401888709888226,,,
include_wb2,1,8,ridge,55,13.494637822694205,-0.10647830023480569,-0.01933844262761597,,,
include_wb2,1,8,random_forest,55,13.536939393939397,-0.033227830219764526,-0.06676856934600806,,,
include_wb2,1,8,gradient_boosting,55,13.791786115869428,-0.05934075943619928,-0.11561921917863982,,,
include_wb2,1,9,baseline,55,14.639212484122663,7.806317354801243e-16,-0.004297675910418297,,,
include_wb2,1,9,ridge,55,14.698412786168724,-0.10238294377642909,-0.015938602420597414,,,
include_wb2,1,9,random_forest,55,15.02134414705962,0.08171182306810967,-0.00699456521074282,,,
include_wb2,1,9,gradient_boosting,55,15.423147901302388,-0.015426780516545096,-0.09805474717204277,,,
include_wb2,2,0,baseline,56,14.711535714285715,1.388977314794372e-16,-0.024700627151154286,,,
include_wb2,2,0,ridge,56,14.876974950398674,-0.3308322957427814,-0.06203765716281118,,,
include_wb2,2,0,random_forest,56,15.237570229996638,-0.14613800727024234,-0.10480052038885779,,,
include_wb2,2,0,gradient_boosting,56,15.80246325241647,-0.2400267876160208,-0.22369441050364247,,,
include_wb2,2,1,baseline,56,14.774635714285713,7.694696806823055e-17,-0.016554104178645224,,,
include_wb2,2,1,ridge,56,14.743125372195072,0.05891709148886353,-0.014274869216287511,,,
include_wb2,2,1,random_forest,56,14.707011346505947,0.029736268587812763,-0.039441859886267805,,,
include_wb2,2,1,gradient_boosting,56,14.798517172888126,0.0010685297605198443,-0.09461701811409706,,,
include_wb2,2,2,baseline,56,16.30447142857143,,-0.0002697531932853714,,,
include_wb2,2,2,ridge,56,16.363508411619886,-0.0694498255641859,-0.008262017560759283,,,
include_wb2,2,2,random_forest,56,16.26333674196785,0.062183492404535065,-0.016305762441494842,,,
include_wb2,2,2,gradient_boosting,56,16.607763723468416,0.02188581183791434,-0.06759300396976209,,,
include_wb2,2,3,baseline,56,14.808042857142855,6.68485663229633e-17,-0.008445146449107543,,,
include_wb2,2,3,ridge,56,14.955240691036682,-0.08490439966878482,-0.0228931037790594,,,
include_wb2,2,3,random_forest,56,14.692120795154747,-0.059834762241239965,-0.07654160057503323,,,
include_wb2,2,3,gradient_boosting,56,14.646949531552453,-0.006076485815495683,-0.09895352661381529,,,
include_wb2,2,4,baseline,56,13.20947142857143,-2.3738018021739827e-16,-0.005120056126645567,,,
include_wb2,2,4,ridge,56,13.155549265240362,0.09617108171422781,0.0007249381268138455,,,
include_wb2,2,4,random_forest,56,13.646489434316335,-0.1295963865355084,-0.0770834616561007,,,
include_wb2,2,4,gradient_boosting,56,13.574895271401905,0.0585426922916835,-0.06561789770956916,,,
include_wb2,2,5,baseline,56,13.487357142857144,,-0.01777321018295419,,,
include_wb2,2,5,ridge,56,13.564710881140346,-0.10985433348305168,-0.040438949988575335,,,
include_wb2,2,5,random_forest,56,13.744761904761901,0.020390629691696447,-0.07326376736624018,,,
include_wb2,2,5,gradient_boosting,56,13.499564215795703,0.0992705902646784,-0.09698663854932787,,,
include_wb2,2,6,baseline,55,15.187991290146977,-1.3117685650995264e-16,-0.009996556913336452,,,
include_wb2,2,6,ridge,55,15.067709482608793,0.31061598981957983,0.005750067392272906,,,
include_wb2,2,6,random_forest,55,15.04882273811907,0.08008395280892962,-0.0059619497540894795,,,
include_wb2,2,6,gradient_boosting,55,15.146725486906256,0.08345518615781439,-0.026156251226178817,,,
include_wb2,2,7,baseline,55,13.974316820903647,-2.110818576276358e-16,-0.01323865859582618,,,
include_wb2,2,7,ridge,55,14.101811248863317,-0.02820761437098625,-0.025085483503872963,,,
include_wb2,2,7,random_forest,55,14.091248484848489,-0.0426621007037449,-0.0687149626195005,,,
include_wb2,2,7,gradient_boosting,55,14.542624937563561,-0.08908667063107857,-0.11843990695334505,,,
include_wb2,2,8,baseline,55,14.923806931591365,2.024788235438127e-16,-0.09902273094638403,,,
include_wb2,2,8,ridge,55,14.713085572603207,0.14870535203536062,-0.0856731292518853,,,
include_wb2,2,8,random_forest,55,14.57696969696971,0.12767689010592811,-0.08364733589959705,,,
include_wb2,2,8,gradient_boosting,55,13.971567112508632,0.2222748182540438,-0.04736491255246489,,,
include_wb2,2,9,baseline,55,13.261981491562329,-4.4354496733076266e-16,-8.84713651365665e-05,,,
include_wb2,2,9,ridge,55,13.36166225248695,-0.12208525319535718,-0.01704605709433804,,,
include_wb2,2,9,random_forest,55,13.182109090909092,0.014233654054979363,-0.04834222455933457,,,
include_wb2,2,9,gradient_boosting,55,13.868481414981998,-0.17993860925284527,-0.1867272808582836,,,
include_wb2,3,0,baseline,56,16.18807857142857,,-0.0577048195737202,,,
include_wb2,3,0,ridge,56,16.238787602854885,-0.0853643161314561,-0.0713009227032142,,,
include_wb2,3,0,random_forest,56,16.34349278552668,-0.05843847159822124,-0.08744980357113841,,,
include_wb2,3,0,gradient_boosting,56,16.45210815020569,-0.04874990433499615,-0.1349553653017388,,,
include_wb2,3,1,baseline,56,14.380099999999999,1.620075212070262e-16,-0.016053482230751426,,,
include_wb2,3,1,ridge,56,14.377518875669695,-0.09511462766086703,-0.02668045376763062,,,
include_wb2,3,1,random_forest,56,14.303148809523801,0.04354333657029112,-0.046536919675686184,,,
include_wb2,3,1,gradient_boosting,56,14.267045067276456,0.025988225991709687,-0.07832038828008692,,,
include_wb2,3,2,baseline,56,14.301785714285716,,-0.003837285994612749,,,
include_wb2,3,2,ridge,56,14.759574164212406,-0.3365474730563326,-0.06993981373888758,,,
include_wb2,3,2,random_forest,56,14.769243590608644,-0.06081382239787017,-0.07708690755459502,,,
include_wb2,3,2,gradient_boosting,56,15.203688736824622,-0.17326840087849227,-0.16912794626488248,,,
include_wb2,3,3,baseline,56,13.176814285714286,,-0.04356641798789296,,,
include_wb2,3,3,ridge,56,13.176743817653444,0.0005757176610432073,-0.049827593665259684,,,
include_wb2,3,3,random_forest,56,13.840720238095239,-0.12083820855811866,-0.16838908075014958,,,
include_wb2,3,3,gradient_boosting,56,14.422622603810368,-0.15425845000969152,-0.3388574415541137,,,
include_wb2,3,4,baseline,56,14.623214285714287,-1.809989878747712e-16,-4.802920352764417e-06,,,
include_wb2,3,4,ridge,56,14.591431639965533,0.04540222575687695,0.0020563462196879767,,,
include_wb2,3,4,random_forest,56,14.91019718360831,-0.1821805684756751,-0.08267320030722192,,,
include_wb2,3,4,gradient_boosting,56,15.659924266292714,-0.26204038792192014,-0.2349471178619984,,,
include_wb2,3,5,baseline,56,14.758928571428571,9.292799847168167e-17,-0.00041175130068249466,,,
include_wb2,3,5,ridge,56,14.67758546609039,0.23509678591920768,0.011278646499335965,,,
include_wb2,3,5,random_forest,56,14.82882932327533,0.022932538402961496,-0.025173170461836314,,,
include_wb2,3,5,gradient_boosting,56,15.491126690268954,-0.04879045999265779,-0.18246036334337634,,,
include_wb2,3,6,baseline,55,14.569178007621122,-4.8002891880477056e-17,-0.04982900583264516,,,
include_wb2,3,6,ridge,55,14.578642945433774,0.04220975963428412,-0.04608828766059947,,,
include_wb2,3,6,random_forest,55,14.59033507853359,0.06772094641123194,-0.06192013162031995,,,
include_wb2,3,6,gradient_boosting,55,14.297059759712235,0.12710762197273962,-0.06252172900380026,,,
include_wb2,3,7,baseline,55,14.390255851932501,-7.596558446594545e-16,-0.0005536438352518047,,,
include_wb2,3,7,ridge,55,14.334501717580524,0.018196470950825883,-0.0008031914176540589,,,
include_wb2,3,7,random_forest,55,14.049067012624807,0.12088332263863852,0.007697159259874131,,,
include_wb2,3,7,gradient_boosting,55,14.255990468125447,0.0006115755571560413,-0.06855595586075625,,,
include_wb2,3,8,baseline,55,14.673021230266741,-4.3733240831578015e-16,-0.0006917142337670157,,,
include_wb2,3,8,ridge,55,14.604993505079202,-0.01209688210704718,-0.004491447085709588,,,
include_wb2,3,8,random_forest,55,15.461090909090908,-0.1368062889791793,-0.10666066651089423,,,
include_wb2,3,8,gradient_boosting,55,15.946566902555144,-0.21946165414315297,-0.2211867133938139,,,
include_wb2,3,9,baseline,55,13.471540555253128,1.2728104278353412e-16,-0.024111612132105442,,,
include_wb2,3,9,ridge,55,13.537613718748013,-0.12305080361859358,-0.03569350897255341,,,
include_wb2,3,9,random_forest,55,13.829839443761085,-0.11994926266543338,-0.10118653661461208,,,
include_wb2,3,9,gradient_boosting,55,13.858407849318676,-0.05304310902261307,-0.12402075146654501,,,
include_wb2,4,0,baseline,56,15.7172,,-0.0008257085963145894,,,
include_wb2,4,0,ridge,56,15.773510460160551,-0.13173811845753944,-0.014372453762073079,,,
include_wb2,4,0,random_forest,56,15.813342271912989,0.059545420033209916,-0.004141948508032511,,,
include_wb2,4,0,gradient_boosting,56,16.00777302495321,0.07405430536833454,-0.018015050036900293,,,
include_wb2,4,1,baseline,56,15.645871428571427,-3.9410254544234825e-16,-7.762783631459769e-05,,,
include_wb2,4,1,ridge,56,15.595776826406604,0.06603239065358608,0.0038087680932326062,,,
include_wb2,4,1,random_forest,56,15.548822467726211,0.030469348787013854,-0.02769722972724442,,,
include_wb2,4,1,gradient_boosting,56,15.995715587402755,-0.02874559285595929,-0.13718334894024475,,,
include_wb2,4,2,baseline,56,13.963914285714285,,-0.0003676802422316605,,,
include_wb2,4,2,ridge,56,13.944161320963655,-0.07169815106742826,-0.007378745206634507,,,
include_wb2,4,2,random_forest,56,13.971670949101078,-0.036469531800917235,-0.03885792583995906,,,
include_wb2,4,2,gradient_boosting,56,14.72577943615814,-0.16713181217455486,-0.19477487621030143,,,
include_wb2,4,3,baseline,56,14.270985714285713,9.034140183662842e-17,-0.015340457869907231,,,
include_wb2,4,3,ridge,56,14.273989913425904,-0.032939467652405685,-0.023972411184346454,,,
include_wb2,4,3,random_forest,56,13.588767857142859,0.16686067190602136,0.016988183111773303,,,
include_wb2,4,3,gradient_boosting,56,13.929673785833971,0.06871863554430843,-0.0738274567627617,,,
include_wb2,4,4,baseline,56,14.741071428571429,-7.013185562293605e-16,-0.01846589064741222,,,
include_wb2,4,4,ridge,56,14.667734450959184,0.05664036410152837,-0.01607470170095815,,,
include_wb2,4,4,random_forest,56,13.814673984496137,0.277138529090401,0.03221387131507003,,,
include_wb2,4,4,gradient_boosting,56,13.845881477665879,0.17976520587716094,-0.005202979554529419,,,
include_wb2,4,5,baseline,56,14.221,-2.5627677498068645e-16,-0.0057416738453404115,,,
include_wb2,4,5,ridge,56,14.14980211169303,0.10549306911850867,0.003526674659215412,,,
include_wb2,4,5,random_forest,56,14.089928344790446,0.06836098711860839,-0.024535456628048458,,,
include_wb2,4,5,gradient_boosting,56,14.444298195211928,-0.00012512334630880353,-0.12955836582304836,,,
include_wb2,4,6,baseline,55,13.18103792415169,-6.705946203115642e-16,-0.0002870024014940409,,,
include_wb2,4,6,ridge,55,13.093563023413939,0.08645834614276528,0.00629588820527871,,,
include_wb2,4,6,random_forest,55,13.163939584521891,0.09828013217278565,-0.00154410393985982,,,
include_wb2,4,6,gradient_boosting,55,13.801289836718437,-0.04311337989697921,-0.14678748380406037,,,
include_wb2,4,7,baseline,55,15.013053892215568,-5.044604706270698e-16,-0.0035684797766772913,,,
include_wb2,4,7,ridge,55,15.239961440613499,-0.1685129273498333,-0.040876894289692434,,,
include_wb2,4,7,random_forest,55,15.036402660591374,-0.029736601199552484,-0.0406509722654711,,,
include_wb2,4,7,gradient_boosting,55,14.489840579095198,0.10429556117644435,-0.022366235588959782,,,
include_wb2,4,8,baseline,55,13.684322264561784,,-0.03501519784368967,,,
include_wb2,4,8,ridge,55,13.790942433685172,-0.1232724109834572,-0.047975792901369996,,,
include_wb2,4,8,random_forest,55,14.518012121212113,-0.20864427773220792,-0.1733540836597096,,,
include_wb2,4,8,gradient_boosting,55,15.921854331338077,-0.2943575088214176,-0.44390294920332596,,,
include_wb2,4,9,baseline,55,13.920925421883506,-1.6312093739483094e-16,-2.106034422411085e-07,,,
include_wb2,4,9,ridge,55,13.897655810561496,0.04977081995483414,0.002172639040533886,,,
include_wb2,4,9,random_forest,55,14.282557575757577,-0.0022720506527832214,-0.061299908841778494,,,
include_wb2,4,9,gradient_boosting,55,13.732785849998205,0.05014744940670438,-0.04088623699480265,,,
first_pass,0,0,baseline,48,15.550552325581394,,-0.00370290690109365,,,
first_pass,0,0,ridge,48,15.431466105046246,0.02912849639120784,-0.0032003742130992663,,,
first_pass,0,0,random_forest,48,16.048097222222225,-0.18808810331622247,-0.08776052705031434,,,
first_pass,0,0,gradient_boosting,48,15.993011179099932,-0.12610331232512836,-0.1029609780253331,,,
first_pass,0,1,baseline,48,15.357771317829458,,-0.03891213001263294,,,
first_pass,0,1,ridge,48,15.445448537192867,-0.14709485368728997,-0.054534787049549394,,,
first_pass,0,1,random_forest,48,15.294597222222224,-0.024018940965222696,-0.09772066109769662,,,
first_pass,0,1,gradient_boosting,48,15.982175167965151,-0.10200566571576081,-0.21275348899990054,,,
first_pass,0,2,baseline,48,15.876017441860464,,-0.01522449466275333,,,
first_pass,0,2,ridge,48,15.841639325351489,0.03052477215951694,-0.016318640222027225,,,
first_pass,0,2,random_forest,48,15.494069444444447,0.21146004446154573,0.02702641185648491,,,
first_pass,0,2,gradient_boosting,48,15.680018718028386,0.018851418723460286,-0.05293695349965244,,,
first_pass,0,3,baseline,48,14.324796511627909,,-0.004921036755930253,,,
first_pass,0,3,ridge,48,14.226502430976929,0.21406531153380798,0.006694756598296214,,,
first_pass,0,3,random_forest,48,13.635736111111106,0.20805810737603647,0.03864052067241819,,,
first_pass,0,3,gradient_boosting,48,13.074661749171165,0.2176168145084416,0.03184161112479833,,,
first_pass,0,4,baseline,48,15.530261627906976,,-0.012269576996248643,,,
first_pass,0,4,ridge,48,15.84428883179916,-0.24758271019190856,-0.046152165909616905,,,
first_pass,0,4,random_forest,48,15.938541666666671,-0.03676357324474292,-0.1100424606204391,,,
first_pass,0,4,gradient_boosting,48,15.83230427329675,0.013539597493280521,-0.10971533203067585,,,
first_pass,0,5,baseline,48,13.264583333333334,-1.2537053959971317e-16,-0.004029689415137927,,,
first_pass,0,5,ridge,48,13.419916749837263,-0.2697731867268685,-0.03339072884558525,,,
first_pass,0,5,random_forest,48,13.002270833333336,-0.014303380163387931,-0.04304444159894483,,,
first_pass,0,5,gradient_boosting,48,14.017686732300689,-0.22227097577713034,-0.18461985119529212,,,
first_pass,0,6,baseline,48,13.657277131782946,5.025488497326589e-16,-0.0037932209405944217,,,
first_pass,0,6,ridge,48,13.557787076691932,0.028673883843837573,-0.004770762672251294,,,
first_pass,0,6,random_forest,48,13.536819444444438,0.10177611511706239,-0.008077985643217822,,,
first_pass,0,6,gradient_boosting,48,13.373106535931143,0.18520023794815693,0.007558781382226987,,,
first_pass,0,7,baseline,48,12.78125,,-0.002735612905209406,,,
first_pass,0,7,ridge,48,12.707282874512288,0.21770933200930045,0.015431334465334623,,,
first_pass,0,7,random_forest,48,12.993472222222223,0.07240820866468993,-0.035313956184738204,,,
first_pass,0,7,gradient_boosting,48,11.9940092258188,0.27107266185848533,0.04334462533830841,,,
first_pass,0,8,baseline,47,12.376753714765266,,-0.014411680008477479,,,
first_pass,0,8,ridge,47,12.621440834263439,-0.0928702167661948,-0.04190881607456687,,,
first_pass,0,8,random_forest,47,12.423021276595751,-0.07668408807451502,-0.10436225334405158,,,
first_pass,0,8,gradient_boosting,47,13.721030951468867,-0.12896598415614413,-0.3284231231028951,,,
first_pass,0,9,baseline,47,14.575233252702763,-1.1261327760253626e-16,-0.08652810420810675,,,
first_pass,0,9,ridge,47,14.532680869845848,-0.08040261822711203,-0.09265918116029592,,,
first_pass,0,9,random_forest,47,14.492404255319144,-0.04697903525970968,-0.12825148930487007,,,
first_pass,0,9,gradient_boosting,47,14.381507132896044,0.03471735375174657,-0.10999518183994028,,,
first_pass,1,0,baseline,48,14.572228682170541,,-0.057090124337925596,,,
first_pass,1,0,ridge,48,14.565657508973425,-0.019036062962420053,-0.05854113904643943,,,
first_pass,1,0,random_forest,48,15.173798611111108,0.019691527874413427,-0.12783469299053007,,,
first_pass,1,0,gradient_boosting,48,15.399049411074428,-0.030322443339511635,-0.17182825335471952,,,
first_pass,1,1,baseline,48,13.543846899224805,,-0.0865897110939231,,,
first_pass,1,1,ridge,48,13.427256210193923,0.0603674905356049,-0.08776484223688796,,,
first_pass,1,1,random_forest,48,14.041463845075532,-0.1581631690672543,-0.1968165351983322,,,
first_pass,1,1,gradient_boosting,48,14.220093288014532,-0.07974582353658805,-0.31352401710694,,,
first_pass,1,2,baseline,48,15.076531007751939,,-0.033091742632844534,,,
first_pass,1,2,ridge,48,15.178694452488946,-0.010469262885617368,-0.03872990031235002,,,
first_pass,1,2,random_forest,48,14.631645833333343,0.16027249546967084,-0.006214253692513827,,,
first_pass,1,2,gradient_boosting,48,14.35511077205607,0.1593238144209629,-0.03027984481384194,,,
first_pass,1,3,baseline,48,13.484932170542635,,-0.0013918235195564677,,,
first_pass,1,3,ridge,48,13.378581070329103,0.009262829812646837,-0.0027057927322318154,,,
first_pass,1,3,random_forest,48,13.821541666666661,-0.05803627133643064,-0.055837057019292535,,,
first_pass,1,3,gradient_boosting,48,13.390202618294557,0.045696152499172464,-0.06478862671785124,,,
first_pass,1,4,baseline,48,14.629166666666668,7.988501008682773e-17,-0.005370627532171879,,,
first_pass,1,4,ridge,48,14.605350669485025,-0.1008594741625295,-0.01630193570543015,,,
first_pass,1,4,random_forest,48,14.721458333333333,-0.07871235538180305,-0.10067289489593145,,,
first_pass,1,4,gradient_boosting,48,15.842849945272867,-0.1360463142641665,-0.2491696179537095,,,
first_pass,1,5,baseline,48,15.426870155038758,,-0.07535118178384836,,,
first_pass,1,5,ridge,48,15.333264713879844,0.009772906866275766,-0.07293099834489536,,,
first_pass,1,5,random_forest,48,15.361976730801011,0.0237669177878737,-0.10149470118773407,,,
first_pass,1,5,gradient_boosting,48,15.579375801562904,-0.027601397319262325,-0.18648570356260352,,,
first_pass,1,6,baseline,48,14.44635658914729,-2.286520332621241e-16,-0.035876854674359304,,,
first_pass,1,6,ridge,48,14.30488822107199,0.19920066722952895,-0.02468472466778482,,,
first_pass,1,6,random_forest,48,14.44046527777778,0.10067198411045132,-0.03670263942596552,,,
first_pass,1,6,gradient_boosting,48,14.616198902205893,0.11100130138139623,-0.08032686887883966,,,
first_pass,1,7,baseline,48,15.454350775193797,-1.004823677392588e-16,-0.009685801339459399,,,
first_pass,1,7,ridge,48,15.413645573896313,0.05445547395902343,-0.005597643050724077,,,
first_pass,1,7,random_forest,48,15.576552362088854,-0.03202479287476053,-0.040150586659924326,,,
first_pass,1,7,gradient_boosting,48,15.648475855229888,-0.011345369875062421,-0.09511094297239775,,,
first_pass,1,8,baseline,47,13.341862072370045,-2.129255797596128e-16,-0.04864540802877104,,,
first_pass,1,8,ridge,47,13.58238877076401,-0.3400986502199613,-0.09128285076543086,,,
first_pass,1,8,random_forest,47,13.196666666666669,-0.018658872306015522,-0.09655872576068392,,,
first_pass,1,8,gradient_boosting,47,13.117180092692774,6.765378583287807e-05,-0.1250306769847842,,,
first_pass,1,9,baseline,47,13.464140790837739,5.025732930290309e-17,-0.015034170326955643,,,
first_pass,1,9,ridge,47,13.915911597562273,-0.23918838385143182,-0.06628503826989163,,,
first_pass,1,9,random_forest,47,13.711556237916517,-0.09430404919365518,-0.10349308719246642,,,
first_pass,1,9,gradient_boosting,47,13.710054521800913,-0.06294700721977595,-0.12702401544819764,,,
first_pass,2,0,baseline,48,14.076986434108527,,-0.04105706025758149,,,
first_pass,2,0,ridge,48,13.964032189895855,0.10943923187538837,-0.034465934767490713,,,
first_pass,2,0,random_forest,48,13.699555643315911,0.2261424629523605,0.005294634820999122,,,
first_pass,2,0,gradient_boosting,48,13.888549660929863,0.06290455720043844,-0.07136831118267462,,,
first_pass,2,1,baseline,48,15.672722868217056,,-0.03560268811335354,,,
first_pass,2,1,ridge,48,15.615760897307473,-0.01132760906492816,-0.03705944582760412,,,
first_pass,2,1,random_forest,48,15.894767586420235,0.002364909388700161,-0.07242106700995987,,,
first_pass,2,1,gradient_boosting,48,15.993931350837926,0.018949497788597964,-0.12755781323565296,,,
first_pass,2,2,baseline,48,13.357829457364344,,-0.020378652025849542,,,
first_pass,2,2,ridge,48,13.607131285176314,-0.09738754056282768,-0.04802172656498849,,,
first_pass,2,2,random_forest,48,13.489020833333337,-0.030453390719680663,-0.06388043143187216,,,
first_pass,2,2,gradient_boosting,48,13.137832774564663,0.10789983825424741,-0.04883446207476472,,,
first_pass,2,3,baseline,48,13.128575581395348,,-0.06951469525116227,,,
first_pass,2,3,ridge,48,13.078876725939955,0.19660566485117087,-0.053770420720354206,,,
first_pass,2,3,random_forest,48,12.544256944444436,0.2077343521637032,0.01152300353214708,,,
first_pass,2,3,gradient_boosting,48,12.344587133011617,0.1704026020367616,-0.028896670948251657,,,
first_pass,2,4,baseline,48,14.528498062015503,6.96535510004878e-17,-0.0053055610899892525,,,
first_pass,2,4,ridge,48,14.544825326973227,-0.2623474832846172,-0.034904610300497074,,,
first_pass,2,4,random_forest,48,14.655971145065612,0.01910814440940041,-0.03415681630328393,,,
first_pass,2,4,gradient_boosting,48,14.965683576343016,-0.016835034136242495,-0.12808428584612974,,,
first_pass,2,5,baseline,48,14.068003875968992,1.8949141027219802e-16,-0.05345179389734245,,,
first_pass,2,5,ridge,48,14.135997448410608,-0.1130809215360782,-0.06508172625885233,,,
first_pass,2,5,random_forest,48,14.014451388888887,0.05912365446686591,-0.07185247299429931,,,
first_pass,2,5,gradient_boosting,48,14.099928063310164,0.04509747018627412,-0.11095159661634768,,,
first_pass,2,6,baseline,48,12.990939922480619,5.0089109332205076e-17,-0.03882709308193455,,,
first_pass,2,6,ridge,48,13.030163161999738,-0.030541785577374147,-0.04719841202009789,,,
first_pass,2,6,random_forest,48,13.184145833333341,0.06252406183751823,-0.06601839517376318,,,
first_pass,2,6,gradient_boosting,48,13.398033485183445,0.04013277087403271,-0.1337617483321003,,,
first_pass,2,7,baseline,48,17.023207364341086,,-0.0003912223324218367,,,
first_pass,2,7,ridge,48,17.09714294522837,-0.08599063734568839,-0.012657910848699938,,,
first_pass,2,7,random_forest,48,17.56566666666666,-0.07435395134561497,-0.10563552277535049,,,
first_pass,2,7,gradient_boosting,48,17.34176458178472,-0.0655789283878449,-0.13821861693223947,,,
first_pass,2,8,baseline,47,14.582914548057463,-3.5559352935712484e-16,-0.007280014814627034,,,
first_pass,2,8,ridge,47,14.575081366805984,-0.07168941927269627,-0.022697176009547793,,,
first_pass,2,8,random_forest,47,14.03057446808511,0.15340890071429164,-0.002479369184590574,,,
first_pass,2,8,gradient_boosting,47,14.331416713616592,0.13091884691179087,-0.08157083117797925,,,
first_pass,2,9,baseline,47,14.121957841733723,,-0.0054381628205901755,,,
first_pass,2,9,ridge,47,14.18664829589103,-0.11321301305125547,-0.027852462271013678,,,
first_pass,2,9,random_forest,47,14.680496453900714,-0.21098993288190382,-0.12424486677436564,,,
first_pass,2,9,gradient_boosting,47,14.603304832695954,-0.010229967599358467,-0.12955533915084705,,,
first_pass,3,0,baseline,48,13.4334496124031,,-0.0070216798275184455,,,
first_pass,3,0,ridge,48,13.395607455703564,0.0932551359879494,-0.0013836990615894162,,,
first_pass,3,0,random_forest,48,14.450631944444444,-0.14287802635952496,-0.12897391680435955,,,
first_pass,3,0,gradient_boosting,48,13.778850403052147,-0.015124454275637031,-0.11852216732459442,,,
first_pass,3,1,baseline,48,15.35918604651163,,-0.09681478200643401,,,
first_pass,3,1,ridge,48,15.345618176259364,-0.03358566309393284,-0.09344694379664142,,,
first_pass,3,1,random_forest,48,15.184375000000008,-0.029033923830519993,-0.1400978457955937,,,
first_pass,3,1,gradient_boosting,48,14.284197524324659,0.14505961688917732,-0.07574818596005994,,,
first_pass,3,2,baseline,48,13.512500000000001,,-0.006321090013719166,,,
first_pass,3,2,ridge,48,13.584971441198944,-0.2552889075399259,-0.036826725863585485,,,
first_pass,3,2,random_forest,48,14.28613888888889,-0.26491059139461065,-0.18308773353397578,,,
first_pass,3,2,gradient_boosting,48,15.42850194145142,-0.3622943201201774,-0.3490507001056711,,,
first_pass,3,3,baseline,48,13.643982558139534,,-0.033221583394476006,,,
first_pass,3,3,ridge,48,13.614120408978058,0.10097418358603115,-0.01845331168868536,,,
first_pass,3,3,random_forest,48,13.393444444444441,0.07116144928438828,-0.03869451211060149,,,
first_pass,3,3,gradient_boosting,48,13.00067758541133,0.09537620202633397,-0.08029540793624368,,,
first_pass,3,4,baseline,48,14.427083333333334,6.256139554263185e-16,-0.0005083998408987878,,,
first_pass,3,4,ridge,48,14.340732460401734,0.0946445687423616,0.006552353021181512,,,
first_pass,3,4,random_forest,48,14.11606944444444,0.1412751335074706,0.011976129018869686,,,
first_pass,3,4,gradient_boosting,48,15.190982595646062,-0.01013384322066485,-0.20179380443106165,,,
first_pass,3,5,baseline,48,15.553672480620156,,-0.05780317874420482,,,
first_pass,3,5,ridge,48,15.732962578519144,-0.15908894870093584,-0.07968863910938917,,,
first_pass,3,5,random_forest,48,16.25435416666667,-0.05829187147435511,-0.17054653058115532,,,
first_pass,3,5,gradient_boosting,48,16.044212863447754,-0.004584315479508973,-0.19619124150446843,,,
first_pass,3,6,baseline,48,14.025290697674416,,-0.016294984918650446,,,
first_pass,3,6,ridge,48,14.010761710813654,-0.07936210643659936,-0.025248344025755376,,,
first_pass,3,6,random_forest,48,13.48263194444444,0.1491160910654717,-0.002800068590194771,,,
first_pass,3,6,gradient_boosting,48,14.341453626177307,0.00589344640679771,-0.1618924906580408,,,
first_pass,3,7,baseline,48,14.012500000000001,1.3750706165051726e-16,-0.019502599570512702,,,
first_pass,3,7,ridge,48,14.121490053473986,-0.19516485961056215,-0.04314871623402183,,,
first_pass,3,7,random_forest,48,14.309670357098339,-0.05383394088388946,-0.09400331654076632,,,
first_pass,3,7,gradient_boosting,48,15.030514875561556,-0.22067252398186502,-0.26000201044772275,,,
first_pass,3,8,baseline,47,15.571639433282323,-1.7218545141891985e-17,-0.01177330286834799,,,
first_pass,3,8,ridge,47,15.511723109643793,0.07515010226282257,-0.007703950172301521,,,
first_pass,3,8,random_forest,47,15.435063829787236,0.07772431274446222,-0.016150671375070758,,,
first_pass,3,8,gradient_boosting,47,15.733231306715767,0.08265475213999406,-0.11371541789272577,,,
first_pass,3,9,baseline,47,13.845599052179496,4.80363288850581e-16,-0.012077303576890186,,,
first_pass,3,9,ridge,47,13.875717784878052,-0.11655249287398695,-0.029282835056064105,,,
first_pass,3,9,random_forest,47,13.425216229054232,0.1876402001035234,0.01203255819495841,,,
first_pass,3,9,gradient_boosting,47,13.964391435652562,0.08200971011087431,-0.061448227537339806,,,
first_pass,4,0,baseline,48,13.190455426356587,,-0.11841819075078619,,,
first_pass,4,0,ridge,48,13.256901929368047,-0.3043598297635277,-0.1381626829274043,,,
first_pass,4,0,random_forest,48,13.752280978751193,-0.23956105260300292,-0.21923676317783558,,,
first_pass,4,0,gradient_boosting,48,14.122884830142363,-0.1780330756272825,-0.2764408874825448,,,
first_pass,4,1,baseline,48,15.082722868217054,,-0.003942643148950875,,,
first_pass,4,1,ridge,48,15.075285218746183,0.011988327785471467,-0.0048598641178374535,,,
first_pass,4,1,random_forest,48,15.682090277777789,-0.1826591365658406,-0.10693664367266842,,,
first_pass,4,1,gradient_boosting,48,15.34741967830547,-0.018098866542561643,-0.11257491739010139,,,
first_pass,4,2,baseline,48,15.87406007751938,-2.4087661041223253e-16,-0.05507765306081902,,,
first_pass,4,2,ridge,48,15.884030378604171,-0.07781071651835675,-0.05930919452728922,,,
first_pass,4,2,random_forest,48,15.73577014229599,0.03679051267758732,-0.07636630497862762,,,
first_pass,4,2,gradient_boosting,48,15.629794591738701,0.046860567114987976,-0.10212337359827517,,,
first_pass,4,3,baseline,48,15.10250968992248,,-3.5057319352382876e-05,,,
first_pass,4,3,ridge,48,15.22039111669911,-0.09238024068090027,-0.015821217920787944,,,
first_pass,4,3,random_forest,48,15.108229166666668,0.029496646491344435,-0.025596228715082603,,,
first_pass,4,3,gradient_boosting,48,15.634472593416382,-0.09422573833414287,-0.13857004574672738,,,
first_pass,4,4,baseline,48,13.449999999999998,,-0.004360824828786303,,,
first_pass,4,4,ridge,48,13.475961106605984,-0.03716314321371498,-0.009392538026226971,,,
first_pass,4,4,random_forest,48,13.871618055555551,-0.029428749280952248,-0.08804537705215698,,,
first_pass,4,4,gradient_boosting,48,13.465924042922728,0.07411208118293076,-0.07904100283800908,,,
first_pass,4,5,baseline,48,14.972441860465116,-8.508436126346488e-17,-0.012975443782939688,,,
first_pass,4,5,ridge,48,15.240944715158548,-0.29448767429844325,-0.047978794621723164,,,
first_pass,4,5,random_forest,48,15.607645475916193,-0.19092609878027866,-0.10422138924525659,,,
first_pass,4,5,gradient_boosting,48,16.35540401156994,-0.20114339377808546,-0.23069448668899795,,,
first_pass,4,6,baseline,48,14.583594961240308,-3.255797832658761e-16,-0.002111271121966851,,,
first_pass,4,6,ridge,48,14.394980912425659,0.16980036604689724,0.01064796354793529,,,
first_pass,4,6,random_forest,48,14.645659722222225,-0.05764511518637867,-0.07394415057226866,,,
first_pass,4,6,gradient_boosting,48,14.4235367883538,0.10706399111946617,-0.06244911002510278,,,
first_pass,4,7,baseline,48,12.341928294573643,,-0.0003029070658095989,,,
first_pass,4,7,ridge,48,12.385724309940288,-0.0030450936732425507,-0.013782727318108368,,,
first_pass,4,7,random_forest,48,12.223180555555553,0.08193443183176953,-0.011227706667075399,,,
first_pass,4,7,gradient_boosting,48,12.589088347445335,0.10282378047210532,-0.048949733525740946,,,
first_pass,4,8,baseline,47,12.960719751197121,5.05660785560963e-16,-0.0004533530072097225,,,
first_pass,4,8,ridge,47,12.973103403027075,-0.01900560240574091,-0.007591275849910595,,,
first_pass,4,8,random_forest,47,12.95250602816808,-0.03675465966222514,-0.07492604006669201,,,
first_pass,4,8,gradient_boosting,47,12.516435260283533,0.014438953088574796,-0.09386438691985877,,,
first_pass,4,9,baseline,47,15.728948017969099,-2.1079514859456228e-16,-6.248723271751189e-05,,,
first_pass,4,9,ridge,47,15.635636944836124,0.2836107361083319,0.011884317301151137,,,
first_pass,4,9,random_forest,47,15.293872340425539,0.10220434756978344,0.003086514809626739,,,
first_pass,4,9,gradient_boosting,47,15.94006638707531,-0.01995782117307669,-0.06874341213451607,,,
