n,draw,age_coef,p
25,0,-0.6747600500047746,0.3370106525218431
25,1,-0.41635285126849375,0.44092842300605484
25,2,0.2339638098028054,0.6281783510286014
25,3,0.6494489084153852,0.4347103008478913
25,4,-0.45630994259957536,0.3795834257507169
25,5,-0.8556973882872825,0.3565638744364135
25,6,0.15014507292129053,0.8055460716249082
25,7,-0.20721695269118712,0.7394149013491264
25,8,0.3794698748412699,0.44153011157675986
25,9,0.10317167784451442,0.8429947772457977
25,10,-0.23126745162430673,0.7532531165071688
25,11,-0.023770274874491903,0.9694400038271757
25,12,-0.4208119031452515,0.5157810238174232
25,13,-0.8421316927224902,0.27839468999380257
25,14,0.564733049457459,0.3405298348593461
25,15,-1.3398598957661116,0.010382633751858996
25,16,-0.019932076248505126,0.9702924701821122
25,17,-0.8259913484119963,0.25242338597215336
25,18,-0.18813384188199844,0.8071521803718137
25,19,0.14362286808741231,0.8256299651354001
25,20,-0.21181447759083483,0.7158678197279543
25,21,0.0646635008042562,0.9032242540334449
25,22,-0.14823905915234015,0.8058394812721115
25,23,-0.5310462253368815,0.43461364014101916
25,24,-0.5519842540757827,0.4070914786588005
25,25,-0.7427308978668403,0.19111485588804383
25,26,-0.01475195962219189,0.9780541965551864
25,27,-0.6798847464706856,0.3469759864374525
25,28,-0.3381834767210492,0.6207348062862753
25,29,-0.7963660492274012,0.16331880775303528
25,30,0.17932814864998825,0.6812061058621006
25,31,-1.0234006610020345,0.06899879690975773
25,32,-0.9094930484340757,0.07445397045480874
25,33,-0.41272056019518644,0.3598241301416146
25,34,-0.3389120355401154,0.5537308197776392
25,35,-0.4937014177016952,0.3943398259591141
25,36,0.3267479876827615,0.4969322861519338
25,37,-0.18951475211838797,0.7888360177110828
25,38,-0.24204658051832162,0.7539788888880328
25,39,-0.3255729270021739,0.6425697280841639
25,40,0.7120169386543491,0.28183625431394704
25,41,0.1548308809886496,0.7961299021045344
25,42,0.06008467223355751,0.9253325280522742
25,43,0.536619641944533,0.2789418267106509
25,44,-0.513806027289645,0.3329938743013961
25,45,0.3704189825050026,0.5625213230528497
25,46,-0.7868553541937402,0.12793251779810874
25,47,-0.1594132439278102,0.6883684688822629
25,48,0.42613394922884495,0.5008507076832506
25,49,0.7030578713656226,0.21586767001228455
25,50,0.06356908783613058,0.8450289952334684
25,51,0.798513790859916,0.1077451658111703
25,52,-0.7352187142119249,0.34326317654473515
25,53,-0.530603459536632,0.34934361854959195
25,54,-0.42907010942116663,0.4509628964032377
25,55,0.22811386204919248,0.7071641903663417
25,56,-0.3263139263001964,0.6335998608928274
25,57,0.4213564446585716,0.3254922611582547
25,58,0.007402451967834622,0.9894998152932014
25,59,0.7822148237798796,0.2559512760434626
25,60,-1.838076856816361,0.00627336125106972
25,61,-0.03987349904248383,0.9524211369985599
25,62,-0.39586893662666434,0.5273545045825454
25,63,-0.11373966192938312,0.8203043298010844
25,64,-0.4360781543477854,0.4553519135750408
25,65,-0.39945012238273847,0.49725801944416353
25,66,-1.1487835829174706,0.042932343687549994
25,67,0.24442457053272015,0.7059497284949781
25,68,-0.06774148617348175,0.9006054628861916
25,69,0.33011186963478956,0.6037869239018495
25,70,0.6357816247062882,0.27185165703630765
25,71,-0.37411894597895934,0.6469733528037137
25,72,0.3136008178313414,0.5002888269811208
25,73,-0.9293129400935332,0.07966336331614424
25,74,-0.246433715540066,0.605901894833932
25,75,-0.18473613642616105,0.7629937068663057
25,76,-0.272269432032453,0.5192198773141034
25,77,-0.35757401124453025,0.43545484287185227
25,78,0.43228915549264,0.4010155918082195
25,79,-0.024488029876545525,0.9584380515228027
25,80,-0.40679477981530887,0.3900509704195611
25,81,-0.031006102445061856,0.9493113338819985
25,82,0.0710587315919291,0.8774216455487499
25,83,0.07471423224638762,0.9042527365311809
25,84,-0.5537867025011227,0.42188014941341645
25,85,-0.5927715479182716,0.3806373098156964
25,86,-0.08308391288901085,0.9039742937609367
25,87,-0.35437476460767314,0.5256608047005892
25,88,-0.5083846699196126,0.4985689827290858
25,89,0.2667728528065094,0.6477019357696551
25,90,-0.11664381589350548,0.8458080360245034
25,91,1.2574768067934965,0.06167473165081163
25,92,0.13833178025675075,0.7660822507213854
25,93,0.14910393075918726,0.8153045320253355
25,94,-0.48979624944345446,0.36625891874351596
25,95,1.0574185879774554,0.09966681635484458
25,96,-0.6250178501290211,0.2477183504365091
25,97,1.1337827047903968,0.1418093197599885
25,98,-0.09906790340739935,0.8647060271413308
25,99,0.30316086401892406,0.7054650114456467
25,100,-1.3651030704768834,0.026965458709905528
25,101,-0.7657106068350856,0.177921397261736
25,102,0.5938398686590993,0.23603339311580449
25,103,-0.1615625873720532,0.7049127294647942
25,104,0.0916813824847118,0.873155528728859
25,105,-0.19127610628770952,0.6618115484247585
25,106,-0.4591323482239895,0.4816838079953141
25,107,0.20182467328762055,0.6904730916859639
25,108,-0.9524406477990741,0.20042188036925884
25,109,0.14742952674468235,0.7687569557199492
25,110,0.506745369285655,0.4765977504734231
25,111,-0.1979966514582161,0.6551246992098065
25,112,-0.7854930595940228,0.08402575942088956
25,113,-0.5385937110722363,0.3203835607601798
25,114,-0.14840171502846822,0.7912656633203797
25,115,0.14502187284712953,0.7996186771726342
25,116,-0.28617247539808943,0.6285190993622057
25,117,0.05234183062174402,0.9272589312274438
25,118,-0.22398397017748728,0.7688770134894367
25,119,-0.5553447366322448,0.37933135646494953
25,120,-0.39024742481741104,0.5146915164618457
25,121,-0.7586976327883619,0.052232484813559216
25,122,-0.4757504046387062,0.4604478816498277
25,123,-0.4862930040916904,0.44147247705287196
25,124,-0.4625423460950744,0.19876797705426114
25,125,-1.1336600128406165,0.11820238798286327
25,126,-0.4218592227730742,0.5306803116928959
25,127,-0.25653013826707927,0.6331530489893241
25,128,-0.8562819754348459,0.19929761569188026
25,129,-0.2975759161399276,0.5060825927592416
25,130,0.9401099721027961,0.10370343680649455
25,131,0.042370471137223475,0.9384946893928839
25,132,-0.08188620662657531,0.9123274476211269
25,133,-0.006178700429620321,0.9913358731987651
25,134,-0.8203195064217912,0.269634935236946
25,135,0.449146246816472,0.4048095767701543
25,136,-0.8611862138751283,0.142192675787645
25,137,-0.024399625077615283,0.9738567890824263
25,138,-1.022221030968871,0.09189342114408161
25,139,-0.5652359248042726,0.358242149499196
25,140,-0.1423318857944622,0.7644129410907448
25,141,0.8191687527090981,0.18258069120547804
25,142,-0.8012793303276471,0.07178237381017273
25,143,-0.0072940331802637814,0.9901903148553399
25,144,-0.48047350289130186,0.519400471847206
25,145,-0.049619594754663154,0.9289004211301245
25,146,-0.6461076454952117,0.30817509126011366
25,147,0.5355311155771076,0.4858367448616428
25,148,-0.4421634672570409,0.3687065288794041
25,149,0.015996658216723247,0.9760919060292038
25,150,0.2971349462029327,0.673164881163373
25,151,-1.0332617322842141,0.1239691600392764
25,152,0.40888793343196816,0.5779243831315977
25,153,-0.41759475659992873,0.5045608299605785
25,154,-1.3284366049877088,0.02419547846447596
25,155,-1.0954299434719985,0.05145360946267139
25,156,-0.9557693652547199,0.13329325243364715
25,157,0.7758166458116875,0.1450239664381087
25,158,-0.08913466744903253,0.8773908420869091
25,159,-1.4025929140010964,0.04833855768173573
25,160,-0.3318367033069798,0.6871456667048859
25,161,-0.5443626076691199,0.3487915230607356
25,162,0.39233596727655495,0.5414707336255056
25,163,-0.4902817486244455,0.30843896280890853
25,164,0.050886332545566404,0.9146458364175971
25,165,-0.11114660682957833,0.8416705688023091
25,166,-0.2834236796981031,0.5849555909063904
25,167,0.005160896957042027,0.9923493145016473
25,168,-0.5803826136506078,0.29316196467406147
25,169,-0.6287087477842981,0.2574178442561151
25,170,-0.7304714352596742,0.08737560033750708
25,171,0.23441359477195256,0.6828991824848338
25,172,-0.4250704453603955,0.44836650574884235
25,173,0.09679622297715618,0.898989561311482
25,174,-0.35597661123456703,0.5663323972970332
25,175,0.9556880896961157,0.08941814912236529
25,176,-0.28193002764403197,0.647033177437888
25,177,1.3678804676823049,0.029827272561332392
25,178,0.17123130131175124,0.7134701220034213
25,179,-0.5973425140554367,0.26811915989232527
25,180,-0.14043784048006014,0.8086997252994325
25,181,-0.0001987994997758591,0.999662817776087
25,182,-0.6431593602675498,0.22154509940694522
25,183,-0.23474970286217278,0.6760562456297757
25,184,-0.9345623745959237,0.21839674777453877
25,185,-0.15690661707816034,0.8016903990801177
25,186,-0.2588308657780072,0.7027642656917286
25,187,-0.23107811517457755,0.7020924077709372
25,188,-1.2255878627625183,0.057785971044420126
25,189,0.815311698168296,0.32362727602221025
25,190,-0.3572710543382982,0.4271822296180481
25,191,-0.6264593077205998,0.3521248137957795
25,192,0.3784210561841803,0.4124491567177891
25,193,-0.3038338957939164,0.6322196438017539
25,194,-0.28035979270528877,0.6682910198137085
25,195,-0.1706579488022708,0.6994006917682788
25,196,-0.4635535314700583,0.5139901180655344
25,197,0.04820009177078077,0.9295801528205772
25,198,0.2621444203360479,0.535503343959317
25,199,-0.14454966271540215,0.765093357646986
25,200,0.7084163578046141,0.3378160245390285
25,201,-0.9671417157087632,0.1550251724378034
25,202,-1.3550259427566962,0.044001129993634494
25,203,0.966591520336987,0.19842169252746428
25,204,0.7824193868037863,0.25299546636706294
25,205,0.2263650980747247,0.6721308954897148
25,206,-0.37094204261531516,0.4827506703973036
25,207,-0.21625698413781258,0.8038475595780439
25,208,-1.7640696266618265,0.006906593447025908
25,209,-0.2738262412209753,0.6270860452811778
25,210,-0.30704709997213797,0.606672037520779
25,211,0.023226486149489745,0.9657041214200335
25,212,-0.15934772026804644,0.8018144710131907
25,213,-1.154645842719395,0.228679138739356
25,214,0.2974509374882235,0.6312146225961338
25,215,0.36971493077525963,0.4735132378925449
25,216,0.5124305862403453,0.3286060673506735
25,217,-0.5994375463618589,0.3117279248690855
25,218,-0.16629364468247765,0.7040387308769611
25,219,-0.5914514431057967,0.3054829531151767
25,220,0.607552924286491,0.1278619016505042
25,221,-0.277286511559403,0.5874116225578019
25,222,-0.15938693075219668,0.7403266572209646
25,223,0.0016059456125105953,0.998052369226137
25,224,0.14366682589523805,0.8136469732156671
25,225,-0.09130929328242843,0.8529786176011669
25,226,-0.9114820864501372,0.09695239250539617
25,227,0.004378470252669686,0.9937762208496346
25,228,-0.41949666657845164,0.4297715198693607
25,229,0.22696202472244664,0.6698321680606437
25,230,-0.09255130349080432,0.8701033487059505
25,231,-0.07075411562177969,0.8688948281562092
25,232,0.4833929670860524,0.37152811822646903
25,233,-0.4076501936768011,0.45072491088840777
25,234,-0.09092465691565188,0.8889068563603213
25,235,-0.7256480683698827,0.17561326290617496
25,236,0.1498674637971078,0.8094567144680891
25,237,0.3024947080334961,0.6589612245062862
25,238,-0.03496150689260169,0.9420255060099425
25,239,-1.34023611287963,0.0817379847881401
25,240,-0.16368353385255752,0.7702467472544592
25,241,-0.1848575208341945,0.7679193360725197
25,242,0.12653082105788194,0.8351281314993515
25,243,-0.044241182162734205,0.9356247822410315
25,244,0.17279131030332628,0.7645301314692174
25,245,0.03430750513335212,0.9654242521518422
25,246,-0.0480590563342691,0.9411296366208595
25,247,0.28315450329994185,0.6990377151175632
25,248,-0.3354788904516708,0.545525276222562
25,249,-0.4467471542282926,0.4130471547083359
25,250,0.6843076340142655,0.3858584181036474
25,251,0.019485458951100654,0.9542459646575294
25,252,0.4884252681349146,0.38820934611059194
25,253,-0.44453613771575107,0.36755047253520434
25,254,-0.4960601331803538,0.3367968245402986
25,255,-0.05163257205587435,0.9179119886225272
25,256,0.08244213202073247,0.8756927707707935
25,257,-1.133236463442918,0.06256766071757701
25,258,0.8258234278267143,0.09219535298637269
25,259,-0.9294953595358759,0.25005310913622675
25,260,-0.4260413477485141,0.2185305662996514
25,261,-0.4056183255307513,0.5286593988787934
25,262,-0.7583140234040009,0.10203405685061205
25,263,-0.20997949667801752,0.7362517833843045
25,264,0.27370139445055663,0.658851214004744
25,265,0.2722748543759259,0.6253391176025007
25,266,-1.3787829112153025,0.022616794760018613
25,267,-1.1935795902728135,0.028276073186511617
25,268,-0.22524913420706483,0.7062920119608217
25,269,0.1848767972406531,0.6757358534682537
25,270,0.34751886125285125,0.5693670082015918
25,271,0.4581549288474207,0.3858005909790915
25,272,-0.20278379102048127,0.7196460268012559
25,273,0.10953479500682839,0.8152783649462597
25,274,-0.291112920114168,0.6911646585940685
25,275,0.20564694252487925,0.730192704517835
25,276,-0.14930246652899015,0.8186422157084795
25,277,0.4875055573512679,0.3647479826606621
25,278,-0.10764933929775111,0.8652654238929324
25,279,-0.33451027321046034,0.5295826243291957
25,280,-0.7770149377598505,0.2547129662743608
25,281,1.3860350784619673,0.11117449442524549
25,282,0.008800554129379634,0.9859712196379933
25,283,0.14574063600421638,0.8260474178411229
25,284,0.18558710331790174,0.7536835553957006
25,285,0.7175078725073103,0.21821625172597128
25,286,0.38629813264309654,0.4059818293144479
25,287,0.058793272026420595,0.9166526782682514
25,288,-0.5536885957100548,0.486840616813685
25,289,0.9774935968489951,0.05651984966282946
25,290,-0.5367698030836383,0.20302417513206697
25,291,-0.07946784971931109,0.8674818492251517
25,292,-0.12007306145282826,0.8186176644288007
25,293,0.20558082308837378,0.7366284411672064
25,294,-0.24403452882524768,0.5239545708965987
25,295,-0.5167971274006486,0.3414973927883558
25,296,0.5576209091363644,0.21962392651411283
25,297,-0.2607702568638608,0.7031411310476859
25,298,0.030611621475202355,0.9532837534486983
25,299,-0.6522270045819996,0.2145678669764893
25,300,0.028083740073046926,0.9657942434284973
25,301,-0.5185432853952792,0.30498628829973773
25,302,0.30895401255579635,0.5818541454231463
25,303,0.16743318008347252,0.7191110084296066
25,304,0.14059569087974744,0.7731072407763315
25,305,0.28181830039282296,0.735824835064812
25,306,-0.4081815529546784,0.5062703438589019
25,307,-1.4643675228545163,0.003928563756972007
25,308,0.06581773256853118,0.9264624413340353
25,309,-0.04873387395247519,0.9353464297986577
25,310,-0.6292335561028377,0.32056887989560007
25,311,-0.7395908675264522,0.11528575463176485
25,312,-0.8284595798693424,0.1419037875258174
25,313,0.39275115397866855,0.5159703431881426
25,314,-0.8478275330966705,0.19901499885451596
25,315,1.0780997952095444,0.05890183968077036
25,316,0.006296764960463719,0.990319804998057
25,317,0.2859979953878753,0.7125814696490114
25,318,-0.004641013820481987,0.9937060751368862
25,319,0.23105533962670677,0.6340501195133293
25,320,0.3330321154305267,0.5810611685587143
25,321,0.27940273946485306,0.6709028818712555
25,322,-1.118268218077242,0.10679813059987843
25,323,0.06531501949370977,0.8917550589619122
25,324,0.02281524531733581,0.9690204712058008
25,325,-0.24607555053921715,0.6560774433015849
25,326,-0.7211274180307843,0.16626708205977989
25,327,0.09401259638695425,0.8893398062761548
25,328,-1.256176188804199,0.10170830186059354
25,329,0.458570084267949,0.5165870894274777
25,330,-0.2779952823883196,0.7466915607026933
25,331,-0.3890003122486547,0.41957742475570525
25,332,0.6490704443289275,0.36801491122329294
25,333,2.0105093117875867,0.0025614753953112812
25,334,0.34790530299800615,0.4571862410450832
25,335,-0.31232051037928166,0.4776887588082964
25,336,0.7474363180152928,0.13592666584382918
25,337,-0.2927990580394475,0.5881212922000845
25,338,-0.048122072846462416,0.9284106637040433
25,339,0.2069656060917353,0.7486379120147618
25,340,-0.7047967903649717,0.22785793665137521
25,341,0.15652639126040135,0.8495757993384988
25,342,-0.18443317590349118,0.7848249410504196
25,343,0.09316330530207395,0.8833089075306375
25,344,0.18204189942788673,0.7093642862389674
25,345,0.45890528423694654,0.4989905260354591
25,346,-0.12610978219293933,0.8053855440748116
25,347,0.18703817850058435,0.7354988909220641
25,348,-0.27285406683057545,0.630286897795976
25,349,0.01122428548947596,0.9850535491450811
25,350,-0.4846868229917405,0.37499196864374496
25,351,0.17304668912138332,0.8251236533237115
25,352,0.10234695767811175,0.8610303949957916
25,353,-0.5218733020131987,0.42909595660762
25,354,0.0742097382023168,0.8952158040408676
25,355,-0.5367754413596781,0.27335622281759253
25,356,-0.8723929635563348,0.17566699891250878
25,357,0.600603086010068,0.49342560247984074
25,358,-0.18766177349193747,0.7379239899925011
25,359,0.820509014362699,0.16905731121585166
25,360,-0.8294836211257284,0.18323269189092609
25,361,0.42115731930257816,0.42884098622832045
25,362,-1.813976537920042,0.005368667211835601
25,363,-0.012274221131681529,0.9768880244301005
25,364,-0.22873340792792174,0.6878908042245951
25,365,0.16057411933712373,0.725245092712101
25,366,-0.8185642467869183,0.19978172531377356
25,367,-0.0372344530185984,0.9570296170004859
25,368,-1.0222286778774894,0.07282320643731231
25,369,0.3204718885948452,0.4791012379104378
25,370,-0.5687186704539915,0.30276002944220964
25,371,-0.23534193632680278,0.6121235954598766
25,372,-0.29286136820282493,0.6728675935634812
25,373,-0.18023585268801678,0.7661703972441549
25,374,1.2071772349144325,0.05496817203514648
25,375,-1.103296923025928,0.09096647898824986
25,376,0.7590221051334556,0.2521862364447458
25,377,-0.3490901380197773,0.42136853300577387
25,378,0.342066485881519,0.5324783374916627
25,379,-0.6401549466253407,0.39337035288657146
25,380,-0.22288248331519522,0.7507210323459095
25,381,-1.087842148807498,0.12150153186491001
25,382,0.3319622712685302,0.6158534043331663
25,383,-0.7320836193416547,0.1902594497679632
25,384,-0.15693387533702463,0.7718836183456778
25,385,0.4286488701015063,0.4431465968644392
25,386,-0.14056616595571647,0.795974630620173
25,387,0.36550051062248023,0.5766942022160921
25,388,-1.4627868273275126,0.0338432195873137
25,389,0.6999463153639214,0.3157538986545731
25,390,-0.24049669641047977,0.6621453688960608
25,391,0.2694511428141855,0.6285712090927149
25,392,-0.9916020579922087,0.06343110415232109
25,393,-0.14546551652130368,0.7604566934330279
25,394,0.3030349066579934,0.6562632568601104
25,395,0.16072660330447697,0.8374177148892903
25,396,0.321362007297779,0.6114163417118499
25,397,0.4418461896378414,0.32711093895454063
25,398,0.5946238832875537,0.465453001182125
25,399,-2.039502193350923,0.00039567463789533653
25,400,-0.4914232968150172,0.4267505137306165
25,401,-0.6871941925900327,0.2747286000985164
25,402,0.11445925446505445,0.8483756551881273
25,403,-0.7038485152632123,0.15669314778774582
25,404,1.1094820502529537,0.10740787320731028
25,405,0.5073437117458006,0.3365917675935586
25,406,0.4743965983874272,0.35304358578488887
25,407,-0.2947550158032364,0.5771166166184535
25,408,0.07490513046532143,0.9200369431139664
25,409,0.4995159787054746,0.38898337240931674
25,410,-0.13931364865650941,0.7807869868053402
25,411,-0.3067435091976791,0.5096922058533359
25,412,-0.8477161580657064,0.2218632783246589
25,413,0.10260802718712014,0.8917645864294629
25,414,-0.6554789293012266,0.36756409830563896
25,415,-0.6603259106919372,0.2999896279849597
25,416,-0.3714803762999601,0.47843472605309906
25,417,-0.104801588863495,0.8461868543862654
25,418,-1.2500350612938433,0.06317019576260251
25,419,-0.9452574945513428,0.042237020652956196
25,420,0.19108763841532372,0.7326421583139103
25,421,-0.3714646843412499,0.5231001353705934
25,422,-0.5866818540200702,0.3059751037187095
25,423,1.0303661766395535,0.0637153000541567
25,424,-0.3137227455240925,0.6489519760140118
25,425,0.2485685967670399,0.7082365631277102
25,426,0.46935273929002364,0.3378415117672425
25,427,-0.020424558162771334,0.9656618921227752
25,428,0.804488576617679,0.2187570681835487
25,429,-0.15654665881005592,0.7688823364509157
25,430,0.9955113063564252,0.07686797356746909
25,431,-1.0826930449479164,0.10415955402731196
25,432,-0.18037585333965644,0.8418421530057814
25,433,0.2422815547464623,0.6638934854251102
25,434,-0.5035928072521898,0.4742338451045486
25,435,0.14218299379129817,0.803260457702493
25,436,0.6206295403640016,0.1460007873779813
25,437,0.0387008797293209,0.9535651345633036
25,438,-0.7353393879548458,0.35981563076249073
25,439,-0.5903986816502655,0.18993554783390953
25,440,-0.38254682823150254,0.43828806674652204
25,441,-0.2880480529995406,0.7167626299960476
25,442,-0.8540287294121702,0.13086475636907743
25,443,-0.7848985794164136,0.200704164011478
25,444,-0.3442688940729095,0.6298565997091193
25,445,-0.8541612291428766,0.07701522476221707
25,446,-0.39280864615781486,0.43812114687169124
25,447,-0.6060554962552454,0.33641256938637537
25,448,-0.764072866179518,0.0929554191139585
25,449,-1.2867446852921853,0.09471188456188281
25,450,-0.91490308022943,0.18996763810700737
25,451,0.2361259124568278,0.5472141811281463
25,452,-0.3223739072578855,0.5523315057379568
25,453,-0.6605087607398499,0.256976736168938
25,454,0.33618644153806265,0.630606580914225
25,455,-0.445331386098446,0.41236757522089657
25,456,0.1557143720064733,0.8145706753663418
25,457,-0.16033108592141865,0.8002452199059434
25,458,-0.6395970328648142,0.3264760507814927
25,459,-1.022482219550513,0.10101315521214556
25,460,-0.5551008075329529,0.48861674429262314
25,461,-0.8949443465727391,0.21211683413525648
25,462,-0.14102976144350166,0.8205575239327755
25,463,0.019532508833215445,0.9750391563349534
25,464,0.5033576199759509,0.4702190757101289
25,465,-0.3509006029464281,0.5573877448448556
25,466,-0.15556039493077556,0.7426176378330905
25,467,0.10798693316578323,0.8256137549125636
25,468,0.31164244993341406,0.5670018740166711
25,469,0.4156538993222103,0.5623346140084108
25,470,-0.28767647254146667,0.6249259552513288
25,471,-0.4400811068252706,0.6096349064190396
25,472,-0.25014415695937053,0.6232750543783563
25,473,0.24361338688252765,0.6029335576588202
25,474,0.2670313794033703,0.7205637534408934
25,475,1.1700008581396606,0.1305479780711515
25,476,0.12199544929779904,0.8429867187029731
25,477,-0.7952360226669146,0.28023396912500703
25,478,0.687512159983358,0.162101384010156
25,479,-0.8567802535623246,0.1307662197441567
25,480,0.09574653392934707,0.8906773487056762
25,481,-0.5333248232004371,0.2086990438833159
25,482,-0.7615422564901833,0.4602869371008809
25,483,0.001127311482613358,0.9987908761602493
25,484,0.30552647809852473,0.5856275067695076
25,485,-0.8092327438129141,0.20436040406995576
25,486,-0.012179550185333454,0.9890436009021936
25,487,0.016428667646694706,0.9785480667383634
25,488,0.2940927884549964,0.6764328936212465
25,489,-0.1762952926436565,0.7626551587648785
25,490,-0.8781891944722133,0.1589716339248102
25,491,-0.6560987333601096,0.1228464449078745
25,492,1.1559178501047587,0.10548350092658473
25,493,-0.7429941637849202,0.13425746947408268
25,494,-0.9495544391315995,0.12212232462451356
25,495,-0.4296399485806379,0.5295762272260707
25,496,-1.0335229949886635,0.07660718743272377
25,497,-1.5597708505088939,0.022916313668549664
25,498,0.7208732714123034,0.2540422178267166
25,499,-0.01267891157295331,0.9830922460450495
25,500,-0.248568832851209,0.6526358426157196
25,501,-1.009789463678107,0.031212516903730288
25,502,0.4440828056928048,0.46849236277126044
25,503,0.049354280265145434,0.9349739705919192
25,504,0.08677793074045859,0.889564721875884
25,505,-0.6650679633946206,0.18860454382391137
25,506,-0.15440874528240567,0.7579043714952761
25,507,-0.2930965149794229,0.6756283436034988
25,508,-1.2553542848092256,0.006942272228509752
25,509,0.5330949231372095,0.40694769303341444
25,510,0.01596197928515508,0.9652171934674699
25,511,-0.45880775477296787,0.38993320978760954
25,512,-0.016706114083380186,0.9831115197504615
25,513,-0.457751456190576,0.38011083063628265
25,514,0.11843841005715383,0.8187130699210601
25,515,0.585582551897387,0.26391441407169675
25,516,-1.307207131208357,0.07861900359445746
25,517,-0.6846237402770647,0.19779693537167728
25,518,0.0534176200829064,0.9158194906074697
25,519,0.09644899659379469,0.8931240676178347
25,520,0.6736792189520635,0.23210878477590952
25,521,1.691756452295344,0.01329110850274062
25,522,-2.0044691094009552,0.007503308996414049
25,523,-0.7060411988105706,0.28271886346881114
25,524,-0.406497753126807,0.5766226781835674
25,525,-0.5306450262544624,0.5073718772843144
25,526,-0.5557039899268963,0.29098425301199177
25,527,-0.45074005168793363,0.4168747409056223
25,528,0.009670863815442132,0.9862366419464603
25,529,-1.4828883326972244,0.01574574579403178
25,530,-1.757034498853189,0.010628863280781574
25,531,-0.6015712820793038,0.22889494214518916
25,532,-0.35736178312776445,0.4752557315032087
25,533,1.1088061070652202,0.018643584371149217
25,534,-0.4419179319750359,0.33416746210501524
25,535,-0.6002399922468822,0.3946034001578344
25,536,-0.8914557220020018,0.053799880108742586
25,537,-0.7562857111260719,0.09764980962036315
25,538,0.05685055289446517,0.9331188094240462
25,539,0.02541479879064923,0.9437688154115736
25,540,0.3791211446896767,0.5398258887807795
25,541,-0.8562516737989938,0.16412548555966425
25,542,-0.6660708985726851,0.3292850022661695
25,543,0.06412844883386626,0.911051784423129
25,544,0.8750041351465381,0.1305516629596472
25,545,0.11169782795723293,0.8346268137370566
25,546,-0.9069450845696134,0.16159713110698673
25,547,-0.3198849246593465,0.5159959512033124
25,548,0.3071772820928391,0.6965852337977912
25,549,-0.30774428188638137,0.6851551722767287
25,550,-0.6314025023196468,0.3647933034348795
25,551,0.617489505036735,0.37138519994205055
25,552,-0.016521619391989262,0.9745849883095209
25,553,-0.6564946110432723,0.34280261458971856
25,554,-0.7471483009575799,0.05699509346121964
25,555,-0.11214858072032108,0.8575934759811924
25,556,-0.384090177017514,0.6512285605414767
25,557,-0.11820988302291013,0.8786434975003105
25,558,0.4072816529782042,0.4924451657283524
25,559,-0.2909967343692941,0.6434943139637302
25,560,0.3207505317665973,0.7199547871321705
25,561,0.3510704424288855,0.5218930395658911
25,562,-0.19901178167724254,0.6743996756919858
25,563,-0.5106168405351497,0.4221350787848553
25,564,0.1765527631408581,0.7985130144813435
25,565,0.1321008830919137,0.853696496672335
25,566,0.4736801612363948,0.4414830605228968
25,567,0.6537952080459632,0.5276103484178076
25,568,-0.18006082779221622,0.738215148928264
25,569,0.23826378662581682,0.5851766975652013
25,570,-0.17404559481744997,0.8073003173101675
25,571,-0.8014906493476222,0.273025514411256
25,572,-1.1978124749006298,0.020295470419860375
25,573,-0.7325460501036893,0.2977470787818063
25,574,-0.1332602376984129,0.7813769961486067
25,575,0.5617601313057055,0.21370983872335864
25,576,0.04603785815039174,0.9393488830266197
25,577,0.1065725328586522,0.8403730383303964
25,578,-1.3256269810268697,0.04347204070872752
25,579,0.9978227070391643,0.08870754945787175
25,580,-0.7297465831601286,0.15225325409469567
25,581,-0.7597660129962573,0.156505652747432
25,582,-0.23703691478119815,0.753225701377149
25,583,-0.8730662786707875,0.15087369522809918
25,584,-0.8950040034918603,0.1536785037027652
25,585,-0.40293853843337857,0.4925596970652326
25,586,-0.047777896038816436,0.9142570638523886
25,587,-1.027682160181337,0.13064437972924897
25,588,0.23012435611808613,0.6773362940050127
25,589,0.10561716623578121,0.8140367377095471
25,590,-0.5935358965615469,0.46095387822987705
25,591,0.0977830467399663,0.8737734354769555
25,592,-0.41433897720476587,0.4007342067234697
25,593,-0.7186717265696805,0.23964426208387737
25,594,-0.4637810875403172,0.5239718247580825
25,595,0.14954483609634295,0.7814415400839009
25,596,0.024833479676553694,0.9583649635052766
25,597,-0.383190425422419,0.5564639221104635
25,598,0.5381487739523791,0.4698180443586499
25,599,-0.13416750947900624,0.8540122765354158
25,600,0.0581455906025532,0.8750341735157044
25,601,-0.25379715050585006,0.7109158067152029
25,602,0.03474769141390688,0.9517311185244337
25,603,-1.183429012717374,0.05741980829774055
25,604,0.729112998328409,0.160954506322101
25,605,0.23297606351537503,0.7249766042238136
25,606,0.5028386846106159,0.28353099986161573
25,607,0.25301478908946073,0.7033215213222809
25,608,-0.7463409955926146,0.17230713194092287
25,609,-0.8278306927351329,0.15040571897702673
25,610,-0.2998982880612857,0.6013320096473053
25,611,-0.5077398633552548,0.46514643911487574
25,612,-0.2253698633988357,0.6881524815478565
25,613,-0.9626429150890408,0.12342935247319227
25,614,0.7259905225762449,0.2237132549562527
25,615,-1.3165968442790978,0.025165980822923695
25,616,-0.3255653761704398,0.581875044025496
25,617,0.8220364825114697,0.2465187894170738
25,618,-0.24657412090300568,0.693897392640106
25,619,-0.04613599770341281,0.9379254031983755
25,620,-0.11614008095698836,0.8283580497155172
25,621,-0.0747918450689653,0.8786169546002387
25,622,-0.37819164433977726,0.4925856881323688
25,623,-0.9287630675670258,0.09644828320421632
25,624,-0.5551885357683641,0.22447859481486232
25,625,-0.05585533967647649,0.913078344833367
25,626,-0.3412717836137702,0.45286853567883434
25,627,-0.7080941649139199,0.15793431987259704
25,628,-0.5268558402300396,0.44426168791222154
25,629,0.7837351364008036,0.3639169633913434
25,630,-0.2479915144259781,0.7051123847079157
25,631,-0.10196254628095414,0.8519412251681783
25,632,-0.8624736075765149,0.14071951787351608
25,633,-0.4145947859122572,0.3642408000750256
25,634,-1.646821277932215,0.02381381076375658
25,635,-1.0907190779021771,0.030344654994052974
25,636,0.7841626177885885,0.1884387865292389
25,637,0.3303326423316566,0.6322571442578427
25,638,-0.04183144428969143,0.9404087497306339
25,639,0.21844894559482952,0.682627542304759
25,640,-0.9209367794126422,0.08879242620521853
25,641,0.05663850114489222,0.9257510615790351
25,642,0.377515501779369,0.43541557983144474
25,643,0.006790436391131749,0.9920095191761741
25,644,-1.198595134185406,0.017569003401868875
25,645,-0.5144880708914314,0.4508838431478685
25,646,0.18508050710506296,0.678179637308653
25,647,-0.4688585255451523,0.47810022463890534
25,648,-0.9147815942452162,0.1183135522785949
25,649,0.5829077123131743,0.409003338830792
25,650,-0.1836663998134327,0.6617094556768196
25,651,-0.9832978996898065,0.2040711152215323
25,652,0.39666906085878395,0.40459906851958266
25,653,-0.594603395156553,0.30227823704590684
25,654,-0.950296398382326,0.044935063196606395
25,655,-1.1840889363398386,0.03440314194265706
25,656,0.16323839493147574,0.7298346750660559
25,657,0.564629591933171,0.46398526383492056
25,658,-0.25123921086367496,0.6502472279967205
25,659,-0.5504840049067585,0.3876646545322533
25,660,-0.2865525239941604,0.6562231767231109
25,661,0.16282222295074078,0.7791135473348145
25,662,0.17042732041307396,0.666339101367031
25,663,-1.4227679039542256,0.007381515780927252
25,664,0.314148356619123,0.44495208177489
25,665,-1.9297191832034577,0.020667556570268655
25,666,-0.41862324356023173,0.4401263726675235
25,667,1.3064315348936635,0.05693268091543909
25,668,0.5507593423838166,0.2968728496683045
25,669,-0.9145658084932684,0.05489158934784636
25,670,0.13376918989753506,0.810443616450816
25,671,0.26388509566203844,0.774490574608974
25,672,-0.574854426510095,0.34956941016415155
25,673,0.23405359148266136,0.705853347546833
25,674,-1.905047434015164,0.011462927955984513
25,675,-0.6530356259705901,0.44204871743119506
25,676,-1.0218566606916415,0.0802674635865758
25,677,-0.5448457040307941,0.3086965596313486
25,678,0.38433087380427544,0.4682730499627539
25,679,-1.187726015272828,0.07178155291299594
25,680,-0.6856620919361092,0.30883000635871416
25,681,-0.9866717701205019,0.16960927738474024
25,682,0.18463533655138775,0.8124742250195691
25,683,-0.08634318574352307,0.8490005120264645
25,684,-1.1679936694975463,0.0026008242808588113
25,685,0.3863572367021266,0.4772373901634938
25,686,-0.5329395276500097,0.4389143177235853
25,687,-0.44878554479924837,0.44954906858703436
25,688,0.26544113714382966,0.6100763967452182
25,689,-0.9127585214802671,0.13929581478713984
25,690,0.8282873176837438,0.06933350362321547
25,691,-1.262594418851652,0.06935212680921356
25,692,0.059919021957025365,0.8959166449496896
25,693,-1.358955100520122,0.014789108247388933
25,694,-0.7286618259938873,0.3441132893813909
25,695,-0.03173374391808359,0.924706559433694
25,696,0.6038842135500726,0.45970000905723557
25,697,0.5754237797388395,0.22984524386569566
25,698,0.10330049050367052,0.8420031122974473
25,699,-0.2127770380216205,0.6772341366979205
25,700,-0.46972186044019004,0.40265042603620993
25,701,0.23233159938690662,0.7797999434781592
25,702,-0.43000875981414666,0.5961947107470342
25,703,-0.1830881574932146,0.7037395905661955
25,704,-0.3946067046054864,0.41147236940889814
25,705,0.7274201072319286,0.06463353702298688
25,706,0.11751146795757705,0.8890596609419507
25,707,-0.24686494525339597,0.651611462841766
25,708,0.04980336517907347,0.9276704101732351
25,709,-0.691616123618827,0.28996113029689136
25,710,0.18810880393185236,0.752843335119122
25,711,-0.42270563760320723,0.46620686934180816
25,712,0.8269875174812391,0.20159438667378052
25,713,-0.2072591945957445,0.7392784568433718
25,714,-0.8794185111007371,0.07086848664416553
25,715,-0.629219673598211,0.2663261762049798
25,716,-0.28462731207934233,0.587377909034033
25,717,-0.5754737670102852,0.3844827077477563
25,718,-0.5188910348281581,0.2852290251018336
25,719,-0.12101886214679425,0.8227656193999978
25,720,-0.059923653204542404,0.9202659368968318
25,721,0.4785544574403868,0.28503927337663026
25,722,-0.09712435285586452,0.8810670881054764
25,723,-0.5886404029299204,0.33875343449293494
25,724,-0.10869353282469696,0.8337925899176453
25,725,-0.8826709213351815,0.23247512425207464
25,726,0.27381008661340367,0.6961985821030138
25,727,0.4202667190546183,0.2625932288276647
25,728,-0.4909472388210645,0.4825170020732477
25,729,0.8333086658656779,0.12698868227410826
25,730,-0.2568943297243109,0.6730297526987354
25,731,0.030499701647134003,0.9659475920133006
25,732,-0.6481302195951741,0.29440415270636966
25,733,0.11372301689661235,0.8587122691231132
25,734,0.7298645562375494,0.169395562332705
25,735,1.0344975629338817,0.08503020637720614
25,736,-0.5913045332654994,0.3177642663042058
25,737,-0.4045786434487013,0.4516280744384443
25,738,-0.08941736074530482,0.849967104336229
25,739,0.17380437816742678,0.7952263146752429
25,740,-0.08493978254183787,0.8387080118416834
25,741,-0.2466534461637524,0.6979675235486569
25,742,-0.14686935249478772,0.7986384301956002
25,743,-0.15239508145823866,0.7487545623846709
25,744,-0.04837174072120565,0.9150856855734382
25,745,0.5058161251306306,0.3527384863336279
25,746,-0.40538209649528767,0.5275851514118594
25,747,-0.05311872712992738,0.9227467605185272
25,748,0.545324885836628,0.34836360555736195
25,749,0.2758249230697878,0.47576762136589523
25,750,0.5134405311456689,0.4500879341857332
25,751,-0.6234548799621464,0.4849572688754406
25,752,0.48238263309088225,0.4148168094875582
25,753,-0.9836390396734522,0.2261062661304346
25,754,-0.872392729437725,0.15221282938957845
25,755,0.5618546219498182,0.31983895097292103
25,756,-0.4332388393915121,0.39115627035994377
25,757,-1.143308197052482,0.04448183074485356
25,758,-0.8421901652508899,0.1627012063082716
25,759,-0.2024249162694023,0.7240589238615053
25,760,-0.26425551081663023,0.5390740527634144
25,761,0.0553541490763223,0.8935939923232512
25,762,-1.1435159944781592,0.06973102576801286
25,763,0.6467624480712768,0.27486466556861117
25,764,-0.19892933723962702,0.767873346841365
25,765,-0.4292675524403524,0.5522558761463464
25,766,0.48409055155054936,0.45784911877711854
25,767,1.0722551447821154,0.08157926893805958
25,768,0.2974527837424521,0.6896719697808185
25,769,-0.0006984561364671293,0.9991539809793429
25,770,0.05985847046477932,0.9413364068784155
25,771,0.4528884680816674,0.40118959246311786
25,772,-0.7440853390992039,0.1504685883150326
25,773,0.6725458216539657,0.21049981584949243
25,774,0.5064949562093055,0.28143928022018416
25,775,-1.1187251177617652,0.060105594349346585
25,776,-1.2241466566829278,0.0675022986208435
25,777,0.07844859407854088,0.9038841032765959
25,778,0.19155220977433096,0.7241640296672905
25,779,-1.4562041776712666,0.047437707688040884
25,780,1.5162629625651007,0.05816652265910184
25,781,-0.350231059484452,0.5953784929147968
25,782,0.05792713377472669,0.8989953098914403
25,783,-0.2556290946047497,0.5404878913587435
25,784,-1.3674033699824455,0.02734943502346837
25,785,-0.9580608340400705,0.12318280370704061
25,786,-1.1471914739919162,0.06208376710841187
25,787,-0.018885497654931527,0.974295899166018
25,788,-0.17436839387223912,0.753449652949921
25,789,0.3136644929913608,0.49425791691734644
25,790,-0.023868762897947704,0.9643758883947585
25,791,-0.22769769736146905,0.6923482349121659
25,792,-0.7909605007701117,0.19869392478407852
25,793,0.7236682296832111,0.2713178558325389
25,794,-1.6533038422408204,0.0018564247946641329
25,795,-0.8185656001009658,0.11976816511978665
25,796,0.7310193037869119,0.1016181258303564
25,797,-0.7917898336946472,0.15861948528138417
25,798,-0.4397199155295972,0.41728555894172664
25,799,0.4168310686068111,0.3347469662604846
25,800,-0.8552615411355475,0.05992121435176195
25,801,-0.5730323870113594,0.25306312851657475
25,802,0.054175998221950294,0.922339188231298
25,803,0.5550780044433754,0.24112878434306834
25,804,-0.18135664982377797,0.7206002630783532
25,805,0.9096471393035088,0.011249762881374616
25,806,0.029143407485312522,0.9639530491106818
25,807,0.03597195554097432,0.9595383802574737
25,808,1.0042034634321606,0.0461938601869654
25,809,0.6506553298702205,0.4077839490967869
25,810,-1.3056079871300241,0.02417381362643225
25,811,-1.4474723325972119,0.06524169418610934
25,812,0.476138120504606,0.46587966387961954
25,813,-0.23332372741857021,0.7348348772310105
25,814,-1.079763060274331,0.06047281346200928
25,815,-0.6905962065398166,0.2258074894401923
25,816,0.03872992097433858,0.9676848440946432
25,817,0.8064985273399987,0.2460445687547834
25,818,0.0022607535278886814,0.9970975550423558
25,819,0.17637414787377104,0.7151300271553666
25,820,0.13851817757402607,0.8197389713708447
25,821,-1.2202686223311563,0.006183125196157446
25,822,-0.10329527234979174,0.8239161064513223
25,823,0.12287623346919752,0.767452521560156
25,824,0.6837109205617882,0.38890020239439754
25,825,0.06371733569190852,0.9049694193771929
25,826,-0.8052474035305162,0.19155881364065294
25,827,-0.8509586862504408,0.2056424395549323
25,828,-1.618763327448141,0.002651775934490926
25,829,-0.11591352232781382,0.8510744460364958
25,830,-0.09124026868377655,0.833413743816031
25,831,0.8721021090724328,0.019513165730469927
25,832,-0.2143675927807518,0.5688045549741969
25,833,0.3918055403921983,0.26982069552908056
25,834,-0.32828222946284136,0.5648126616863616
25,835,0.5025949074875351,0.3147671613121851
25,836,0.649873696746111,0.2253435348956624
25,837,-0.16572754574385318,0.7643656539282423
25,838,-0.9732015588772578,0.05917894940389517
25,839,-1.2012478730329805,0.10187563423913923
25,840,-0.6231748781180375,0.08984936086271554
25,841,0.23596484067510737,0.7008280485653062
25,842,-0.2881042517427641,0.6661938393845915
25,843,0.24770464289017902,0.7438953458189825
25,844,-0.8557469227030925,0.06234195099245071
25,845,-0.008321038260469038,0.9858352361578037
25,846,0.7190873519974659,0.1262968364338432
25,847,-1.548461280005605,0.04837819338342367
25,848,0.25626808230666853,0.6806298813409807
25,849,-0.16435080229441823,0.7350038094848221
25,850,-0.015669892399068353,0.9776868008428427
25,851,-0.9978647190385423,0.05229606530171634
25,852,-0.6220067575984789,0.4679163187137781
25,853,0.035370595773006386,0.9452727958067038
25,854,-0.43194645769103257,0.4848293008002033
25,855,-0.9543563610701646,0.18983521749187235
25,856,-0.11534886540168188,0.8760404588020128
25,857,-0.5761406625542493,0.3392857796272254
25,858,0.5329740448211497,0.15057957919457612
25,859,-0.7081212750855173,0.23132471940505428
25,860,0.12770655202349168,0.8243400029197553
25,861,-0.3965823753986788,0.6177397952457391
25,862,-0.4933715591419521,0.34472325703503987
25,863,-0.5943852076232297,0.38149651644391147
25,864,0.7095300591341243,0.24541850008587993
25,865,0.06170224294581317,0.934167057418872
25,866,-0.3661242034355592,0.5637219436800321
25,867,-1.1590696692110827,0.1423835823923733
25,868,-0.29170274370203053,0.6955505254515585
25,869,-0.48178565400321904,0.44678416741949323
25,870,-0.21431493732407603,0.7670241834982711
25,871,-0.13936362982839512,0.835750181753066
25,872,-0.17910730929699348,0.7719923570465416
25,873,-0.5168922559720137,0.5010156959315789
25,874,0.28502295919613374,0.6524067684268497
25,875,0.310439287392704,0.6863737245510514
25,876,0.472553249678354,0.4193658706647467
25,877,0.2960437215562308,0.6605631737044118
25,878,-0.32924577281448464,0.6197044119355413
25,879,0.3855783253540128,0.5877660728658798
25,880,0.47117604639632127,0.43598601514069885
25,881,-0.6020614966581714,0.3115708606506373
25,882,-0.47853113753212995,0.2814619791741741
25,883,-0.32215711119244617,0.6370262855391945
25,884,0.20192092443327603,0.6890970253393044
25,885,-0.05815955539247497,0.9319062267403024
25,886,-0.29035015623387217,0.5944492028438076
25,887,0.6664418513221655,0.23276503558828107
25,888,0.186590996518337,0.7828754378948558
25,889,-1.2263694680766557,0.13642366718249418
25,890,-0.7980100875642702,0.21755650533092546
25,891,-0.45248430172148524,0.43853497632145905
25,892,-0.3819499007908531,0.4947513063702054
25,893,0.9900059774042838,0.17793700569441878
25,894,1.4428427959685273,0.011441366116756956
25,895,-0.388831051694309,0.5909308894973464
25,896,-0.4753400504049239,0.19118463569627311
25,897,0.03575705379510552,0.93917988628627
25,898,-0.10922841701483588,0.8514484506396746
25,899,-1.205260610641317,0.08554800994339168
25,900,-0.6226538386406375,0.21028832821476004
25,901,-0.3021305786136459,0.6165148493132259
25,902,-0.7092944286900007,0.20365823415533016
25,903,0.1070176161839882,0.8052794860192158
25,904,-1.5042320096824788,0.03455761630166965
25,905,0.20843461126548135,0.7044978873855914
25,906,-0.12861992723002036,0.7718268277223901
25,907,0.6515419122120925,0.30836430251282665
25,908,0.5221641566087332,0.39573010617864945
25,909,0.11001751264120507,0.8297601977484202
25,910,-0.754040728394501,0.1839568282850534
25,911,-0.1452923544554352,0.8166287198296259
25,912,0.20045799785964924,0.7220737462885282
25,913,-0.6370211283787786,0.11950392659747347
25,914,1.368919698396681,0.0888939766003763
25,915,-0.5931644771354296,0.3267473242110978
25,916,0.6522341522966295,0.12066400576098732
25,917,-0.382107068626536,0.5222687607711344
25,918,0.30806050330921764,0.5704373358573441
25,919,-0.32754234459643694,0.5410907779192375
25,920,0.2927124864281083,0.6148548524439325
25,921,-0.31871072663141753,0.6765656963426984
25,922,-1.4383706944822539,0.0229685791554704
25,923,-0.28426644623178543,0.5479925026722123
25,924,0.578634609242787,0.43971777174025084
25,925,0.6561139164054932,0.26420455162430134
25,926,-0.03867500363431198,0.9364204629770377
25,927,-0.6487245365976113,0.44483353038887935
25,928,0.005948500884564112,0.9882935725233545
25,929,-0.7214888519957317,0.21785697002289273
25,930,0.1284427256903511,0.8538558943642495
25,931,0.16557653834348507,0.7518569327961838
25,932,0.14690082569245533,0.7720129186159647
25,933,-0.22400566611182704,0.7206674085279806
25,934,-1.543162384143641,0.011550011870912645
25,935,-0.28270837820669925,0.5346022044647478
25,936,-0.4746245855670761,0.4374807281005702
25,937,-1.0843368675213805,0.12151540047562148
25,938,0.6264149082887176,0.23617101660621662
25,939,0.9974411288488891,0.1233400526492948
25,940,-0.011765034554626297,0.9798179661172485
25,941,0.10756569129335425,0.886215847958083
25,942,0.7681611856604373,0.141465912981207
25,943,-0.9952551470649853,0.08615075113782669
25,944,-0.09225500515074181,0.8857443635122492
25,945,0.6074444951810545,0.3008195642427556
25,946,-0.4980929573295505,0.4566683154685613
25,947,-0.41900250809592876,0.40960304747738085
25,948,-0.06157429214146859,0.9001435883066478
25,949,0.04424192560817808,0.9473539444635162
25,950,-0.32613115006745375,0.7051227158769701
25,951,-0.5130620294069352,0.4194724711812458
25,952,0.6383273513675372,0.3222377576847963
25,953,-0.15114540343581417,0.7725534089974078
25,954,-0.5860567530281395,0.21672211639373645
25,955,0.1683270580688987,0.7964922873916742
25,956,0.15791984543849402,0.786849553979919
25,957,-0.047197486136534295,0.9294624094575796
25,958,-0.2719361150306483,0.636960631028889
25,959,-0.0659085063841447,0.9236665724715464
25,960,0.6616937566158239,0.26011135653219136
25,961,-0.035818214915884994,0.9425632045861319
25,962,-1.1775229244767083,0.02795027560421198
25,963,0.6884394915693637,0.4049709088319375
25,964,-0.11610766913180193,0.882058181066194
25,965,0.02005267012410883,0.9780102799837704
25,966,-0.7327514761400415,0.10306048207748875
25,967,-0.11138352209723479,0.7770400739396368
25,968,0.7838088307207887,0.1911242499601546
25,969,1.2241206537399059,0.06801252846295355
25,970,-1.08916324454405,0.05595991177463263
25,971,-0.2532097747353763,0.6541404269659402
25,972,0.20969065308709567,0.7193909454960805
25,973,-0.5478358256034825,0.21242839691754753
25,974,0.17117481360202902,0.7749407928676887
25,975,-0.01444061439638844,0.9818233617035595
25,976,-1.054518146153998,0.1777714772840734
25,977,0.6914893455492575,0.30527761119734625
25,978,-0.718617221842548,0.2094554789536289
25,979,-0.144252509961027,0.8595420557008783
25,980,0.27531170840550256,0.5412189376943181
25,981,-0.8871007610604948,0.2791499280299266
25,982,0.08682641084066312,0.904586762024928
25,983,-1.0184885068470004,0.07866434369716294
25,984,0.6311111786335761,0.22393106507479052
25,985,0.018341015083638723,0.9624456389226381
25,986,-0.1667548040064073,0.7246269563723627
25,987,0.4322433027885282,0.47696676263471877
25,988,0.23438962827675436,0.7067650978106335
25,989,-0.32830169229849027,0.639105746631361
25,990,1.0310520430906447,0.048546146426110034
25,991,-0.2153932707276791,0.694748097534524
25,992,-0.8124733429403843,0.1998300301122105
25,993,-0.8886183076329424,0.1699783630150967
25,994,0.17476456344815183,0.776685896866713
25,995,-0.4372881617721518,0.5066386967169185
25,996,-0.9194698048820289,0.16621472557942693
25,997,-0.21795276273540942,0.7096676902249763
25,998,-0.6496719637334607,0.3230184818230255
25,999,0.8518932592142949,0.21530551971927445
50,0,-0.5800024724081823,0.15766932647243753
50,1,0.11772295349236117,0.7688715824636647
50,2,0.3897313783466636,0.3530001373959527
50,3,-0.08251530025807963,0.8649256460176955
50,4,-0.33665311639447637,0.40547256008118193
50,5,0.17887292346866346,0.6369613505387389
50,6,-0.847984867955744,0.013434086952765418
50,7,-0.61037493008428,0.13741674605777804
50,8,-0.11572857960688943,0.7805483157595114
50,9,0.07588512929357805,0.8160253765310904
50,10,-1.224811513558957,0.0008795622954447613
50,11,-0.3533057760228182,0.35057136042000986
50,12,-0.16523301182356054,0.6888120630858844
50,13,-0.651244865257965,0.08281976924797393
50,14,0.09900614017123033,0.8037565146641638
50,15,0.5305015053888837,0.2619156823221699
50,16,0.36290124547919334,0.3177488633683264
50,17,-0.22688588763371165,0.6048543456662808
50,18,0.783451067590919,0.11413249393763687
50,19,0.15026102923302354,0.7169498029103066
50,20,0.3575357296955666,0.3717505176738042
50,21,0.6030964297689625,0.11767197745975784
50,22,0.124090800978788,0.7323200329734781
50,23,-0.07990178532793024,0.8585463319637805
50,24,0.1671083979044159,0.664597045119627
50,25,0.17786570329932871,0.6148721836182871
50,26,0.03408657255779346,0.9395957373000778
50,27,-0.02757670899428888,0.9346051088482613
50,28,0.3256778139132521,0.3252568220491244
50,29,0.667431779059708,0.06262841885190457
50,30,-0.10188089238349995,0.7696521800266685
50,31,-0.475810717649642,0.1809529811450422
50,32,-0.14668247698852177,0.6087693818273295
50,33,-0.03770010294574,0.9162547381546458
50,34,-0.20241303262946353,0.5955804174034601
50,35,-0.058106266206061186,0.9011979477189088
50,36,-0.6714801374478601,0.09497771180453528
50,37,0.14304420736358026,0.7775432754357768
50,38,-0.3459729465072545,0.41760324345178385
50,39,0.07894278052936343,0.8607103110578562
50,40,0.5033683793978696,0.20497083117749723
50,41,-0.3687829311143833,0.5088809140592233
50,42,0.06197545416975814,0.9001535247787092
50,43,0.4064300981901763,0.37306332910963014
50,44,-0.08825304889893815,0.8255014397303511
50,45,-1.1008973134842535,0.0035249129502695807
50,46,0.5352157904618569,0.12558806799162683
50,47,-0.31739427728014924,0.47788438267272365
50,48,-0.25803516977127927,0.5197404598742604
50,49,-0.17998032507348505,0.6479138828045103
50,50,-0.18940028217644667,0.6094504623538415
50,51,0.6785594843000009,0.07517383394063165
50,52,-0.6335653117936957,0.05941954369507633
50,53,-0.1397893410569857,0.6615449770363299
50,54,0.339018434794105,0.3386176692487662
50,55,-0.1254830350465923,0.7626676554755334
50,56,0.48575945957274946,0.23940521094104703
50,57,0.11552549726304662,0.7292952401609337
50,58,-0.7637771708908048,0.10805157600104195
50,59,0.10351308706751539,0.776484086615294
50,60,-0.6436568546947079,0.06286531048437934
50,61,-0.3495902310778014,0.4186109796466632
50,62,-0.5312154515569336,0.24609101569394187
50,63,-0.8807156320473633,0.05451705245185522
50,64,-0.4890545838286897,0.23541334110854112
50,65,0.11610169371214063,0.701731057159479
50,66,-1.8103795514042833,0.0001798644492777121
50,67,-0.297643521331886,0.5245943062019134
50,68,-0.24141949006197727,0.5424362649578816
50,69,-0.5545344227831119,0.22804982282790645
50,70,-0.5972362047343989,0.22221210690269602
50,71,-0.7484346232114483,0.132181698903231
50,72,-0.111448469028252,0.7857247560655065
50,73,-0.3737949968142509,0.32843344929096285
50,74,-0.9115484288042532,0.031405705943824525
50,75,0.20960475656190347,0.6011004815918152
50,76,-0.31469853574991546,0.4169237249431758
50,77,-0.05205216021515646,0.9101220728915401
50,78,-0.20902571933823566,0.5834973370145059
50,79,-0.2755947657943434,0.3779368030749072
50,80,-0.7715320730070196,0.02486646598632501
50,81,0.191794959202074,0.5904039394827211
50,82,-0.0516676087596899,0.9153972727386703
50,83,0.14140321139710288,0.6848496488904343
50,84,-0.30731098193679784,0.4351938716753724
50,85,-0.5991829314792536,0.09224708483946052
50,86,-0.5701714250766958,0.06677049469953995
50,87,0.029308689631827534,0.9177815859177817
50,88,-0.2729333957928297,0.5260746490910483
50,89,-0.7043694788367194,0.08466397666970998
50,90,-0.543367783501032,0.13733686949863133
50,91,-0.09614703242836953,0.7752008554660308
50,92,-0.7223636639198201,0.10265582114658135
50,93,0.1658657568390094,0.582985527709721
50,94,-0.4439329261753109,0.2473339636642244
50,95,0.26010822107256004,0.5266482179377114
50,96,-0.26305619218509513,0.4680191819319661
50,97,-0.25451748371470373,0.5662354596401297
50,98,-0.38873015895483043,0.36578334516646616
50,99,0.5075014935314606,0.17752629308994466
50,100,-0.1741142481137654,0.6268861231124805
50,101,0.09975208763480659,0.8148866680939287
50,102,-0.15455115819240106,0.6588430057867615
50,103,0.9037414917495639,0.03187611758983162
50,104,-0.011603495865006863,0.9730694117031666
50,105,0.024930172187618282,0.9416415435490838
50,106,-0.06921427427838545,0.8386024435082559
50,107,-0.1802514481532258,0.6386889883849605
50,108,-0.5151298607125341,0.2897506772347824
50,109,0.25261592879659744,0.547564062118255
50,110,-0.05317113605054136,0.8922225104249181
50,111,-0.29564249778596974,0.499210272739277
50,112,-0.931078900784482,0.015039636815266507
50,113,-0.12641416179692833,0.7395313112083128
50,114,-0.9569212225431123,0.0040624164622142375
50,115,0.1697960038074804,0.6804294954994999
50,116,-0.06337778027781482,0.86324386011086
50,117,0.10231426941030186,0.7581662957307315
50,118,0.23976835388183204,0.5352817139843361
50,119,-0.43852804966558345,0.3032484604037463
50,120,-1.0523516952498282,0.01289519087863887
50,121,0.8247205207526793,0.03766505153468095
50,122,0.36467521108862755,0.26604571286892065
50,123,0.269611287481748,0.43233747243715237
50,124,0.05774583581001913,0.9010521407809899
50,125,-1.0558580535523427,0.018336524699499257
50,126,-0.39881684127232475,0.2800130155540237
50,127,-0.10473530010572674,0.8087120063645925
50,128,-0.1508460830428202,0.6710586764899918
50,129,-0.7182007247366045,0.0943701007398976
50,130,0.003357957459282801,0.9921322213365381
50,131,-0.07956770101320743,0.851544931195642
50,132,-0.035929132933388175,0.9083488447432905
50,133,-0.1417218934975093,0.7544984273529125
50,134,-0.17914653713684814,0.6311385579285027
50,135,-0.14795978032821466,0.7503402372555938
50,136,0.37527952142289056,0.3197575409512745
50,137,-0.42164519713182713,0.24480255789153216
50,138,-0.2372869049230104,0.6049801179616484
50,139,-0.40335417886498703,0.30755906277145834
50,140,-0.024016157390763127,0.9515458655083379
50,141,-0.9356638673962614,0.026202437783102734
50,142,-0.07740212601732388,0.8357682063053582
50,143,0.1007866510004618,0.7671703279463383
50,144,-0.29205674366427203,0.5049239746873467
50,145,0.06435285709521388,0.8493783793050634
50,146,-0.04875538229959098,0.9012615912097905
50,147,0.2405358388732033,0.5261541014060029
50,148,-0.5816193419317273,0.16048579427684062
50,149,0.1510614544817237,0.6706263047072003
50,150,-0.07277130242085406,0.8282641437359585
50,151,-0.1524724403862603,0.7018117380388281
50,152,0.08944015289941554,0.8262517314543627
50,153,0.17673839944211522,0.5924481345499995
50,154,-0.2670962565650301,0.5265918462643199
50,155,-0.049143051015880346,0.8684849424015756
50,156,0.17675257580679826,0.64619955876445
50,157,-0.1384799000119692,0.7171973920996944
50,158,-0.7795303731896839,0.03355334731129849
50,159,0.18767167469428792,0.6628579030910204
50,160,0.5138347550973315,0.1385086620377987
50,161,-0.18503995362536507,0.6695074993443565
50,162,0.4697444135876889,0.29365385814882
50,163,0.36353928144743364,0.30375915707306933
50,164,0.34032484384649564,0.3933484270236087
50,165,-0.6241897936845593,0.11675149185473903
50,166,-0.4380451142161217,0.2884022439689326
50,167,-0.49033050992006544,0.14088984980568559
50,168,0.8994698984894303,0.0655497823900413
50,169,-0.37657193271929223,0.30421246647949873
50,170,-0.08657939014581295,0.8133669522165001
50,171,0.18576939198722364,0.6156476805798934
50,172,0.47324593168118234,0.16550350397271718
50,173,-0.3037501933234612,0.4302750689403743
50,174,-0.26657525231655654,0.43450489404484377
50,175,0.04540228381949696,0.9102490136470169
50,176,0.11921235682667497,0.7593694683692257
50,177,0.5173080711083671,0.08584763837069044
50,178,0.33246310242479993,0.4109746130432307
50,179,0.003109958163977744,0.9933004177347577
50,180,-0.5162894703431178,0.29655949137118975
50,181,-0.21769177192032174,0.5809139756010272
50,182,-1.0906827080449695,0.00193557803441287
50,183,-0.041051866995319486,0.9216926653594983
50,184,0.46416223104978016,0.3927175620327268
50,185,-0.023332670823224433,0.9516880270612972
50,186,0.8471410890405018,0.09110066235659448
50,187,-0.22602478203878285,0.52332706879188
50,188,0.014910099839262614,0.9742435081423693
50,189,-0.5127733285086862,0.16696063133977412
50,190,0.08775472859075428,0.8214586328786492
50,191,-0.5856236310954159,0.08391448682144943
50,192,-0.3400863960535805,0.3346737634680697
50,193,-0.6160386460017921,0.06810259267683062
50,194,-0.17373945038284155,0.6873612980122948
50,195,0.04182040904967543,0.9137535744243706
50,196,-0.1353095698274176,0.7597055430490142
50,197,-0.7183288985352423,0.08599196003111018
50,198,0.09066178100996325,0.7908805823993579
50,199,-0.41157760965945833,0.2643377027274873
50,200,0.042277801446530816,0.910840701348172
50,201,0.0005368673600507634,0.9988157502723887
50,202,0.015131287375357516,0.9716169080722188
50,203,0.5104362929287554,0.2982975438078396
50,204,0.3745924681152957,0.3246316108351068
50,205,0.0708581757132336,0.8771802246795432
50,206,-0.004384488376839357,0.9909500407987384
50,207,-0.34981860204757886,0.4138703342663139
50,208,-0.10628415215335174,0.8357034615620148
50,209,-0.27133450147050553,0.36316750931554587
50,210,-0.38246775697772417,0.314102924559461
50,211,-0.12327653133491623,0.7311587043836948
50,212,0.3150856637571344,0.4271389506155389
50,213,0.03550693989268794,0.9255631313021709
50,214,0.05842966837010266,0.8799468344131107
50,215,-0.22553627348010075,0.6291752224028903
50,216,-0.19165970469757632,0.5880506248320442
50,217,-0.7585961256762985,0.04927221442415024
50,218,-0.5922151757984988,0.11865802604694545
50,219,-0.25399917565510144,0.5262466426137095
50,220,0.9112126822247593,0.017514530606346574
50,221,0.031232854634666296,0.9333157406028458
50,222,-0.23827991743374,0.5719665303601121
50,223,-0.016825841235498018,0.969288683205761
50,224,-0.16051628389229222,0.7064865388478042
50,225,-0.05902435306548348,0.8653997315163855
50,226,-0.07649158585021354,0.8186569169003108
50,227,-0.7388217059794204,0.032246290008007224
50,228,-0.33016990878137875,0.2944809881663688
50,229,0.2578127486800774,0.5084841747804787
50,230,-0.14256204977359488,0.6950416209603087
50,231,0.21660824261850564,0.6618228270644928
50,232,-0.34419679320593133,0.3352989922006027
50,233,-0.5790332800668416,0.1635612254937951
50,234,0.008283963221540347,0.9854426054956926
50,235,0.35385131011194026,0.3532601429983282
50,236,-0.4792517155565328,0.14440455962510865
50,237,-0.15012753568188053,0.7247853825055958
50,238,0.5684761950515629,0.12182959430507902
50,239,0.32573286782634625,0.3852272730334902
50,240,-0.3008317845916917,0.42785258474324395
50,241,0.1952348507695536,0.5711337555221618
50,242,-0.4565616998296811,0.3274950671462602
50,243,0.19207031771819594,0.6445863357192426
50,244,-0.4028496948507758,0.313334612331705
50,245,-0.7459164344288141,0.15881773723447054
50,246,-1.0438120851623376,0.014082683557436804
50,247,-0.3791965468690428,0.353991701682682
50,248,0.2692943753627617,0.5487590541362655
50,249,-0.28806288811074765,0.4475336977038926
50,250,-0.43779089766886337,0.22391008989557673
50,251,0.07038477229541229,0.8550666945606659
50,252,0.6449611986270956,0.2073741396796443
50,253,-0.28702821946167845,0.5074133719630748
50,254,-0.4519440899500129,0.1513184829914731
50,255,-0.7279701343874683,0.06358155388350102
50,256,-0.3596362053653248,0.29680496545665586
50,257,-0.4571691868347205,0.26091748725390806
50,258,-0.13058824366712152,0.7830947484048362
50,259,0.3856297734972376,0.1879366929450296
50,260,-0.43503661044827613,0.2887138895840069
50,261,-0.10775314963120763,0.7373242084410598
50,262,-0.335484936159002,0.3615595305937801
50,263,-0.6429918910556403,0.09472789895613211
50,264,0.4516313269948746,0.24731295566262773
50,265,-0.10593012256155987,0.7932270742627795
50,266,-0.36135845562412605,0.35717779492398277
50,267,-0.1392728481199068,0.7073409002657046
50,268,0.2859140354104692,0.5213088121017293
50,269,0.06436920864397422,0.8553071364945357
50,270,-0.3485256673363466,0.38422805616602335
50,271,-0.23498940773613164,0.5336707931701735
50,272,-0.12931296132748749,0.7099734449618166
50,273,-0.7612711306762021,0.012556861909568388
50,274,-0.1560531185305587,0.6908355340647405
50,275,-0.42852452614398473,0.22402207081712236
50,276,-0.04856498900712225,0.9051080568820797
50,277,-0.8014361361424323,0.06186445607030676
50,278,-0.13012795049214176,0.7395648657098836
50,279,-0.4030996811711347,0.3383916169086228
50,280,0.6004740687690919,0.09520467769788858
50,281,-0.007436604242075262,0.9826757249172513
50,282,-0.06804195007667957,0.8838502454251708
50,283,-0.48752438542766985,0.2502726626451292
50,284,-0.7315876105701662,0.08737536966518344
50,285,-0.03785588312674548,0.9183010404825188
50,286,-0.42727037491082065,0.26877002175729475
50,287,0.5464631147022452,0.21483777213355595
50,288,0.2518887613369447,0.5614691518208246
50,289,-0.5964218264065817,0.06290667488447603
50,290,0.35473416821272785,0.4050532661133571
50,291,0.8755468943584468,0.0840785927334957
50,292,-0.6157674421515136,0.1047601767445274
50,293,-0.2062704603819956,0.5608785108642521
50,294,-0.33728956947714295,0.34933002999007784
50,295,-0.6716295424639656,0.11033665286156989
50,296,-0.2242072566803408,0.6296963602407594
50,297,-0.1650731531051477,0.6962998418274818
50,298,-0.00627065353165257,0.9875776377086145
50,299,-0.058959340872997146,0.8556550985451814
50,300,0.3486502351620704,0.4004947857780517
50,301,-0.1066264488906743,0.7985495191617672
50,302,0.0002150706852646067,0.9994646625487908
50,303,-0.2569791312964558,0.47067817358019615
50,304,-0.49946090374600516,0.3004207977978072
50,305,-0.6943394912217977,0.056909421600254875
50,306,0.5521123991953178,0.18234486621993978
50,307,-0.04058451892377768,0.9116791344809215
50,308,-0.2933922122586523,0.4944679093234963
50,309,-0.003066976539018995,0.9929031807496984
50,310,-0.5172495876918628,0.12828745852857565
50,311,-0.5118817376245328,0.14899179108295127
50,312,-0.033052432629034456,0.9253215929167095
50,313,-0.47257737385276144,0.24405701638898308
50,314,-0.3390920702478777,0.35717044488761446
50,315,-0.2172343943673134,0.5712156548633573
50,316,-0.3466025672583406,0.3972384871152812
50,317,0.15720102888722032,0.6526203037178795
50,318,-0.005413204407574312,0.9896546774176649
50,319,-0.6104673987314424,0.14176166434307602
50,320,0.03949601315073181,0.9038717308203219
50,321,-0.4927187303878586,0.20709147407892203
50,322,0.2787368726174648,0.5043430078113738
50,323,0.018410953583410716,0.9528971487270033
50,324,-0.30000131984509615,0.5249146281122881
50,325,-0.19834608111698948,0.5939387651245819
50,326,0.15995923800443101,0.6605917753497516
50,327,-0.2784075381455686,0.5370553817705348
50,328,0.11744304627541524,0.6956251086302595
50,329,-0.29508439104359674,0.38651322081385886
50,330,0.014210796968738393,0.9719139156951586
50,331,-0.9822969300939164,0.01035164468576404
50,332,-0.16955127035051554,0.6750714388389216
50,333,0.1233773324888805,0.7234199553248958
50,334,-0.3338551854691545,0.256850507424881
50,335,-0.7472452686878324,0.02499751392437184
50,336,-0.12591580033928373,0.7277143771951169
50,337,0.079509233690084,0.8277994354693954
50,338,-0.50024449996309,0.27814579122636457
50,339,-0.11668338324028582,0.7527997749413491
50,340,0.16858249409072812,0.5599065680347968
50,341,-0.027178457881044338,0.9411485513796957
50,342,-0.23644981585795755,0.5759492494912476
50,343,0.32544748082857033,0.4248114257997337
50,344,0.07935144949977513,0.8298473610786393
50,345,-0.4863359798502884,0.21194101835507284
50,346,-0.2196982975350732,0.5691024683578975
50,347,0.5247390877898503,0.11549155360885646
50,348,-0.6636494800632642,0.12886104390632416
50,349,-0.7127398298080738,0.08174884698575915
50,350,-0.40802047685786924,0.26935255467419145
50,351,-0.5216262277082899,0.2115440819554424
50,352,0.3801325575308496,0.2078026907760523
50,353,0.004808303816011161,0.990463025741563
50,354,-0.2870254547738309,0.4221394601433356
50,355,-0.32181852761378416,0.4053307737182759
50,356,-0.4831781031586493,0.25964339076632686
50,357,-0.09823260290512259,0.7991625556875691
50,358,-0.3868324550916782,0.3453419198516366
50,359,0.18073682842446992,0.5490158887899157
50,360,0.09850056428922827,0.8428207316097011
50,361,0.16990109901631634,0.6261853078572238
50,362,-0.40700964440273424,0.3109463948931904
50,363,-1.0202541862437187,0.03709899795584896
50,364,0.0587199743461575,0.8641235091795221
50,365,-0.23980825348978208,0.5794307890442996
50,366,-0.27986824794324505,0.4229668862642268
50,367,-0.6309146096006177,0.0810601504853043
50,368,0.3917134335651369,0.3528631982521866
50,369,-0.23348165291308476,0.641910873279218
50,370,-0.5986172180885987,0.103303864936465
50,371,0.0347749839033078,0.9408048835191756
50,372,-0.1489357268238356,0.7693456047151281
50,373,0.5249446367601163,0.2017776792847215
50,374,0.31336247013273244,0.4971044650714192
50,375,-0.2536140359460415,0.5780580676208746
50,376,-0.5661286388487898,0.11384078339762776
50,377,-0.07685866789604212,0.8472256492362573
50,378,0.5828410504897246,0.08812837320307759
50,379,-0.27136999790176297,0.4077138274131493
50,380,-0.3370632325537546,0.4218079704858252
50,381,-0.020920191421037515,0.9615304162071578
50,382,-0.06444882543673813,0.8686393406033545
50,383,-0.7780753353703371,0.08118298870854049
50,384,-0.20644078619057993,0.6343253408359611
50,385,-0.3270845067329802,0.43699521096119076
50,386,-0.7341171995799796,0.046068584265231284
50,387,0.11005200220423994,0.8204172448675006
50,388,0.09077923951778821,0.7958814883326959
50,389,0.21459944417058807,0.5710251061745363
50,390,0.2622142721692793,0.528135679139364
50,391,-0.10295479583881217,0.8236964344236576
50,392,-0.45671067754982,0.2022575725707161
50,393,-0.42958897628718695,0.2723325913014886
50,394,-0.9282309524170493,0.010495857378294527
50,395,0.16360263510526174,0.7027753456541996
50,396,0.27209134880768104,0.4162927759396376
50,397,0.1925339970388542,0.5974637939663688
50,398,1.0204714757870015,0.0040231649368339395
50,399,-0.9951230949228211,0.037442825183629
50,400,0.5283984073426122,0.26194470246984847
50,401,0.06550069473699871,0.8443453846189878
50,402,-0.5749513194471874,0.14203097792218453
50,403,-0.14322218820430876,0.6823017851137022
50,404,0.4337402604917511,0.2960621997041619
50,405,-0.23053065670316109,0.5386838870792879
50,406,-0.6262127847781276,0.11870722621009112
50,407,-0.7092080351001151,0.09457145961944277
50,408,0.3248578776652913,0.40831530751011774
50,409,-0.41494090020847807,0.37025609933320136
50,410,-0.24138973373799644,0.4974681971197763
50,411,-0.45916358283350256,0.2185248001499993
50,412,0.20829539806273978,0.6058697519962009
50,413,0.44043873603284567,0.2724823317311451
50,414,-0.5904352586622021,0.10583759028714732
50,415,0.003663126863418853,0.990779753704205
50,416,-0.3731325658299216,0.3721214272296179
50,417,-0.6711317912675856,0.21097127097756216
50,418,-0.33096620102158525,0.4447745650327058
50,419,-0.024451424335069305,0.9384579492644679
50,420,-0.10338432854863999,0.770779159720087
50,421,-0.7242851453496577,0.10617549335520851
50,422,-1.1610049081316252,0.03443204504362137
50,423,-0.2924927231322698,0.39150276111277826
50,424,-0.23086640414722126,0.48603291734482534
50,425,0.32194471065425034,0.3164351041706162
50,426,-0.2548318307412405,0.5210508258459359
50,427,0.11921687963118721,0.787123018139335
50,428,0.17607235366576113,0.6219689133671267
50,429,0.09575493285694137,0.807730036375155
50,430,-0.6266322100680046,0.10738709283677901
50,431,-0.05173097781277303,0.8919566799613311
50,432,0.11822427851427797,0.8050405553702571
50,433,-0.409787590783079,0.3050025860286046
50,434,-0.08692191205422883,0.7889254866011731
50,435,-0.4832419563657595,0.16059403265351044
50,436,-0.5586268924810636,0.17022823525596206
50,437,-0.3579934329308001,0.32644992458131084
50,438,-0.14532594487581996,0.7124857079346689
50,439,0.3893609581446693,0.2569437606350932
50,440,-0.07176798423208819,0.8407174584728755
50,441,0.4073916884683122,0.31769578027728224
50,442,-0.16224481876861852,0.6861010798191192
50,443,-0.0040505166938675785,0.9915600845625424
50,444,0.2302448931563923,0.6342886093010153
50,445,-0.12505067085818844,0.758143277653974
50,446,-0.06689789695443338,0.8725044800355244
50,447,-0.8125528936101887,0.033591405664988465
50,448,-0.46459094189077277,0.3093003649223967
50,449,0.7334290008320146,0.06561876013927816
50,450,-0.059726948941580815,0.8890237844336496
50,451,-0.3694042778851543,0.3461290337648752
50,452,-0.3657385611503621,0.39952613648220675
50,453,-0.6819325180156817,0.054361185433595194
50,454,0.07716621428072834,0.7898414368188176
50,455,-0.01085540877086899,0.9760886377705293
50,456,-0.49443081596411353,0.23675408469458312
50,457,-0.6192258220814555,0.06657158635543782
50,458,-0.1553756405210276,0.7393141252332047
50,459,-0.11484335372955812,0.8005440503822853
50,460,-0.10099840884964095,0.8026550552964793
50,461,-0.12896352039439396,0.7218160215448604
50,462,-0.26273298400622735,0.5825663962405887
50,463,-0.01818743381181065,0.9666561729332296
50,464,-0.20759065355063377,0.5449522616151491
50,465,-0.05639768574430626,0.8840237879731843
50,466,-0.40569018372796783,0.28689363820847863
50,467,-0.8328113122577587,0.08284544581018392
50,468,0.36450356506845516,0.3050308582077603
50,469,-0.21881015263723036,0.5286325892656644
50,470,-0.2648697611102868,0.435240659958181
50,471,0.04078229929398525,0.9187469608891259
50,472,-0.5289580997947496,0.2521834055499894
50,473,0.4450222343264958,0.36686777269269566
50,474,0.34481798124600616,0.4200663561369607
50,475,-0.12977123125986534,0.7336743287684836
50,476,0.019135821984653134,0.9591220454446325
50,477,-0.3075126010937801,0.37001522620134325
50,478,-0.01632682661062468,0.9635358859999423
50,479,-0.8245493457792179,0.03189864336743785
50,480,0.1695254828945929,0.656978251628683
50,481,0.18242127384614193,0.6959819263929122
50,482,0.007454787442005895,0.9793907356424718
50,483,-0.7001098590571271,0.10086446831957828
50,484,0.14770566241788607,0.7205173264936044
50,485,-0.7755730619160381,0.0884916548010794
50,486,-0.6374356316887795,0.10848727938086213
50,487,0.044659270963640196,0.901309540359801
50,488,0.035216994585846706,0.9323919133724816
50,489,-0.25490650938096593,0.5785880399385381
50,490,-0.22446460950513192,0.5127842999568047
50,491,-0.39735616905645266,0.4011480371637609
50,492,0.1178501000707417,0.7602353448703862
50,493,0.5075996286440176,0.1885074064972885
50,494,-0.9885233991608935,0.012510461797968603
50,495,0.1338670581329442,0.7084368097953484
50,496,0.23790774635098266,0.4435891333589757
50,497,0.2629772442133085,0.5109890135069488
50,498,-0.03593459659992071,0.9210087896655673
50,499,0.38772637928756737,0.3683206598598854
50,500,0.1353864789461987,0.7301373685431797
50,501,0.07745195225801815,0.8366194497631366
50,502,-0.28710875324248164,0.41364579304426496
50,503,-0.017825539751871844,0.9652599246724199
50,504,-0.48137102731911163,0.19838597145842662
50,505,-0.21705838227932261,0.44968172716702864
50,506,0.612805712384386,0.15005698874970586
50,507,0.1428597729261032,0.7124602126010442
50,508,-0.5934358755068718,0.22536870908790993
50,509,0.36319536515816964,0.3154704205318133
50,510,-0.0014880969718111814,0.9972892475793275
50,511,-0.27155241867752267,0.5312847648990657
50,512,-0.40837875386556277,0.27637979137210644
50,513,0.02910320150168033,0.9461413975607086
50,514,-0.15993374592319753,0.6204066706650837
50,515,-0.47952395264846004,0.23395715173572063
50,516,0.17355256965012344,0.5548813185461294
50,517,-0.1910015535317573,0.5580612523362899
50,518,0.08450621590528229,0.8260127286368987
50,519,-0.18238619349953566,0.6479029829019827
50,520,-0.4179773286770967,0.2186874280749677
50,521,-0.5173034819513527,0.28566955463106136
50,522,-0.1422282211388186,0.7049878635434548
50,523,-0.10085962392102132,0.7800097338720282
50,524,-0.649775720565521,0.09433001989118364
50,525,-0.40294808278084737,0.21287472141668398
50,526,0.040354288358976476,0.9149640479642775
50,527,-0.2098906072318698,0.6438615280645077
50,528,0.3717505680463322,0.44910877561480117
50,529,0.2955720518904439,0.43283051025272506
50,530,-0.3957220847134213,0.2853554071923138
50,531,-0.4758931987339299,0.3321092288347244
50,532,-0.0700384920686048,0.8648364974733985
50,533,-0.06256448049927421,0.8592134857111646
50,534,-0.35690199760545305,0.3317010132336851
50,535,-1.1299413723238718,0.007499098341029804
50,536,-0.40161479748604556,0.15108694820906862
50,537,-0.4484128317098719,0.2409100812230114
50,538,0.04097357986824868,0.9077961802034012
50,539,0.4593925462014301,0.3089360586251264
50,540,-0.6649410320561131,0.13832370899855437
50,541,0.8994405762093916,0.029979973379006413
50,542,-0.1590858746112449,0.6971135839581781
50,543,0.36257967604312746,0.3838529322216596
50,544,-0.7105714859608518,0.0413515648299327
50,545,0.24954178859649367,0.3063432254938987
50,546,-0.27620883195048407,0.37693526366049307
50,547,-0.49698557278775013,0.24961117907233382
50,548,0.27803339239719094,0.5090233773749095
50,549,-0.48702808529800024,0.15529923941459234
50,550,-0.7969954944145456,0.01646156364789947
50,551,-0.558825317193735,0.09806133249231176
50,552,-0.16513017917265138,0.6895607378995905
50,553,-0.47971052894519595,0.16816237855475957
50,554,-0.14260173797691955,0.7345192245671537
50,555,-0.8618372886090988,0.02013471551276007
50,556,0.3267740353015398,0.44096949372705635
50,557,0.04094056241666344,0.9297960234996737
50,558,-0.2880071567690248,0.47180185091631077
50,559,0.45575099971828514,0.27638886325401857
50,560,-0.2576240917417927,0.49369041040951767
50,561,0.47334791589276115,0.23615964068858106
50,562,-0.23673691866574842,0.5243132652162528
50,563,-0.35302721051504804,0.4586941347470967
50,564,-0.8978591188741163,0.04303045415347935
50,565,-0.10838146070962118,0.796368301431799
50,566,0.3637001536459916,0.454277533014328
50,567,-0.2637583436998394,0.4790424120006227
50,568,-0.5840566745607578,0.19072227258863444
50,569,-0.22694995482535774,0.5888472964664326
50,570,-0.38715140787377855,0.33106603067509216
50,571,0.2700536836447682,0.5266150007689563
50,572,0.33147007896864267,0.3822861612564432
50,573,0.4798209594964593,0.13124013665520817
50,574,0.36259438450978365,0.41777653905558865
50,575,-0.5823162814411589,0.1909949013561865
50,576,0.2848520965673931,0.4488186156876139
50,577,-0.1358019891637685,0.7130363074001649
50,578,-0.07345243706970095,0.8606864101770055
50,579,0.20347517557309658,0.6456421837432864
50,580,-0.15588113656981317,0.7136792911504971
50,581,0.3234039004024911,0.38897130079850983
50,582,0.35354800707819756,0.34342039745950026
50,583,-0.49996774053017745,0.17756904756209316
50,584,0.16221229654969704,0.6513326249574418
50,585,-0.5239679357627667,0.25230903744999333
50,586,0.3510325351781036,0.32578149491808267
50,587,0.1839668525237439,0.6073539095838011
50,588,0.3306216457180984,0.3484693100421221
50,589,-0.5669896225393591,0.11238818617124897
50,590,0.05735764370890273,0.8590634108357517
50,591,-0.38881715402396644,0.3167699662787614
50,592,-0.8029411196712104,0.02042259449811951
50,593,-0.21111286892240955,0.5190239886531717
50,594,-0.873917639684259,0.023447452906778632
50,595,0.21912197245667642,0.5564336814116893
50,596,-0.7174443383126068,0.08548344988906384
50,597,-0.052899402737320855,0.8685378192918556
50,598,0.12897120047834676,0.7458999270321317
50,599,-0.26765382952650363,0.37327339733892595
50,600,-0.027373152724660343,0.9419272455303335
50,601,-0.004211509651826262,0.990557660461401
50,602,0.5586881904785912,0.22832223898363932
50,603,0.4034758738599713,0.2563493424156535
50,604,-0.23604748107005236,0.5135546438031195
50,605,-0.4149922808783959,0.1848426618263985
50,606,-0.4821677375287319,0.1819586283734635
50,607,-1.1186874244768896,0.0015637230136353946
50,608,-0.3100075837733396,0.4023810736936765
50,609,-0.8115427812248353,0.12604840005172885
50,610,-0.7564007519914462,0.09045309109323463
50,611,-0.08847031663494498,0.825935809381254
50,612,-0.4807225326979907,0.22746831282916896
50,613,-0.25842190654528174,0.47491450745832037
50,614,0.0465731341133111,0.9078060276443055
50,615,-0.45577203391928744,0.21687685206122548
50,616,0.06004813390758379,0.8706497399758389
50,617,0.37677477900541234,0.42951278641198426
50,618,-0.12549103081260782,0.7578712518417257
50,619,-0.3840076149153546,0.3634227176798797
50,620,-0.09709758233158361,0.8043433590475674
50,621,-0.28401558101496605,0.4126374362634418
50,622,-1.1536707614841326,0.0026894554718622106
50,623,0.13175886784954827,0.7111955056254037
50,624,-0.7761541977459014,0.043582576465721265
50,625,0.19568672863190173,0.6213899981885729
50,626,0.062119332721231046,0.8526920239556873
50,627,-0.19620591620121353,0.558762402064704
50,628,-0.13602615918323657,0.6814967414976972
50,629,-0.3485601888438872,0.33471793683472606
50,630,0.19458583169051735,0.5919998514398894
50,631,0.10783877915763718,0.7546763716862149
50,632,-1.1772408314307468,0.020923787984299533
50,633,-0.17570580196449548,0.6359990674673136
50,634,0.710539920783221,0.04044038586671534
50,635,0.2795335168656212,0.3182510191826409
50,636,-0.5334053955380753,0.15497560941942656
50,637,0.3385965421730077,0.3644039513424496
50,638,0.5055082964831232,0.23233283961539206
50,639,-0.5222838470905682,0.1475834596292273
50,640,-0.06677000866489458,0.8640332419848
50,641,-0.761061672299518,0.03364790846240948
50,642,-0.5610567770633477,0.15450519670776708
50,643,-0.056041287377119886,0.8715039670397413
50,644,-1.264080264653212,0.009695147472998955
50,645,-0.6013679230755056,0.1748205616694939
50,646,-0.713113176795602,0.06030891291861802
50,647,-0.765209043588035,0.04873159237168308
50,648,-0.530507316017391,0.18352350967022885
50,649,-0.22592147792094686,0.5598196717535584
50,650,-0.022961058745876173,0.9495383522924766
50,651,0.24315368029021656,0.45018767369521284
50,652,-0.5647103228525037,0.17469679097432617
50,653,-0.8444500844223484,0.07582226612762304
50,654,0.17265487479745278,0.7234017756980715
50,655,-0.23084656070589915,0.5218309267892761
50,656,-0.21401015706106108,0.6083539916273731
50,657,-0.3852706400661603,0.290389640067991
50,658,0.23723339310067004,0.5437632887981789
50,659,-0.6038945431348335,0.10973661313571065
50,660,0.2268610782484899,0.5948077483999219
50,661,-0.5784808973266973,0.12874984090885006
50,662,0.12195954635232731,0.7972975689936366
50,663,-0.44080157971492984,0.27553763135225595
50,664,-0.505396508506057,0.19442801803660853
50,665,-0.42721677613644804,0.25600993900655006
50,666,-0.20889895125756475,0.5063485964752819
50,667,-0.5237930750807962,0.12933660284528142
50,668,-0.1392668174579601,0.7306794743996097
50,669,0.019065038908376408,0.9639052851454726
50,670,-0.12063411540220237,0.7521168245616863
50,671,-0.40835693765145376,0.16811984209906067
50,672,-0.260421990152345,0.48634037905100536
50,673,-0.23850979954574036,0.5136001239212044
50,674,-0.4270100275650295,0.369511434936446
50,675,-0.7135972136753601,0.07047831658932437
50,676,-0.16430981630328745,0.7123127537582705
50,677,-0.1448449226438946,0.7078530667543939
50,678,-0.7697022172306127,0.02382656365040535
50,679,-0.1386561424561812,0.6763483621934615
50,680,-0.1587741449442568,0.6772564323157988
50,681,0.006702708381954636,0.9825769622659727
50,682,0.27657839921891636,0.4675870448622712
50,683,0.0273794025074654,0.9403811973227222
50,684,-0.032403272852141285,0.9130150726528695
50,685,0.114985905400113,0.7859159214196463
50,686,0.20869822794122506,0.5657115789505659
50,687,0.41852133122325164,0.29206344792503885
50,688,0.17536572051230515,0.6472072876362703
50,689,-0.9190222648602431,0.0365700955614818
50,690,-0.6546508811396174,0.055604135298085174
50,691,0.11231258542562195,0.7632125964136237
50,692,-0.351867604986448,0.3070309300189793
50,693,-0.24585633525709039,0.5568215158517352
50,694,-0.2119904307739997,0.5690742100427966
50,695,0.002147125695014296,0.9956580996148906
50,696,-0.12523780176907096,0.705928289898704
50,697,0.27820772724454557,0.5883426255795814
50,698,0.8408260314250224,0.02514716035381131
50,699,0.21175169361369406,0.615038047083873
50,700,-0.40385205078315956,0.2783393912122273
50,701,0.1585255952243898,0.6871891155381148
50,702,-0.2836607053584892,0.5222285884362527
50,703,0.07863491262227651,0.8274866810540529
50,704,-0.3269814183777875,0.43448113595585
50,705,-0.12090603242173259,0.7576126277665032
50,706,-0.6545058292356103,0.07716243587054197
50,707,0.03579410958032625,0.9221191706496192
50,708,0.001161773039266123,0.9971030683348344
50,709,0.10532309779449989,0.7822798029465645
50,710,0.39424320647292177,0.35632904170343277
50,711,0.15540503333961553,0.6820432669143333
50,712,-0.6929945687006125,0.0959796596257731
50,713,-0.4755125155465283,0.16323648947730918
50,714,0.24017194504772554,0.6035731242333175
50,715,-0.8426629458171613,0.09143219344884004
50,716,-0.46691329740530385,0.1783643721063636
50,717,0.14245978445637242,0.7172714845273644
50,718,-0.6840736034144115,0.1286014745885837
50,719,-0.3883015697364538,0.37946501831726687
50,720,0.4506967385137486,0.3774096660657435
50,721,0.09150852702833134,0.8178016945223822
50,722,-0.3861140481160845,0.34723822459693277
50,723,-0.7063754023686153,0.09294277160739094
50,724,0.2597424108837565,0.4730332928000193
50,725,0.31894252116389765,0.372651446587055
50,726,-0.07477349781138187,0.8525339259296382
50,727,-0.16752866083562346,0.600113667225313
50,728,-0.43766964153809607,0.16806985929543525
50,729,-0.2278987928122156,0.5193488675010074
50,730,-0.06895180456419503,0.8410515193224751
50,731,-0.06483215241527596,0.8524080942791661
50,732,-0.2677473143550433,0.478364233151458
50,733,-1.447052579458079,0.00019787990803864488
50,734,-0.7680828448342529,0.055763357517874576
50,735,0.8424873183439701,0.028402845260250532
50,736,-0.615318212585878,0.16624583478965738
50,737,-0.2724550242376367,0.5204751005626171
50,738,-0.10664450460741293,0.751763983457803
50,739,-0.6177397105815263,0.09731870625259226
50,740,-0.12383606349269805,0.7529921092942444
50,741,-0.3825060275113916,0.3428493058883722
50,742,0.4187176515581488,0.25649403656869624
50,743,0.49556984271683824,0.21359897199044428
50,744,-0.17579041973228193,0.7085802701472955
50,745,0.2265652442495032,0.4974892795403991
50,746,-0.5893179609146841,0.11704985225379867
50,747,0.3457081639224686,0.3158224858392799
50,748,-0.018517471094208204,0.9571388850813095
50,749,-0.23556982357461642,0.5059207499759188
50,750,-0.7778615747445787,0.06636911424697264
50,751,0.1506613356937212,0.7171522436056154
50,752,-0.8348766961850629,0.05365067786473041
50,753,-0.44308651682663935,0.21782987683082758
50,754,-0.8205257568331366,0.04680792074984386
50,755,-0.39182939032638586,0.26225104300648183
50,756,0.5141481164149688,0.15004208363799704
50,757,-0.40919405159362476,0.30521656102072614
50,758,0.3535434502489423,0.4231960048106467
50,759,-0.9508340628804213,0.04446609306771088
50,760,-0.5514939394647165,0.12775867847764172
50,761,-0.30431184855218163,0.4717880253521189
50,762,-0.18759077191649176,0.6294940403138655
50,763,-0.8748788199465611,0.01539452363091746
50,764,0.24065279898495184,0.5464053398076388
50,765,0.11568627443979729,0.714946657858909
50,766,-0.18217894559773207,0.5254716343406561
50,767,0.7405733098667238,0.09272108785519041
50,768,-0.5375935044495028,0.14520160672142882
50,769,0.30888889042505063,0.46003478615226995
50,770,0.5584816897650615,0.14320170839922125
50,771,-0.07059235189106694,0.8547297808042643
50,772,-0.19728326626308412,0.5836707586448979
50,773,-0.43616796750526277,0.2119914383994221
50,774,-0.1112370979809647,0.7681920109722433
50,775,-0.34707148243142605,0.38918584298981945
50,776,-0.2844296302097682,0.43847952348316865
50,777,0.19301727156662452,0.6297476866417148
50,778,0.07658530928790785,0.8448612928422258
50,779,-0.1507005492482012,0.7325078002796059
50,780,-0.15575846358891,0.684495262439234
50,781,-0.15252039951252971,0.7206604724840491
50,782,-0.06322781281759937,0.854946690593395
50,783,-0.37561326548426965,0.31376836236196637
50,784,-0.8530328050198275,0.048924495639552326
50,785,0.3284124107333213,0.46755080600566906
50,786,0.7249463097238067,0.07558829581243498
50,787,0.07060086698571055,0.8453420250449873
50,788,-0.021785104123548393,0.9539118733474591
50,789,1.0917716616941568,0.01631468968676356
50,790,0.1103392699791872,0.7594955448840867
50,791,0.2085756451757863,0.5401054235463916
50,792,0.3672365069507251,0.35014303135010283
50,793,-0.3675571684726844,0.3383392490476009
50,794,-0.8151846476083087,0.05410475529331138
50,795,-0.5716028489478493,0.05691180497925205
50,796,-0.3276189010964945,0.3490228156505232
50,797,-0.08058280122611983,0.8363738155222133
50,798,-0.27210142822637096,0.4692780197759031
50,799,-0.6886196729456397,0.1005933603360643
50,800,-0.9597090268924946,0.0058286449548977555
50,801,0.43451866564708475,0.23715590926674568
50,802,-0.08798121455572705,0.8484461886285645
50,803,-0.235157728325758,0.5629434554085591
50,804,0.15683210048163154,0.7369810448292815
50,805,-0.4079607229730797,0.21759840981750106
50,806,-0.10557887607361138,0.8025245921462907
50,807,0.1377110481937791,0.715089314379141
50,808,-0.33938841672488707,0.3901998751506032
50,809,-0.6508414507140223,0.10641095792261669
50,810,0.6421806991170715,0.12387705739116626
50,811,-0.12707902881763644,0.7036944434935193
50,812,0.33353159122565224,0.38222023778663344
50,813,-0.8011589826419669,0.02836542216951873
50,814,-0.5656531586152909,0.13637090534270002
50,815,-0.6840455736745934,0.1499119738833197
50,816,-0.1523653886449523,0.6180251865933013
50,817,0.1501876427061628,0.7000711935001338
50,818,-0.1807156129246419,0.6725922011341455
50,819,-0.44307311819333073,0.3191706167499828
50,820,-0.673812699810556,0.06260618554925271
50,821,-0.16319249195439944,0.6826331649590818
50,822,-0.41253731725106224,0.2947676048479234
50,823,0.14827299610536926,0.7355566001546058
50,824,-0.3867734967995009,0.3022247694446266
50,825,-0.006749959574747777,0.9864914093161129
50,826,-0.7585163027893422,0.08802930100269321
50,827,-0.13333063906329023,0.6864061930187977
50,828,-0.18024848479140054,0.6242084672157928
50,829,-0.33305234682300267,0.35410537743173376
50,830,0.09056139477577574,0.802967505234259
50,831,-0.11442062465131642,0.7478273038027561
50,832,-0.3292673417950658,0.43523113040962497
50,833,-0.0693361927969729,0.8624982824864414
50,834,0.46704590313258976,0.41606661226148856
50,835,0.3810691047503365,0.3097799270105357
50,836,0.2475251117262598,0.5199246209850307
50,837,-0.06506725333253804,0.8636106219466587
50,838,-0.49217423078318134,0.2033779713018316
50,839,-0.32173695306517125,0.43275026870190897
50,840,-0.09091040512492476,0.7878424573022843
50,841,-0.31803845353364224,0.4131331776921536
50,842,-0.29898262162769385,0.47725425750688194
50,843,-0.2881375895303986,0.5154569323994614
50,844,0.2928202138873903,0.5110444310131633
50,845,0.19683626481598182,0.6042760520253003
50,846,-0.032555170780447895,0.9240680089672236
50,847,-0.6788472370753063,0.09871467364611251
50,848,0.05990276081476864,0.8770088166157873
50,849,-0.868209339911572,0.06483447843237379
50,850,0.7402805600138151,0.03225415195409166
50,851,0.18428390499378366,0.5923718715822955
50,852,-0.5157096937033554,0.10889261257760045
50,853,-0.38185008411770127,0.38574935427449675
50,854,0.07964639080304892,0.8608193864861649
50,855,-0.15788440006115145,0.677856873562514
50,856,-0.08646341155023407,0.8259286162384374
50,857,0.2444809893118407,0.5900384279492327
50,858,0.31724508599146084,0.35768813268143923
50,859,-0.3552990272759411,0.315662982083407
50,860,-0.7000841512705964,0.1150886280173334
50,861,-0.7761200048671624,0.04266173897042607
50,862,-0.2054505413981591,0.5160572754196265
50,863,-0.7533641241218003,0.030401271480924162
50,864,-0.5988169671931853,0.06930410008798289
50,865,-0.17427810004331157,0.6561768427320175
50,866,-0.7706619913122434,0.08094618949151598
50,867,-0.11498637254462984,0.7760313963306903
50,868,-0.1764123024579991,0.6176663646749925
50,869,0.5607962219962062,0.1842945886750858
50,870,-0.31748468273399055,0.4500115732562905
50,871,-0.6367294436607001,0.2297934763946637
50,872,-0.4373985984634885,0.2954827741760801
50,873,-0.40073787297507213,0.3706937405520542
50,874,0.454977298168453,0.17946384466211784
50,875,-0.09932882283675148,0.8252646479112465
50,876,-0.07418964414369711,0.8643722189295177
50,877,-0.6913110340628883,0.042460601798940116
50,878,-0.14318078412672008,0.6703633762423188
50,879,-0.12153973211042945,0.7470744789661435
50,880,-0.105316246829112,0.7684056588981246
50,881,-0.13355389608615376,0.7031522874710003
50,882,0.10559343004149291,0.7702919704873897
50,883,-0.14410681310491924,0.6827814329853572
50,884,0.18992677682458492,0.6229609769622029
50,885,-0.439265594468214,0.1915597363081485
50,886,0.24577799922339594,0.5533305399606843
50,887,-0.07428526732395824,0.8272328976247184
50,888,0.10933812210024563,0.8225061979979029
50,889,-0.02517411455311347,0.9588266973953835
50,890,-0.7538111803002199,0.06021366908604654
50,891,-0.22520794650651954,0.5382073500536382
50,892,-0.20671836244359731,0.626891861163764
50,893,-0.06804071284807733,0.8574378102097671
50,894,-0.9684041898897604,0.0075106185284848906
50,895,-0.24481639075104233,0.5110140823182678
50,896,-0.17803845031882481,0.6726814485891474
50,897,-0.3830052706139089,0.36579173454238373
50,898,0.2325901555204588,0.5547663155492152
50,899,0.045550128195289474,0.9113720169499744
50,900,-0.15681470444251389,0.6182455103030344
50,901,0.36605679223200127,0.372782409466135
50,902,-0.07011271546143405,0.8586169287068803
50,903,-0.10579497077203825,0.7967543674385372
50,904,0.3547661088071514,0.3161201842938068
50,905,-0.7250062090288267,0.09678554555309955
50,906,0.44953308842919704,0.29064085024435965
50,907,0.42241020661124296,0.3177982514447953
50,908,-0.3847523998474838,0.3385298378612977
50,909,0.055618819501313865,0.871981492514546
50,910,-0.21249292071223458,0.53773990510109
50,911,0.6623641082805509,0.10229571929826148
50,912,-0.33782412173389176,0.4998145432158535
50,913,0.05552691992192926,0.8621153797651823
50,914,-0.23328208875701684,0.5352792054105878
50,915,0.09207217350887298,0.837997029853337
50,916,-0.20381019510426235,0.6005363003998743
50,917,0.10278331322296097,0.7741819970456439
50,918,-0.0861471642191951,0.819697679549376
50,919,-0.01610526486079422,0.9707632862975111
50,920,-0.9585074405243557,0.053574899152845155
50,921,-0.08143309075492411,0.8134966076490865
50,922,0.02071465782730364,0.9485679013904601
50,923,0.05166210633543855,0.8931712450594678
50,924,0.21455774829659724,0.5778787436849923
50,925,0.08787175109417511,0.8067045656680587
50,926,0.174207126638386,0.7064124454200761
50,927,-0.3277045909465688,0.40111073447525175
50,928,-0.5347351524697643,0.14346130039489938
50,929,-0.02502660110395105,0.9523368610093293
50,930,-0.04138463738480702,0.9173055139529761
50,931,-0.3717034357110798,0.3958318840390422
50,932,-0.3364789456584063,0.3421127207819098
50,933,-0.25674329214913527,0.5161064589942821
50,934,-0.1380622747895046,0.7253894575154191
50,935,-0.508009383084655,0.20741472971046904
50,936,-0.062343314630551205,0.8489034711509595
50,937,-0.05787720471509239,0.8848486782322446
50,938,-0.5378504948226492,0.2341398091850472
50,939,-0.27234266293282694,0.41261397679492995
50,940,-0.07284028203042503,0.8231941690850095
50,941,-0.1669605111896324,0.702818569761245
50,942,-0.5247423663190478,0.18756473270341623
50,943,0.01128357272831515,0.9768441221430549
50,944,-0.49482623990729735,0.1909048788686003
50,945,0.0047931599180151,0.9894938499912931
50,946,-0.06154144132315764,0.8656144300333823
50,947,-0.16054004578432313,0.7063789503094954
50,948,-0.29146272888483793,0.5447929690063213
50,949,-0.30487695064431186,0.41087086899972564
50,950,0.02098039489649217,0.9539000185666723
50,951,0.597708590470873,0.20124554818023366
50,952,-0.2028266152082523,0.5464368314188592
50,953,0.7380134640419111,0.04376508318469936
50,954,-0.5292972030555863,0.1290403475257285
50,955,-0.6813377567571024,0.1268681966694686
50,956,-0.024008416143882272,0.9517554529725161
50,957,-0.403975573188017,0.4410338360147107
50,958,0.2463319169046052,0.5832664520874355
50,959,0.008561733266283511,0.9823923641150517
50,960,-0.4484735156921609,0.21071110272779522
50,961,-0.21995390688825722,0.5427746177405343
50,962,-0.23229190243811715,0.5066520909442694
50,963,-0.8600443885531543,0.020725660814606663
50,964,0.5055573738463295,0.2059687261861482
50,965,-0.04997398920458096,0.8937600250531695
50,966,-0.13762492576703522,0.7244086501224392
50,967,0.17560740115915685,0.6989807731033865
50,968,-0.7192548052316701,0.086358669004304
50,969,-0.12598374214606167,0.7451157062253739
50,970,-0.0642687347134352,0.8732145392382574
50,971,0.22945852203996253,0.5905917105755623
50,972,0.36385118948035533,0.33215485732689337
50,973,0.41929664076786466,0.2628109407687695
50,974,0.7184080499303658,0.05308059143725488
50,975,-0.2348484769167989,0.5073229392414477
50,976,-0.29258895731160983,0.5284897878835939
50,977,-0.19724651109845226,0.595918670922683
50,978,-1.0751311983978482,0.006543923173448072
50,979,-0.4853515142631757,0.24886492212519912
50,980,-0.1940210613995781,0.6919680065276804
50,981,-0.19430028901437701,0.5997435597478152
50,982,-0.4945517389513867,0.20816191158703973
50,983,0.42008140921892156,0.235783473868961
50,984,-0.7888973866083431,0.08735550110161495
50,985,-0.15195251873110038,0.7273143998937471
50,986,-0.4363313844838874,0.33596012747128956
50,987,0.34727236886315715,0.3390438628412673
50,988,-1.0704912594663956,0.009143510790287777
50,989,0.1406252766580387,0.751909371003818
50,990,-0.2687413242875243,0.4924108221110852
50,991,0.09447492690706838,0.8109147262375357
50,992,-0.5188130660791952,0.20450189266677346
50,993,-0.5039790151742451,0.1859676981044853
50,994,-0.5777352988108291,0.12268569556051762
50,995,-0.302384554540005,0.4519587543250563
50,996,0.0032358564895389463,0.9940029730114674
50,997,0.04675194215936429,0.9045163600972129
50,998,-0.8482929413825104,0.02772209184354668
50,999,0.09586973301633961,0.790421022300075
100,0,-0.23603239107509744,0.3624773662300664
100,1,-0.4067873072168613,0.11374910955868135
100,2,-0.2145605226053906,0.38370192166765005
100,3,-0.19452892113262976,0.4578522946699501
100,4,-0.34912882518575294,0.17189117811299354
100,5,-0.05586483146248078,0.8384447290581544
100,6,-0.008695163231534409,0.9748332569685573
100,7,0.18222485234393027,0.4968335187161059
100,8,-0.4347355194162432,0.09858648224344907
100,9,-0.12881618752868107,0.6351239424579586
100,10,-0.17402458127878262,0.5603196780501136
100,11,0.05542956880486827,0.8178220880156324
100,12,0.27848908185677956,0.2864552905254315
100,13,0.038483183099879525,0.9024025313260209
100,14,-0.14947311732356994,0.5663668987940783
100,15,-0.046758697375503644,0.8721725991334653
100,16,-0.7002404298482965,0.006795739558920436
100,17,-0.4935080228719162,0.09186724021482456
100,18,-0.03380674287838481,0.9025495860401452
100,19,-0.0703906502043683,0.7796212194874697
100,20,0.27057895882093597,0.33059161940353843
100,21,0.1673265895447642,0.5529688649372315
100,22,-0.07347614409984082,0.8044078708901152
100,23,-0.09198105444525417,0.7118459919613217
100,24,-0.22530429789719797,0.4040562967231998
100,25,-0.3592455028633532,0.14860804016217224
100,26,-0.11548618327143245,0.6643160313056777
100,27,-0.5300481037258447,0.05129859822361598
100,28,-0.12203972926704765,0.6173252830567055
100,29,-0.10975061559821064,0.6814488951570727
100,30,0.049000011971445545,0.848132569670966
100,31,0.07971035130434778,0.7577629649864053
100,32,-0.2660828547839795,0.38257323593467396
100,33,-0.02977657746225404,0.9173706254642284
100,34,-0.25609743823932796,0.3556811809588801
100,35,0.09103003917112851,0.7446119689649446
100,36,-0.6415644046342432,0.015474725606553209
100,37,0.004731765833454915,0.9854197987970038
100,38,-0.22119826713764468,0.42182208238843333
100,39,-0.6521565461823275,0.011566978957988092
100,40,-0.26964563415739384,0.3061191616266467
100,41,-0.07164569672346843,0.8146849015939082
100,42,-0.3655152277370419,0.21329610977900504
100,43,-0.017603556006870136,0.9497991589168101
100,44,-0.5139225420922271,0.05745111145870676
100,45,0.09279725743124878,0.7197246536154733
100,46,0.12812200904155802,0.6002257120214947
100,47,-0.14676435939128396,0.5450421671672835
100,48,-0.2890963424553661,0.262271261318239
100,49,-0.7101858954895377,0.005868882222646232
100,50,-0.14840686466215125,0.5816579214492987
100,51,0.09980255038110286,0.7077940763101673
100,52,0.021469896302003022,0.9427745603940307
100,53,-0.5272271942406341,0.020278043736473135
100,54,-0.1498134097503403,0.5400986149422968
100,55,0.027962983645833717,0.91354786673218
100,56,-0.7464909991498754,0.004415935946385392
100,57,-0.7178182352741755,0.0076577202934482525
100,58,-0.2848755934051983,0.2585942332917982
100,59,0.26539022117255584,0.34298224701866864
100,60,-0.04644000460050535,0.8333269862901556
100,61,0.14247633331422982,0.48924693153904536
100,62,-0.2980283565951467,0.25294774852073915
100,63,0.07609231823652607,0.7712124430771021
100,64,0.2374867613601399,0.3981838373594264
100,65,0.34808363915967533,0.15444592291043002
100,66,-0.6885362292025379,0.011634144064839248
100,67,-0.15370504708551458,0.5910685215052223
100,68,0.041760393976815635,0.8814384101781544
100,69,-0.07016605195269854,0.7839195809292177
100,70,0.08193273547462532,0.7915976361812075
100,71,-0.22506519577697226,0.3897237914722329
100,72,-0.4773543004689351,0.06811115272570378
100,73,0.03721893453849745,0.8982123634726009
100,74,-0.19875753797603046,0.48958526153352233
100,75,-0.21501890032912563,0.36820648017204743
100,76,0.04093572494689823,0.8756094511758891
100,77,-0.1242305206856642,0.6414218982744544
100,78,-0.12886052707870377,0.6243052926376143
100,79,0.13900130023979962,0.5976643516682384
100,80,-0.45598936542548785,0.13719584088663977
100,81,0.14342442188962679,0.569234842253828
100,82,-0.6321605548618976,0.015626569857846596
100,83,0.363878019856962,0.18383010640433875
100,84,-0.2567137735915477,0.32188761301140884
100,85,-0.16059770880293733,0.5743196436979436
100,86,-0.34456023585402384,0.18072178338298134
100,87,-0.17402895597219548,0.43478421686792146
100,88,-0.0923669216727312,0.6971028962615637
100,89,0.012691728988857065,0.9622578853071324
100,90,-0.4385084877434018,0.12818717986581382
100,91,-0.2036686108694088,0.48494721903414184
100,92,-0.04946219898896409,0.8365221231925247
100,93,0.019449363826133492,0.9430279390214465
100,94,0.39130613811691006,0.17007024623045955
100,95,0.04547481355288596,0.8657778869680806
100,96,-0.33630079205461794,0.1777405352912101
100,97,-0.24710388986454923,0.3282275767280243
100,98,0.219444094446116,0.3951094131804237
100,99,0.1653639997161065,0.5479265971423422
100,100,-0.4928280346418852,0.06121944779736923
100,101,0.007756154305956997,0.9770664646468648
100,102,-0.3114746191387132,0.2843826880903427
100,103,-0.021395376868499127,0.9380917982002132
100,104,-0.025067461381480527,0.9285760144334754
100,105,-0.04074824028299595,0.8844523432400039
100,106,0.13962403227630915,0.556066737320551
100,107,0.2560780195725272,0.3639095548235376
100,108,0.03766584599718925,0.8919022825255012
100,109,-0.24558140767657832,0.36123592652315634
100,110,-0.701715209178202,0.010198316998814136
100,111,0.3757711889677662,0.18531811295444003
100,112,-0.26858356090017743,0.3482119555740691
100,113,-0.3295649664173581,0.25555629992125317
100,114,-0.20681378864620825,0.4803818507436589
100,115,-0.19980906574933854,0.47566287816941977
100,116,-0.33905806692656526,0.28715896477751307
100,117,0.09081048543251491,0.73880418238978
100,118,-0.3382673459295944,0.13708034610004866
100,119,0.22631559023106007,0.3176799504850289
100,120,-0.030905533406185626,0.8941530998958975
100,121,-0.15759042570514303,0.49379963908144625
100,122,-0.03468849180549327,0.9091937257359519
100,123,-0.3983126919426567,0.13214490759341393
100,124,-0.1487341042803081,0.5179258866029228
100,125,-0.16929377668777512,0.5304754640539846
100,126,0.21897019457289701,0.3936957692650999
100,127,-0.1338288715201017,0.5875066099623585
100,128,-0.3563469562861128,0.1439993791974419
100,129,-0.041585481238898936,0.8855756747992627
100,130,-0.13686529873753894,0.5301004414470355
100,131,0.24201338419329232,0.30295663130431677
100,132,0.29980721727987536,0.23561394265678864
100,133,-0.2823103166697667,0.32659216556360643
100,134,-0.2081235912250552,0.4572894836458371
100,135,0.0038672923262712544,0.988919189562522
100,136,-0.22985935575749394,0.3160841220160107
100,137,-0.052952028260609296,0.8412470035022177
100,138,0.11113845020653201,0.6999701636500397
100,139,0.39161579901122323,0.15574247510348113
100,140,0.0290102721794554,0.9113437874447781
100,141,-0.3842534153971009,0.17378929076339755
100,142,-0.22133444663970714,0.3817633160420541
100,143,-0.35027592442224353,0.2176296604308266
100,144,0.08354873597240875,0.7730207793472662
100,145,0.12271577920286347,0.6570091443931271
100,146,0.20619442832649426,0.44984989562566235
100,147,-0.1047821079079938,0.6794004564198701
100,148,-0.2974888901252335,0.2885980587500179
100,149,-0.14376440367263577,0.6005087639279899
100,150,-0.26530557726693615,0.3510977220692109
100,151,0.043205606990035506,0.8774414956089918
100,152,-0.06886796853591726,0.7823808974403983
100,153,0.03390270290351616,0.9003563056441233
100,154,-0.39278140382036497,0.1263350141380874
100,155,-0.05569783235942438,0.8212688154242268
100,156,-0.19500171913364728,0.47397741655597225
100,157,-0.39123884686708266,0.12508615018294333
100,158,0.06761907707679882,0.7803594433172197
100,159,0.10747755858468011,0.7056217765817471
100,160,-0.1724042521047746,0.5070512535566082
100,161,-0.6733031564885881,0.01570023648146207
100,162,0.030615762594784712,0.9138009797331819
100,163,0.37910982747846056,0.1488139713209603
100,164,-0.07305463226437503,0.7819133501469765
100,165,-0.41124277257193675,0.13854544699747165
100,166,-0.03862844944265298,0.8780036309533803
100,167,-0.5745947186784504,0.05101893003788541
100,168,-0.3212122153306325,0.21896364381171646
100,169,-0.32089739610031387,0.23873221377675266
100,170,-0.2363002422276992,0.36273643043603937
100,171,-0.20608515533450067,0.4317564600398449
100,172,-0.032283871093326866,0.8995819785935979
100,173,-0.42216495167700785,0.0824956827108389
100,174,0.11419007878633636,0.6869235871293475
100,175,-0.3321785648542175,0.25181376660603577
100,176,-0.7498708901789719,0.00349544426980814
100,177,-0.06739318629586144,0.7983293203528983
100,178,0.07613222157085886,0.7832487103275179
100,179,-0.1581982876250585,0.5547469207278006
100,180,-0.46297000692310064,0.06017896109937801
100,181,-0.10164274294505837,0.7568081840898828
100,182,-0.07039606377147756,0.8023204135331782
100,183,0.021142084889669732,0.9365602090420341
100,184,0.3253827915568568,0.17647757321135704
100,185,-0.03020773204870686,0.9091382111521871
100,186,0.113942146288883,0.6359512226402629
100,187,-0.09507451348180673,0.6795592771384084
100,188,-0.6866197821523095,0.01584948992118125
100,189,-0.09076698573991315,0.727471920361099
100,190,-0.3834867540086897,0.14491894890225357
100,191,-0.4240937149665225,0.13823743525901624
100,192,-0.08401126688929672,0.7311577764522064
100,193,-0.34812384512336436,0.22946655337579977
100,194,-0.4479538845519375,0.11239273416614967
100,195,-0.2531014804067606,0.3306249799696823
100,196,-0.2261925135869074,0.4201948441871176
100,197,-0.4207261719859172,0.17259739466278726
100,198,-0.21435676930093983,0.457947510969985
100,199,-0.2602770714851701,0.35599676186487783
100,200,-0.23556522354622977,0.3584701158279965
100,201,-0.47261752528198997,0.057796463586335785
100,202,0.0689444840494442,0.7842614677762119
100,203,-0.41266109996998246,0.1118233377100942
100,204,-0.41735924567901606,0.05975642505471517
100,205,-0.20369730311597678,0.4225557886899274
100,206,-0.39869001632298406,0.15144081124375355
100,207,0.06276420058513033,0.8070824206162097
100,208,-0.18483331207225717,0.46744787240954155
100,209,-0.45551178652163316,0.11587784448372832
100,210,0.1372224172144474,0.5601678591306916
100,211,-0.6737013611132046,0.012081356540533796
100,212,0.25414209617413164,0.36093396557515206
100,213,-0.06542867376117378,0.8148341670826506
100,214,-0.17455160422257343,0.4629568544322875
100,215,-0.049164285152995646,0.837374636553978
100,216,-0.49944236348152593,0.0411835618382543
100,217,-0.02991340968243783,0.9106180126318948
100,218,-0.3820647175048304,0.15290599564766463
100,219,-0.2517816131228834,0.3814245389765682
100,220,-0.23030109270315968,0.396311505048564
100,221,-0.0964186218509635,0.7290275758917192
100,222,0.06558379293478822,0.8108981428594871
100,223,-0.07600709461292787,0.7790635135721441
100,224,-0.3432692005816218,0.15006637900707512
100,225,-0.03963771465131849,0.8866189468084558
100,226,-0.31521906825974355,0.22980947924156925
100,227,-0.33840189959741096,0.18805773125857925
100,228,0.03552435896679107,0.8870479306942861
100,229,-0.487888882683313,0.08154395277054757
100,230,-0.3142844174216268,0.23799130359642515
100,231,-0.30252463202074864,0.23772381262468503
100,232,-0.3150952350153329,0.25732847897960254
100,233,-0.1788720829153494,0.45194669640406765
100,234,0.0794698372643392,0.7644637046179382
100,235,0.04690496021932944,0.8621821541042658
100,236,-0.5601649664481645,0.04950861868550789
100,237,-0.1357806466711864,0.6315911047916697
100,238,-0.26859407219973974,0.2982064146756961
100,239,-0.340738175878208,0.1942286279418413
100,240,0.14754617925425784,0.6018492866684245
100,241,-0.26840290229852926,0.3405899085004799
100,242,-0.2693567034071336,0.3458497430833819
100,243,-0.8525165094821139,0.002881450733775031
100,244,-0.898115598540377,0.00017612790676964092
100,245,-0.49589251790722955,0.07822698089316543
100,246,0.14307161542385494,0.6042496458066158
100,247,-0.15942000760935926,0.5719312708545978
100,248,-0.4528485811986922,0.08389285122271725
100,249,-0.45259936641229004,0.10906891305575943
100,250,-0.018561912573751727,0.9413944067485917
100,251,-0.18485840875483106,0.49455969329932464
100,252,0.06668701284744571,0.7784266292273875
100,253,-0.18411201803747446,0.47979879836154926
100,254,0.25229520329922295,0.2517721678436776
100,255,0.13194185109495926,0.6073637673738692
100,256,-0.02038442732371415,0.9456236426089972
100,257,0.06693774000894415,0.7937545796214721
100,258,-0.04712147126062227,0.8639557484607914
100,259,-0.1746874489082444,0.4976104892046283
100,260,0.25009246515675443,0.3866022016654586
100,261,-0.27144930844339044,0.2889677639604002
100,262,-0.23360257533899897,0.3973463926331696
100,263,0.2481811238308964,0.33624976411834795
100,264,0.11445455733487364,0.6786888889889344
100,265,-0.4557135190936812,0.048637366320013385
100,266,0.09144371152479458,0.7542375782346799
100,267,-0.06082949209970678,0.8242788113948212
100,268,-0.08910342219569145,0.7545068159082972
100,269,0.04729586657006557,0.8521937946394861
100,270,0.045092535256600286,0.8781440141228649
100,271,-0.45265513927255263,0.1004578237559145
100,272,-0.3031289049555852,0.2513435688702258
100,273,0.10107514944898277,0.7205222180761298
100,274,0.04988548692858252,0.8546836437187345
100,275,-0.4378404296028986,0.1113041978901541
100,276,0.5186011014239522,0.07767604925399757
100,277,-0.1052831612331282,0.6905689116523325
100,278,-0.09654239289890576,0.6906260312786342
100,279,-0.045808315771084906,0.8626156542545544
100,280,-0.13571618458150247,0.6148432281571629
100,281,-0.692534782291073,0.0035303420065615583
100,282,-0.4656873690359795,0.0593102270996535
100,283,-0.08497186531187673,0.742013747507222
100,284,0.535215314533211,0.06365611262310562
100,285,0.017785756047308254,0.9417088870830262
100,286,-0.11902314240171386,0.6771313118362665
100,287,-0.19748972170954637,0.36429968970384075
100,288,-0.21859083276343227,0.42774822875047896
100,289,-0.26105694778288324,0.356696776929967
100,290,-0.37761454154724383,0.18454717206282834
100,291,0.25479082291585975,0.3590138950570933
100,292,0.03540969408374117,0.894296227929959
100,293,0.07284888731078354,0.777270061122312
100,294,-0.14460509677548927,0.5972946061085411
100,295,-0.46493193210665673,0.07300190898399767
100,296,-0.25321637784713324,0.33247120471872216
100,297,-0.14485203694795779,0.604493331447489
100,298,-0.1805871679133606,0.4719084761967094
100,299,-0.22094055198283158,0.42699504455129716
100,300,0.0692783657304048,0.7898525757189958
100,301,0.05048683838408685,0.8474919961710164
100,302,-0.0953586442572174,0.6973195764736396
100,303,-0.1737093365729212,0.5307620347788933
100,304,-0.12430323108458552,0.6158230506146868
100,305,-0.13913892612640666,0.6231712388300334
100,306,-0.2876322184757729,0.26496988375762137
100,307,-0.6471589775584494,0.00961698908467116
100,308,-0.12825235143231772,0.6669265249254469
100,309,-0.09226426993425285,0.7466753211548472
100,310,-0.106535587788823,0.7078836119933459
100,311,-0.32355424580693537,0.20848593221202588
100,312,-0.262774626832897,0.3563874539641729
100,313,-0.28068922430428955,0.25348489845486116
100,314,-0.29486371363516994,0.292384288162953
100,315,-0.3596660862174357,0.16698076257545105
100,316,-0.32123201028798576,0.23825920185270358
100,317,-0.20628315781889395,0.42142959892130544
100,318,-0.221125310163778,0.45098113379673266
100,319,0.04354514068270632,0.8590186318506992
100,320,-0.4259054376910747,0.14142254797132459
100,321,-0.14450414241935228,0.6015872566366872
100,322,-0.5517595471715602,0.04998205548089498
100,323,0.03175418332836344,0.9085752229046028
100,324,0.42434963655517777,0.13515575194520213
100,325,-0.03360751505860726,0.9055503788717958
100,326,0.001688078423619288,0.995376646321513
100,327,0.1081794606880635,0.6576339729343601
100,328,-0.042135113756392784,0.8723380433594848
100,329,-0.008988313981680207,0.971161471542086
100,330,-0.5008470833204113,0.07071166726388203
100,331,0.23309588516965718,0.3947262403557765
100,332,-0.025974502081931305,0.919601036300181
100,333,-0.4471183741081539,0.08469756851659285
100,334,-0.42899641352448015,0.06445782984222989
100,335,-0.2969517465960987,0.2673418673241149
100,336,-0.11862047801210274,0.6558876464375553
100,337,-0.11692230341756193,0.6353748075908574
100,338,-0.3987085476126708,0.15177646890793603
100,339,-0.06457089191108523,0.8095476897771708
100,340,-0.162159536835091,0.5654961027936395
100,341,-0.3397539658130526,0.19919280636145734
100,342,-0.5154702532772788,0.05307420878967036
100,343,-0.18556268067227677,0.46823620216951195
100,344,-0.23918927903395293,0.3741407918395461
100,345,-0.26012467469213085,0.33952239078777696
100,346,-0.19307712381675657,0.4462753632614998
100,347,0.03487563381429126,0.9005327885564881
100,348,0.24359408462606247,0.43026551600032553
100,349,-0.15728135756301853,0.5748968363774742
100,350,-0.6498316599909053,0.019248394711055994
100,351,-0.14757513197135452,0.6013336989286715
100,352,-0.4116918406025043,0.14352163776966553
100,353,-0.18861205593823627,0.45089444132152284
100,354,-0.7614133441134676,0.007457401402557069
100,355,0.14399722798108705,0.6084308914127942
100,356,0.13657387740137317,0.5646614465089235
100,357,-0.28414196186204244,0.25436387157100293
100,358,-0.36874574709062635,0.15329175303955717
100,359,0.2223494562552748,0.37390923599704123
100,360,-0.08963777697182351,0.7433378791618535
100,361,-0.1962279619360494,0.442273405053998
100,362,-0.1950364575551422,0.3973702166165811
100,363,-0.1441881625194288,0.5998179167772462
100,364,-0.16676432101592376,0.5302354637693646
100,365,-0.1017757131293795,0.6915648004410992
100,366,-0.5016925840611908,0.07373729158864761
100,367,-0.14781730005304894,0.6013975813918276
100,368,-0.4772618559311521,0.04702093267361574
100,369,-0.19341459825136909,0.4801217539282573
100,370,-0.14639355293532041,0.5829387728817452
100,371,-0.2118253864708155,0.345944338707178
100,372,-0.24484515794662265,0.38018267734292066
100,373,-0.18924639551745592,0.45761387121666924
100,374,-0.1434995891743327,0.5297188861352429
100,375,-0.11969963491718794,0.6820616477435493
100,376,-0.2819287862109352,0.33484342908706494
100,377,0.0032266075401121697,0.9902389945530584
100,378,-0.36147531904435226,0.19738743242993878
100,379,0.20124648709814963,0.42114687965531517
100,380,-0.4477705265574663,0.08399988070695497
100,381,-0.5019050175491726,0.09757152212278036
100,382,-0.6616569532903487,0.009704876155488628
100,383,-0.3582299787828056,0.1564404993894628
100,384,-0.34837244138959456,0.21246094294734857
100,385,-0.1885680665399132,0.47970025897777696
100,386,-0.047625380238526915,0.8541975803562274
100,387,-0.33021734257992286,0.14083320763141968
100,388,-0.2540587788057387,0.3755786479633332
100,389,-0.3426624639064624,0.20038785128605124
100,390,-0.1706162794859054,0.4330764646256489
100,391,0.018154946291581098,0.9440414499794013
100,392,-0.04541773895686241,0.8522170023132308
100,393,-0.4639022380949047,0.08317426685765457
100,394,-0.22300288965836224,0.38757198895311507
100,395,0.09394605918802235,0.6833108407334374
100,396,-0.013203624263983471,0.9609519081392043
100,397,-0.1025490940289604,0.6754099756274285
100,398,-0.3357721785753167,0.20194732241893007
100,399,-0.1971392714019995,0.5345834662837092
100,400,-0.5221341084090945,0.02370026110213889
100,401,-0.19094989717633482,0.5077254355982553
100,402,-0.02887266142874445,0.9133597884786799
100,403,-0.2556374768692109,0.3834985844678389
100,404,-0.3282402002687572,0.16763123198391083
100,405,-0.5303365578927792,0.037885450111570275
100,406,-0.2765952654796866,0.2857068610139156
100,407,-0.2505338302510154,0.32549781752303647
100,408,-0.39696003330212903,0.14884713893309118
100,409,-0.11813506836667997,0.6620120835523753
100,410,-0.14433783476409445,0.5886475401786831
100,411,-0.24114351332342387,0.39652400844077446
100,412,-0.37640335734841557,0.15316726733042582
100,413,-0.48676943834148734,0.04858241979570493
100,414,0.08130380268965354,0.7636923312922076
100,415,-0.04882560587131657,0.8546957577699528
100,416,0.6295258279025475,0.01340190644051939
100,417,0.2615222906524366,0.31973556232541683
100,418,-0.04974724623656712,0.8470708363814031
100,419,-0.19768577882469174,0.4231681496778507
100,420,-0.10764404218187984,0.7062585475659044
100,421,-0.31209001321670904,0.26130747692841505
100,422,-0.4491633928587966,0.11761430855351288
100,423,-0.6187155435143223,0.030426212887151582
100,424,-0.18020024049613426,0.5260276329652376
100,425,-0.6357605967566835,0.028205819598575925
100,426,-0.23741993826878627,0.3152678477168318
100,427,-0.20376650100032911,0.4411530781778641
100,428,-0.0954533197879055,0.71446887539685
100,429,-0.1340836599043218,0.6407206229286775
100,430,-0.4872179863547199,0.06655377516700448
100,431,-0.6083208576418624,0.03405747998753526
100,432,-0.01888152924709985,0.9463824498547869
100,433,-0.3435149609106052,0.1538029560115098
100,434,-0.19071077148274895,0.3647790634187707
100,435,-0.2781478766598262,0.31790121078878214
100,436,-0.16324161222065925,0.5285520161703658
100,437,-0.18115566623499113,0.5428162180824748
100,438,-0.15853134076790631,0.5218489465267722
100,439,-0.27568065537285413,0.2511676056809412
100,440,-0.14416222788133481,0.5921779821285286
100,441,-0.32094567242724104,0.2001600502944943
100,442,-0.11987831161765783,0.6423008166878783
100,443,-0.1447691737808956,0.5442096170446075
100,444,-0.6529378373160055,0.023458509788745658
100,445,0.04027372965000886,0.8704761423315628
100,446,-0.14699134000672842,0.5977991488015539
100,447,-0.07277436231576395,0.7741168632965686
100,448,-0.09797794376300395,0.7068541880337914
100,449,0.2512093403845199,0.3206504522785186
100,450,-0.1976334044554271,0.5050568576947945
100,451,0.015740698763108796,0.9541933681498054
100,452,-0.5851924292001973,0.05712602716305529
100,453,-0.09183606648577403,0.7120135096203151
100,454,-0.8148436347818748,0.0012182443660470226
100,455,-0.1923970069223131,0.44628086972439607
100,456,-0.1082874873018298,0.6746881106789786
100,457,-0.0041228235678527625,0.9857599120338845
100,458,0.07716165199278535,0.747708400094837
100,459,-0.15366609998171832,0.56613799835009
100,460,-0.2400234677737334,0.3601841193491105
100,461,-0.5508204696729724,0.04088633169964087
100,462,-0.11426310269082585,0.6613369115633535
100,463,-0.508871614364244,0.051650770343255895
100,464,-0.5723622657770839,0.04100753401532614
100,465,-0.5166206840452308,0.08941206027206312
100,466,-0.5878323389926372,0.03801259113840857
100,467,-0.28992532516387026,0.21913688261232028
100,468,-0.2706175123771679,0.2721061479687297
100,469,-0.06375858975726167,0.7908092906627071
100,470,-0.2615693528629883,0.3113806990414073
100,471,-0.20047843923395092,0.39553935401418183
100,472,-0.05596876053961175,0.8366771951466131
100,473,-0.36430862412925613,0.108327453670616
100,474,-0.30006427401541913,0.3088627764001056
100,475,-0.6241489683437527,0.026621102311920955
100,476,-0.18880254746050618,0.5234063348144466
100,477,0.017524425483642858,0.9473110912863998
100,478,-0.1524786664420681,0.5925355219283036
100,479,-0.17015615674613294,0.5394856694419282
100,480,-0.23518971750443285,0.38788083462169415
100,481,-0.26839390745659664,0.31256118674025296
100,482,0.13953115300176222,0.624353928332297
100,483,-0.40083733952670464,0.11461882608552289
100,484,-0.1284996753637202,0.6743919117317969
100,485,-0.4806518259478523,0.03936351538004529
100,486,-0.2953018749748004,0.21048968577717284
100,487,0.04276822468284891,0.8740856037145347
100,488,-0.18005138217208128,0.544492650290788
100,489,0.200404388715814,0.4797010723319359
100,490,-0.13466908905223463,0.6479964097551912
100,491,-0.313439168844619,0.21037438080957419
100,492,-0.1622347058263749,0.5555880067928305
100,493,-0.29242791526190537,0.25530470030459096
100,494,-0.08810369975776844,0.7113538308851973
100,495,-0.18688308772308204,0.4193749122171305
100,496,-0.5351555744307275,0.07149247274211623
100,497,-0.7000159617346604,0.0030938324075591877
100,498,-0.13205470505492123,0.6238475599869544
100,499,0.015042979305102122,0.9552793236178898
100,500,0.08672197816819072,0.74082804590535
100,501,0.17426350087512077,0.48262774960584826
100,502,-0.33853732432972805,0.21050317306924402
100,503,-0.10007162208479414,0.7196783856090728
100,504,-0.13596087902441845,0.6401649014959154
100,505,-0.10862379935587008,0.650736645091343
100,506,-0.01836193571870659,0.9458498956912264
100,507,-0.34277614569761816,0.17812227262110067
100,508,0.2353363647661748,0.33700307839811283
100,509,-0.34361523072673883,0.20486432665785884
100,510,-0.14639530855180283,0.5781974571371116
100,511,0.44700255729006955,0.06156457494576582
100,512,-0.25318480080263583,0.32094783010495515
100,513,-0.3792615002210322,0.12024711704350963
100,514,-0.5482574232457011,0.036701496107243214
100,515,-0.12319511282255213,0.6421252591951871
100,516,-0.19537988818246355,0.46511621637799305
100,517,0.01114313255508037,0.9606150760650044
100,518,-0.4936069242460608,0.05825714440140846
100,519,-0.4292355066073714,0.13457157197817451
100,520,-0.43703563755085284,0.0880100598811014
100,521,-0.11293194664610873,0.6757509338081029
100,522,-0.3043145699002814,0.34011743560225255
100,523,-0.20382828032902012,0.5055079397531583
100,524,-0.5107287743176006,0.03412653976685251
100,525,-0.006088293301015568,0.9816127838020446
100,526,-0.09973575013242275,0.6583277002364911
100,527,-0.7799492643437453,0.005246326804814711
100,528,-0.19523294682167958,0.509938946409207
100,529,0.0438970483354062,0.8729544027351238
100,530,0.017035667624993422,0.9417069438883722
100,531,-0.3898792288002717,0.15605200327098495
100,532,0.2394701079488044,0.33717304990767427
100,533,-0.038443671028169035,0.8890037271147733
100,534,-0.426231294908586,0.09532092596752846
100,535,0.10326460274942129,0.7172306911554289
100,536,-0.0956254395824665,0.7020721716086387
100,537,-0.18344905393165511,0.4136104558602749
100,538,0.03719815852222652,0.8790611027828478
100,539,0.08788792271863777,0.7768394505047389
100,540,-0.26965044891742984,0.33862981059665
100,541,-0.169656097925575,0.47524419835599135
100,542,-0.20141335322678167,0.40014287722810155
100,543,-0.5125998065934656,0.03267915594185818
100,544,-0.47272914610988437,0.08137594283197841
100,545,-0.43902655841839255,0.08119441146432924
100,546,-0.24495814405765515,0.4189166250605302
100,547,0.3297853839317071,0.21799757544328002
100,548,0.05257116729529088,0.8407036680183584
100,549,0.1993364591180562,0.4695549205678998
100,550,-0.3158514415455205,0.26130676444072143
100,551,-0.24343983328891206,0.31291163941444594
100,552,-0.18056797593541773,0.4585575322278219
100,553,-0.21359321077548366,0.4244121349945648
100,554,-0.04085734988156986,0.8729709545262996
100,555,-0.09969217930747121,0.7282638353374122
100,556,-0.09333117018376313,0.7162597415897017
100,557,-0.35017984801679525,0.21630289906896483
100,558,-0.3320313608052299,0.20053328038854057
100,559,-0.40202618510763344,0.13441660571071629
100,560,0.11342735600225495,0.6758213049769859
100,561,-0.14376634732235516,0.5626502485747693
100,562,0.39091663612414607,0.11061642532576844
100,563,-0.17164092705387812,0.5065768990703388
100,564,0.004744876539660936,0.985339566253572
100,565,-0.5052748732945087,0.06307428604495732
100,566,0.14609759304429915,0.5875990316956491
100,567,-0.045229413183133005,0.8547081528463585
100,568,0.0712904039138138,0.7968569114233575
100,569,-0.021609663479136287,0.9429912776547446
100,570,0.18689381595466514,0.45728588493571426
100,571,0.16685796755886706,0.4873420745083441
100,572,0.10898584867418748,0.6673443883520422
100,573,-0.5815672625151311,0.019198713351872475
100,574,-0.363355469539723,0.23613174758575123
100,575,-0.5340823828158294,0.06805492141937397
100,576,-0.19231585540815743,0.4295602078193121
100,577,0.04175011285274621,0.8658334205632948
100,578,-0.1321967783910054,0.6259837897963281
100,579,-0.1534660954560696,0.6033105341088743
100,580,-0.35174402132048854,0.20735975767443593
100,581,-0.38207806496773067,0.17483909108621848
100,582,-0.05206078972532957,0.8458848279854322
100,583,-0.16750213901092614,0.49188248783856986
100,584,-0.5943503859190784,0.04282232280598445
100,585,-0.06627971291495882,0.7715919996439885
100,586,-0.5939202308108182,0.02758270775202639
100,587,0.1388197994170639,0.5991027083059303
100,588,-0.5390887609801656,0.027957370779627018
100,589,-0.5869372755475037,0.011141465993275682
100,590,-0.07873218707512386,0.7704305732169832
100,591,0.009576395695459539,0.970374683580663
100,592,0.316270373093154,0.23430720156695223
100,593,-0.3238310045140178,0.2872784621259206
100,594,-0.11596458210918037,0.6446047079412887
100,595,0.45717213681104774,0.08656810012720531
100,596,-0.09134624893183485,0.6958755577508889
100,597,0.09418710349970105,0.7400530506597295
100,598,0.33820908630170443,0.14374002597633714
100,599,0.22991171695294454,0.40037218387353146
100,600,-0.012263245965401737,0.9641757768358712
100,601,-0.05335977191146135,0.8285509019451393
100,602,-0.025781021794465175,0.9186049746510722
100,603,-0.11262421886514318,0.6881151568755937
100,604,0.13528392634523634,0.6091494129403004
100,605,-1.0242106306784775,0.000456797058989518
100,606,0.24335994866328647,0.3495030219742113
100,607,0.12329779587464529,0.6056483490727291
100,608,-0.2556415973132484,0.3768252104003259
100,609,0.0701059883811066,0.7935573717027982
100,610,-0.540346061160152,0.04279294648612306
100,611,-0.09527301628652829,0.737093852632809
100,612,-0.18238153915663524,0.4808520328947876
100,613,-0.16886879174839997,0.4979679996489955
100,614,0.0929156048836326,0.7156598019034768
100,615,-0.11442776414865286,0.7131586529121186
100,616,-0.3313538958022537,0.21808326468587652
100,617,-0.296235981801674,0.29286602541804174
100,618,0.012423377312916983,0.9657091122825722
100,619,-0.121195901353925,0.6156517029656301
100,620,-0.5122040372250432,0.08098278112758842
100,621,-0.12454308656074353,0.6032995595154202
100,622,0.22164779819730818,0.33865103998334234
100,623,-0.20153489467456787,0.3907714124964067
100,624,-0.17209169519471956,0.5254377118315398
100,625,0.0754892587821363,0.7699549833503918
100,626,-0.26160932531784553,0.3502459297647885
100,627,-0.001248845043605229,0.996109272848478
100,628,-0.20781112385598632,0.40991825688097316
100,629,-0.4072560963980969,0.16043868612180234
100,630,-0.659574255147021,0.013919268230357445
100,631,-0.030502060499840056,0.9040476681593892
100,632,-0.2662337525147933,0.3691176483039869
100,633,-0.40216046588314214,0.16593614483523836
100,634,-0.22634331334188573,0.4254586361031156
100,635,0.1144614491362912,0.6341092250672673
100,636,-0.011535195822499844,0.9628599609502498
100,637,-0.4107906012635141,0.09994663393705523
100,638,-0.009904370349260283,0.9710412652776352
100,639,-0.9306570700530328,0.00034454745042799656
100,640,-0.00304988589121713,0.9903132798106742
100,641,-0.09492157991441985,0.7356156431094854
100,642,-0.7857291947865441,0.0004845087817897951
100,643,0.08472114273909348,0.7382896668355835
100,644,-0.29152789391985046,0.38241716391730984
100,645,-0.36376195711345183,0.14095028848129743
100,646,-0.2871126183081234,0.3237776106223374
100,647,-0.2912589722762373,0.20782829156000607
100,648,-0.23822186098126785,0.43562303991212076
100,649,-0.0791712608089572,0.7559023334378204
100,650,-0.25008863852132457,0.32979431325960024
100,651,0.1705850121326158,0.5210556181281439
100,652,-0.08861454108762956,0.7404506246757749
100,653,-0.11308283328044766,0.6791932507630734
100,654,-0.41937632986408246,0.1254302465870343
100,655,-0.38931131914827066,0.1688680113493375
100,656,0.34493456317941806,0.1378100138909801
100,657,-0.4442171963756856,0.09799966355183176
100,658,-0.3246415181966036,0.23106277273218043
100,659,-0.2728463638876857,0.3192487931189315
100,660,-0.12441978320675773,0.6267551578600159
100,661,0.2014704802782461,0.47531561156134344
100,662,-0.056753965731404676,0.8264139773827998
100,663,-0.1010125651196141,0.701150981444619
100,664,-0.12737204446200323,0.599035322239758
100,665,-0.5393903241223619,0.027506261281666982
100,666,-0.0755161664758468,0.7535686362073996
100,667,-0.21582429026381256,0.42287368500647954
100,668,-0.5616062809567701,0.0394337475142637
100,669,-0.33285976350355106,0.2167463263024109
100,670,0.004221540856667261,0.9872329726111285
100,671,-0.08996387018109786,0.70644172559119
100,672,-0.1678297902424397,0.5262199736011619
100,673,-0.09708423249512776,0.6839125354351807
100,674,-0.3599219046665638,0.2021557508686475
100,675,-0.30582201844269896,0.2558091829657216
100,676,-0.26103047917042055,0.3154771487060522
100,677,-0.7288677540403059,0.007420052126524835
100,678,-0.06561588858462564,0.807696649605517
100,679,-0.36682730539355646,0.15781287850402342
100,680,0.21245814766725601,0.4379086340354166
100,681,-0.4066496402910733,0.09261699816948356
100,682,-0.3480551083490173,0.24121527119319958
100,683,-0.21591541754887267,0.4615502576755303
100,684,-0.4190511439655502,0.10244103471576473
100,685,-0.2914169039727623,0.2278652038686525
100,686,0.09678012568847905,0.7231812949539245
100,687,-0.07952045200273261,0.7517979933963528
100,688,-0.21880599050500038,0.38869780984103486
100,689,-0.29400018273603656,0.27725245043115604
100,690,0.2002559358948659,0.43074063877677077
100,691,-0.16054725632123734,0.5089755259231127
100,692,-0.18862686120012384,0.4345295903553553
100,693,0.3087137650843079,0.24758343431100263
100,694,-0.048121740633305876,0.8539406135130225
100,695,-0.19512637138673838,0.4051455044473595
100,696,-0.14653643802547922,0.5664244314916468
100,697,-0.6898403934608126,0.017910277415002656
100,698,-0.06304686953965621,0.7984543618566057
100,699,-0.017263145576629668,0.9549930601446279
100,700,-0.8345459251016436,0.002269594022522882
100,701,-0.12200457962437739,0.6868278163716267
100,702,-0.04045939404867127,0.8924228305473333
100,703,-0.8456123641209574,0.001094806955289701
100,704,-0.19444073295687403,0.4825037176415295
100,705,-0.36576279590364535,0.1367929194158822
100,706,-0.16214496667270062,0.5720435187409295
100,707,-0.3531056671399604,0.17009056130111022
100,708,0.0030820104099813506,0.9910041604813858
100,709,-0.3484262529276574,0.24680764956520698
100,710,-0.1385166726494731,0.6232876727277162
100,711,0.07536513355127106,0.7876372445869471
100,712,-0.08457675551788668,0.764322866084163
100,713,-0.1318171821500087,0.6244372641344248
100,714,0.017695388057321182,0.9419460155799005
100,715,0.25185612551409164,0.3758367686557594
100,716,-0.24533054885515604,0.2977321967413758
100,717,-0.3048938027786079,0.2812509870520208
100,718,-0.14201254271033292,0.5942763815213062
100,719,0.24229445686929374,0.3924704663052487
100,720,-0.5212797252154378,0.04529038395269299
100,721,0.06016926174476289,0.7928405905005581
100,722,-0.10201438680713792,0.717960543803221
100,723,0.08784931175807387,0.7324522982407684
100,724,0.03443884152271082,0.895993597027932
100,725,-0.1448631441851198,0.5287709089316343
100,726,-0.2020627577647005,0.4411879776683578
100,727,0.08842713490499499,0.7057309638649724
100,728,-0.2930312775275681,0.2629357119649559
100,729,0.015908135642819232,0.9461328040691477
100,730,-0.3469083119502283,0.12364928771129377
100,731,0.1585520663769433,0.5738685743147237
100,732,-0.08170215206217257,0.7552615919343836
100,733,-0.05346529465688121,0.8170060132425709
100,734,-0.3053170950216284,0.22012457054649837
100,735,-0.6630054791905673,0.008948264786758777
100,736,0.03542051844080696,0.900090397509609
100,737,-0.21831690450706276,0.37456925735316304
100,738,-0.041539026258998746,0.8719688423349804
100,739,-0.40458397074513464,0.16430048943856324
100,740,-0.010641860106668233,0.9707206681145681
100,741,-0.20322371212797918,0.4693827065125235
100,742,-0.0038828659196283866,0.9886117997692152
100,743,-0.047208866617600265,0.8556366674871483
100,744,-0.33457093798226367,0.18887836272274316
100,745,-0.03841358507593995,0.8886399333746272
100,746,-0.10340275294664636,0.680593977112466
100,747,-0.4787091948918505,0.07312867789121814
100,748,-0.23453147566801213,0.3059805081181494
100,749,0.08692837406971776,0.7275379642914885
100,750,-0.10434748992074461,0.6595599036675648
100,751,-0.2850962727123072,0.2937285801421639
100,752,-0.1332240494600878,0.6490971671920739
100,753,-0.03286848445532975,0.8993270043731889
100,754,-0.11649501468201606,0.6658853868924918
100,755,-0.1984131007930685,0.49628643793558325
100,756,-0.12142302138440186,0.6376276845538289
100,757,0.35692703571251094,0.1670530856752687
100,758,-0.2027667457348521,0.4941428838254893
100,759,-0.18298402990801677,0.48815051817654
100,760,-0.3734501010349227,0.13550643006295665
100,761,0.0030397798071675197,0.9910602997064154
100,762,-0.6651527286994892,0.011576267252622814
100,763,-0.38310469027024396,0.14671074796703068
100,764,-0.5597932623998103,0.03700815427499134
100,765,-0.09757607310358196,0.716739562641653
100,766,-0.4681406375502757,0.08992247680103724
100,767,-0.24618909735288774,0.2956157228862012
100,768,-0.18475384367603276,0.4584887782687267
100,769,-0.2332514287450147,0.3711545874890664
100,770,0.014300187847211987,0.9558477113848772
100,771,-0.04906929814715255,0.8368125054639063
100,772,-0.5228298580124342,0.06886992637652085
100,773,-0.02768624783757012,0.9114132392189483
100,774,-0.07669683080044898,0.7603230938613125
100,775,0.019827247822728822,0.9438290895005496
100,776,-0.12727305087119767,0.6665646085541577
100,777,-0.045978099320294064,0.8687993573593569
100,778,-0.02524054993861391,0.9277063722910928
100,779,-0.16494085056281094,0.49589638146982645
100,780,-0.3462895357524136,0.19050265475430567
100,781,-0.3913445038929755,0.10663154282932269
100,782,-0.55359830645342,0.04753151788098084
100,783,-0.5261555109230036,0.0396214303940598
100,784,0.07030895834637363,0.7905872344154392
100,785,-0.41601046759206284,0.11065804975158254
100,786,-0.1366746524794742,0.5731774972087529
100,787,0.10643426591608574,0.6571570188004544
100,788,-0.3335590598531084,0.21105913322103054
100,789,-0.4939349010347076,0.06632011589977403
100,790,-0.454423311301559,0.08676020162296148
100,791,-0.15124461704553127,0.5359349219534888
100,792,-0.2751009575094443,0.3160574019076724
100,793,-0.6523699193762722,0.013563215915209082
100,794,0.24701191796386546,0.34835881006369207
100,795,-0.10127689192978373,0.6927105749167325
100,796,-0.28863099897122524,0.2733888220390678
100,797,-0.12997271160897483,0.6330379604405099
100,798,-0.0370236176630403,0.8998922489372448
100,799,0.1795157669524201,0.5047057654411611
100,800,-0.12427975447109674,0.6461451816757883
100,801,-0.061309710078138124,0.7950861670568949
100,802,0.08236960908260116,0.7504871356797421
100,803,0.040130319764204,0.8815803896248341
100,804,0.016943141486782665,0.9460646241474814
100,805,-0.4181007332065292,0.16346565725865936
100,806,-0.5243982473796418,0.09297175169270358
100,807,-0.03421091928533038,0.8937904520491894
100,808,0.3349284333774314,0.17428831045996085
100,809,0.5041135001894119,0.09464311756834548
100,810,0.3046939891462941,0.31592593762623894
100,811,-0.03645552434209165,0.8797900256452086
100,812,0.12993166183729876,0.6265738007013073
100,813,-0.13945228264036302,0.6176179678206515
100,814,-0.15076955784845936,0.5759904787610286
100,815,-0.15617676810024683,0.5386644535750756
100,816,-0.3814236011229397,0.1581283902631
100,817,-0.4609009140496063,0.05627912608011422
100,818,-0.066332977707102,0.7626681779261402
100,819,-0.01800708196443246,0.9476139843838579
100,820,0.10057075081185651,0.6596006518684876
100,821,-0.28523169852004493,0.3193850494733197
100,822,-0.35066930634610216,0.1512968784545034
100,823,-0.048948251075746185,0.8647024760282964
100,824,-0.8569591704876514,0.0020062476855096933
100,825,0.024962560651806243,0.9273475392315536
100,826,-0.19481618881374452,0.5394251011821339
100,827,-0.3204668546818379,0.21494116123294457
100,828,-0.1726628763435567,0.5462123586528226
100,829,-0.4667019132005734,0.09670401620320163
100,830,0.014805263566390892,0.9606762187226631
100,831,0.2630729778023202,0.36966678547146714
100,832,-0.15347749502733166,0.5637909017906433
100,833,0.10893268622539587,0.6824870057292806
100,834,-0.05907101425848893,0.8267548307503607
100,835,0.07911000610830499,0.7612998962789606
100,836,-0.6835870954400631,0.0069126573541479315
100,837,-0.23268154713957223,0.3433696798285197
100,838,-0.1484126018471219,0.5887398660005188
100,839,-0.3756115105728579,0.18576337226624623
100,840,0.09109497802695721,0.7361206182182153
100,841,-0.36833612903891577,0.1726179054651438
100,842,0.00335748508363487,0.9902280654344509
100,843,-0.259703498476469,0.3416039773383103
100,844,-0.05520819827362722,0.8331944645975918
100,845,-0.7194350760685895,0.008391887375501299
100,846,0.2700587753119361,0.24765262240650193
100,847,-0.3265133346757292,0.16838633510808432
100,848,0.08432854461834438,0.7655301640320912
100,849,-0.21264607661626478,0.4249600942384083
100,850,-0.5559610429255724,0.01539809317075839
100,851,0.013441987531308541,0.9579513289733455
100,852,0.022806084080356115,0.940317171671283
100,853,-0.6828615528930815,0.008999912600416451
100,854,-0.4993820628945205,0.07773773984339188
100,855,-0.37290856875321765,0.17734439569496938
100,856,-0.399249436849491,0.16228913794350305
100,857,-0.20055240637127625,0.46982207162673073
100,858,-0.1902742020675312,0.488671013300491
100,859,-0.3914881941693036,0.1509049368983704
100,860,0.17761439120464573,0.4702015042960091
100,861,0.1719882867844138,0.487578830319806
100,862,-0.023367681588689848,0.927950563370187
100,863,0.21702794244323798,0.38670674875056854
100,864,-0.10792870649005692,0.6408075807185927
100,865,0.05218433736778216,0.8363650123590495
100,866,-0.2584450372560152,0.30970618521340115
100,867,-0.24125955973910962,0.44281590847685176
100,868,-0.20680806463304435,0.47430321174071527
100,869,-0.05538412788032154,0.8460161133989558
100,870,-0.23417521803588137,0.3094482465023223
100,871,-0.0906387365392991,0.7028742652626113
100,872,0.06307160943484824,0.7913091811628603
100,873,-0.2690639484078581,0.3587074063831436
100,874,-0.7067651437351348,0.00695183589271458
100,875,0.10509053297328386,0.7049046502090331
100,876,0.004068180302773783,0.9868683474829356
100,877,-0.5824829354876702,0.02343314560291349
100,878,0.03268890983952488,0.9048594650311684
100,879,-0.15687053682922247,0.5422408771940322
100,880,-0.7166830278751215,0.017266813957905136
100,881,-0.06106685865294459,0.8118525655564346
100,882,-0.18321695912401914,0.5185237552477149
100,883,-0.138372097170965,0.6141235834606924
100,884,0.06698161746222908,0.7903090792379208
100,885,-0.1448461454496961,0.5943897879463824
100,886,-0.21120439913193145,0.4239291353510706
100,887,-0.35469658156280204,0.1870215177619479
100,888,0.0389527231312492,0.8785160859385004
100,889,0.4576369317596001,0.1107704324100419
100,890,-0.25672603707176656,0.3801979488176083
100,891,-0.004208027449834617,0.9889270372009524
100,892,-0.3202794139842542,0.2563238924882717
100,893,0.1395795170743952,0.6099711522875597
100,894,-0.08514102772953258,0.7541371059600422
100,895,0.22536088535895793,0.37676795529541424
100,896,-0.13003646577652006,0.6201812134063709
100,897,0.03054636536184141,0.9115147298577818
100,898,-0.15848043576362514,0.5454949183099247
100,899,-0.4183904627213728,0.1144038405188846
100,900,-0.5564632069891982,0.034339112394681896
100,901,-0.11328805114190388,0.6534385765430023
100,902,-0.1906801789251631,0.43435395550061656
100,903,-0.1644054123658769,0.5742591944342903
100,904,-0.24251648066991116,0.38340051535727
100,905,-0.1779950346139394,0.5224975052831904
100,906,0.0039587005939427655,0.9881456703314458
100,907,0.18209432743625875,0.5160504696114055
100,908,-0.39938832812032565,0.14175590733538235
100,909,0.06959750792168329,0.7620418373611062
100,910,-0.41593929852595934,0.11590983543088698
100,911,0.04752337021717068,0.8497610119622889
100,912,-0.4264838671027764,0.1026077027220404
100,913,-0.37244307955019806,0.12256351189983428
100,914,0.17862879472434123,0.45296746716035596
100,915,0.42447860672492865,0.12157627693472145
100,916,-0.29541244590779137,0.2376344561391303
100,917,-0.1910490005924803,0.4588227989914278
100,918,0.22623743603498703,0.32008129707780775
100,919,-0.19240537431543103,0.4869524453357355
100,920,0.030725713226969376,0.9004461764223722
100,921,-0.07611400694884018,0.7612373669982034
100,922,-0.4860157291553886,0.05660194591661934
100,923,-0.4575155985471504,0.09707382004385955
100,924,-0.2480948860554033,0.4121188302266378
100,925,-0.08059291227632848,0.7707433272983468
100,926,0.07333477656577259,0.7960841161291362
100,927,-0.49451569138679297,0.06171521750830364
100,928,0.03584250977949921,0.8944400974308366
100,929,-0.4350958267170384,0.1230144688399133
100,930,0.09053636292046185,0.7214967763631746
100,931,0.24329965052188385,0.37547878412383934
100,932,-0.12349480192436246,0.6353956988710834
100,933,-0.30279712498189504,0.22915148964286272
100,934,0.5966872935412564,0.020687076137248024
100,935,-0.48835231573671045,0.08109807656050484
100,936,-0.20225689234483646,0.5265731509253969
100,937,-0.30490726384966926,0.22396729236285984
100,938,-0.20465343885682863,0.4471574085247147
100,939,0.03825401231568826,0.8926790606430708
100,940,0.1184370779871795,0.6367204871465642
100,941,0.2030407449490763,0.4062114814371227
100,942,-0.16654341771020498,0.49262812130203704
100,943,-0.1310890557776787,0.6210982763667893
100,944,0.19596294780449064,0.4241375050819326
100,945,-0.3851330042392309,0.0773184399581488
100,946,-0.4320296019591954,0.09068495453753432
100,947,0.24981236925240324,0.30316357989247517
100,948,-0.5271972030273915,0.06094795187113411
100,949,-0.35506743546169695,0.202132023853154
100,950,-0.6929113003194587,0.010351960264970891
100,951,-0.31253485313736284,0.27320334277512764
100,952,-0.08683240302109496,0.7280420468741191
100,953,-0.3301311986639952,0.1764918642275711
100,954,0.21342808459103502,0.4178413375304677
100,955,-0.21289157368749834,0.44947570490547295
100,956,-0.30462369544661705,0.27156293336973053
100,957,-0.7829554082856252,0.010906675185088555
100,958,-0.26241310183892175,0.3987511587660943
100,959,0.2006773273232767,0.47616888876311525
100,960,-0.3568899659394962,0.22422315244238797
100,961,0.22850638667359213,0.3787990783607914
100,962,0.24791715112573876,0.371736621099445
100,963,0.05992363401688827,0.8041051629481639
100,964,-0.5156845386955062,0.06466059561520104
100,965,-0.15004977718389156,0.5927182589323925
100,966,-0.2891962500364684,0.270680199424954
100,967,-0.22125761306945968,0.37892972469353375
100,968,-0.2610175979103886,0.2665343453083817
100,969,-0.11251137212661178,0.6746613736501504
100,970,-0.41290351529492675,0.13578128189919278
100,971,-0.5074274822781142,0.05197188601799829
100,972,-0.32251402856372735,0.22709271713873105
100,973,-0.02537688600700516,0.9181915544609959
100,974,-0.3984106949809991,0.1922217840936391
100,975,-0.3305162059533622,0.1736081044851975
100,976,-0.4827698738787989,0.07759358995999315
100,977,0.056119035167322195,0.8402909592087142
100,978,-0.4339356351417507,0.07000632165810593
100,979,0.005692914080317024,0.9866152960716447
100,980,0.08799655345954527,0.7180414128004025
100,981,-0.030076866490311716,0.9033770217644115
100,982,-0.22913643276524986,0.41193315295717214
100,983,-0.4422730070354337,0.14988919103369744
100,984,-0.6580954806514319,0.014737169654436975
100,985,-0.41991769207064067,0.12772735764491983
100,986,-0.36498151374522436,0.19658480786243201
100,987,0.41012447319397616,0.1999376734802206
100,988,-0.128886220566093,0.6145511926054653
100,989,0.04986942821133944,0.854456060536696
100,990,-0.23624424107583053,0.33011463825199033
100,991,-0.04506086997769643,0.8555643347660444
100,992,-0.0571573882269103,0.8476704152217749
100,993,0.012520206335413064,0.9662575718615227
100,994,0.01829328276107134,0.9399038436332117
100,995,-0.4216529722957887,0.12154317121635942
100,996,0.4901992574549805,0.06006126842015877
100,997,-0.4668302764905299,0.11599014269564091
100,998,-0.1605243061603101,0.5127158174298311
100,999,-0.27108782426066647,0.3452432685724614
200,0,-0.18587371696400368,0.2916772645917477
200,1,-0.011405095524857245,0.9528663720588925
200,2,-0.339472471644811,0.0713950364349539
200,3,-0.405749173012226,0.022628199636198856
200,4,-0.25971382496319784,0.18109734114940465
200,5,-0.185447220228939,0.3371511067480994
200,6,-0.00761086979240666,0.9686726760109176
200,7,-0.1803599252953525,0.32224055087982917
200,8,-0.23375109732833899,0.18457900096360458
200,9,-0.28823014320407303,0.117864689248262
200,10,-0.3235090599882948,0.07465050857410288
200,11,-0.22225365290767662,0.2639969172217226
200,12,-0.30059157322679475,0.08668755701411074
200,13,-0.22526758046444328,0.24568779946527267
200,14,0.03463393909488133,0.8517295486905404
200,15,-0.22685202262680093,0.21560251467390817
200,16,-0.07983507570596515,0.6408406296424033
200,17,-0.4750308952156974,0.00698477282293764
200,18,-0.29974431065092944,0.11785532460343108
200,19,0.06559980409309674,0.6829617586637856
200,20,-0.013672908994186272,0.9411155340498281
200,21,-0.16740960982202502,0.37202230102715067
200,22,-0.05112407991288137,0.8030696342567569
200,23,0.016336926441708144,0.9346267921315079
200,24,-0.028508268341747467,0.8806872386148681
200,25,-0.11238491893512403,0.5558761525316859
200,26,-0.0950342344413837,0.6111035175778344
200,27,-0.3267093496894784,0.07191846153577167
200,28,0.13792237536095797,0.44069963484802055
200,29,0.014681431342868478,0.936407637139641
200,30,0.01796751937063057,0.9205551930477974
200,31,-0.6272082401182235,0.0007545124422813028
200,32,-0.37638133124998774,0.045083350988487585
200,33,-0.3331807255629151,0.07027104737120914
200,34,-0.12547366877823585,0.4921505718699448
200,35,-0.238300941928971,0.18568275529954456
200,36,-0.11197686775377491,0.5103470906323048
200,37,-0.2820277264006741,0.10969564716992455
200,38,-0.29924537101590865,0.1140328817149284
200,39,-0.15941293793943245,0.38946339905793553
200,40,-0.3677539919432977,0.054145106730472174
200,41,-0.08578990139420739,0.6513834328366683
200,42,-0.3151336692892315,0.09185127624177514
200,43,-0.0053507581172524965,0.9792049946040395
200,44,-0.09769113424215803,0.5989953065504222
200,45,-0.25138475292364504,0.20674982785275353
200,46,-0.3296302522396637,0.06285663957863671
200,47,-0.03318727316263548,0.8658850126343803
200,48,-0.15903968478864172,0.3965941442441435
200,49,0.017320972068970875,0.9239399725144297
200,50,-0.047996619968975196,0.7916084768990115
200,51,-0.34522657547822355,0.06442285802866954
200,52,-0.14445837913969228,0.4526592464391379
200,53,-0.12256554081412041,0.4806251291547696
200,54,-0.27400000143156866,0.14275314276476092
200,55,-0.3040781436669686,0.09424290119895105
200,56,-0.3676193392643814,0.06459812052314515
200,57,-0.20059239666070994,0.28467816348488734
200,58,-0.39226637403014486,0.03659249520224168
200,59,-0.30110719833546185,0.09769347716669037
200,60,-0.3323114346912739,0.07866486790523422
200,61,0.09782134712627233,0.6083364299535698
200,62,0.05941421438270034,0.7669356049214113
200,63,-0.04754890317188121,0.8079635893840322
200,64,-0.02011627912868441,0.9127980856424758
200,65,-0.47039043204491726,0.011091252517982863
200,66,-0.24677430208025086,0.1620288099127775
200,67,-0.35107264568947905,0.05682191606778505
200,68,-0.363738345186011,0.04519837908666374
200,69,0.11347792505898013,0.4921224538359428
200,70,-0.20142870503064714,0.2568295588672216
200,71,-0.1382934922307406,0.4538409178655216
200,72,-0.10125347566226495,0.5824034082773265
200,73,-0.37078351901651274,0.044100487683434775
200,74,-0.028788373702754555,0.8780730951123514
200,75,-0.23691961131694228,0.2037523945418973
200,76,-0.10324236101405582,0.5708478328328622
200,77,-0.47340429579626253,0.010303606305322028
200,78,-0.17121449045184178,0.3959023721156867
200,79,-0.187129714217928,0.3319457017967535
200,80,-0.22889922560189646,0.2097754825806976
200,81,-0.38283427913221146,0.043423174319020444
200,82,-0.22460695608670278,0.2083310236735911
200,83,-0.27406829893966034,0.15114358093131688
200,84,-0.03160034638125353,0.8609053658138611
200,85,-0.2438734373234528,0.1485627801681964
200,86,0.055335186296908034,0.7731607451199729
200,87,-0.18886668058096312,0.314098337653227
200,88,-0.15696069714706695,0.3683049788807762
200,89,0.01820224136341153,0.9209939670000568
200,90,0.013286734421788182,0.9392964500656233
200,91,-0.3118419498925036,0.10034309338656511
200,92,-0.13223887094589415,0.47498659816622446
200,93,-0.0901867548335833,0.6321269753212457
200,94,-0.23696912943052517,0.21775692680594635
200,95,0.20572420828356996,0.24585554224892453
200,96,-0.047197489133520065,0.8038729522392364
200,97,-0.32387333551359276,0.07087078086258172
200,98,-0.037765450561941805,0.8349451008735758
200,99,-0.2805422202289325,0.1218795287451522
200,100,-0.016778848292862136,0.9265062733483617
200,101,-0.11447369694473508,0.5236875455911453
200,102,-0.23973451817206204,0.22855790443622467
200,103,-0.17820777172479652,0.33494764533601273
200,104,-0.17253926262805663,0.33309411733173444
200,105,-0.21174397880650453,0.2434435899674887
200,106,-0.3063992351554017,0.10863591476076498
200,107,-0.01485963553177072,0.9265965045119138
200,108,-0.6359964856360616,0.0004702734121407905
200,109,-0.33038519836374824,0.12274111424881394
200,110,-0.16041686038162162,0.3991132377319579
200,111,-0.018740436811288674,0.9147808534653818
200,112,-0.17355864452001057,0.3358740157679743
200,113,0.08366352882221406,0.625358875651397
200,114,-0.2908387341559511,0.10416237517517277
200,115,0.027607832206829386,0.8811270790929833
200,116,-0.40554927435120547,0.033123820569625324
200,117,-0.14606308410982294,0.4333784303140768
200,118,-0.41557971709230124,0.01692173507406317
200,119,-0.07488494890044883,0.6831999677611734
200,120,-0.3514759897491011,0.05573064425578631
200,121,-0.11999136358991436,0.5198716269027934
200,122,-0.001516507598942951,0.9940407395440137
200,123,-0.18176890861800743,0.30336469156729123
200,124,0.021124112318332777,0.9028408213281963
200,125,0.09434244369518474,0.5974486458036289
200,126,-0.1300059789665351,0.46719963118334285
200,127,0.16121306141233838,0.4235809589878943
200,128,-0.17773400973820053,0.3183115158130942
200,129,-0.2282888207795004,0.21538305657989315
200,130,-0.30145589502170544,0.13125360276487733
200,131,-0.41866877248171264,0.02515147587602112
200,132,-0.4651187979562845,0.007537841795482598
200,133,-0.09737682158712424,0.6065920901990535
200,134,-0.23107677507480062,0.19452225656373168
200,135,0.026920546177855442,0.8858878064557801
200,136,-0.1787000227242288,0.33220829715298356
200,137,-0.17350320432532662,0.3281234503506237
200,138,-0.23767781948564348,0.18739573812198349
200,139,-0.15571891722372122,0.41922810519715464
200,140,-0.014218568667054399,0.9385250765932397
200,141,-0.24652162915588427,0.19398131627077062
200,142,-0.22327943644355663,0.2584785635904199
200,143,-0.013844765407128534,0.9357251199129536
200,144,0.05272308883049526,0.7614468349535906
200,145,-0.2109246688976789,0.2619651760240338
200,146,-0.09329445940010395,0.6198850747033348
200,147,-0.05926172624094761,0.7401488341996137
200,148,-0.35533969694835044,0.04826957680053595
200,149,-0.17928984630364653,0.3350260271996099
200,150,-0.179525911543017,0.3269763272524859
200,151,-0.02912493964638152,0.8698840834042673
200,152,-0.3426906535081038,0.06576034375855556
200,153,-0.3034620543949007,0.12595734197075995
200,154,-0.1267384029614771,0.4842794132227589
200,155,-0.39277068561463224,0.03561583951907585
200,156,-0.09374379098087715,0.622446227068924
200,157,0.0682083740566064,0.7001371003277675
200,158,-0.046665226185087505,0.798134620145275
200,159,-0.2201434058901981,0.26547484638212726
200,160,-0.3373651932948327,0.07335409406792359
200,161,-0.13695295811502817,0.4514424610031322
200,162,-0.2458434803359708,0.17803120136393563
200,163,-0.09959587859476571,0.5864203681137409
200,164,-0.13085899104992116,0.49597082754453303
200,165,-0.09377202038439769,0.5811532243082476
200,166,-0.13366963304076052,0.46299989705239586
200,167,-0.18510222651367592,0.3298638296216683
200,168,-0.23363098479707567,0.15646594428748375
200,169,-0.19234362560464824,0.30391629639600687
200,170,0.16413267049020774,0.3883378889379374
200,171,-0.03756036310831412,0.8277216296375518
200,172,-0.1506506061823636,0.4061726312265073
200,173,-0.18022230303356856,0.3360231725963802
200,174,-0.24966002158847722,0.19111077446221886
200,175,-0.018964712263613848,0.9224390940125862
200,176,-0.4304763739196744,0.018705127828275155
200,177,-0.1436986102484319,0.43942594412670644
200,178,-0.2107192037461303,0.2569629194075242
200,179,-0.10316275620670545,0.6003138592744711
200,180,-0.08010806525242842,0.6387912581528826
200,181,-0.511093585285451,0.00968082835979926
200,182,-0.0012455868306684437,0.9951083014817149
200,183,-0.06314424114121842,0.7178198284324061
200,184,-0.2583983787844737,0.15123702164259875
200,185,0.01525078197584584,0.9354725458205391
200,186,-0.039649925482100556,0.820421634867645
200,187,-0.2605274229137713,0.1668975112810742
200,188,-0.31857538927097906,0.0799212958780591
200,189,-0.17961672985181032,0.3458561930511322
200,190,0.014666857330723815,0.93133940849813
200,191,-0.2935229062685849,0.12999042952974396
200,192,-0.27345847208830065,0.1535718570699252
200,193,-0.05667749865594729,0.7726067880559014
200,194,-0.3537186661927265,0.06313290252150809
200,195,0.20587002619206096,0.2525969716755341
200,196,-0.1759253481338643,0.31187203295754373
200,197,-0.14950818680597422,0.43067772041538804
200,198,-0.27382998745997256,0.10203486872482617
200,199,-0.1612657242588007,0.35247524997781804
200,200,0.041012576710951265,0.8185284919197384
200,201,-0.13710081185761247,0.4622683311705533
200,202,-0.27782499184348985,0.11274476725381102
200,203,-0.3455770248580592,0.058290442060275116
200,204,-0.37719142886104784,0.04479021117231927
200,205,-0.265526489742836,0.12618145192415392
200,206,0.045282803362583834,0.8104759931895148
200,207,2.7180194782872036e-05,0.9998834613338534
200,208,-0.19351097466207534,0.3092195791728368
200,209,-0.20959406020083904,0.26754492725018764
200,210,-0.09026191177982312,0.6135519383825003
200,211,-0.2459126801385363,0.19523441890193113
200,212,0.08746819608583856,0.6226748009397165
200,213,-0.0417595395933823,0.8117462420663392
200,214,-0.19494005218803245,0.35739052940266963
200,215,-0.17404047266590084,0.3252824372792947
200,216,-0.11186215392151233,0.5750929806608084
200,217,0.09651241127259347,0.5778895386525879
200,218,-0.14596570177559798,0.40471243736373247
200,219,-0.2504548241612543,0.16410884761210956
200,220,-0.33678694679423593,0.061143748419725794
200,221,-0.14627709503494302,0.44196135033540224
200,222,-0.21006671496589924,0.27599561006823614
200,223,0.04440488554209665,0.810120005539456
200,224,-0.04315589333415204,0.8174623854328545
200,225,0.1384085638017769,0.42842031174066625
200,226,-0.40520539258170096,0.029127968173856923
200,227,-0.23845555227945248,0.17365115618132784
200,228,-0.20264268913208738,0.2986407001424309
200,229,-0.0370104069555488,0.8379455796229716
200,230,-0.06032319516054763,0.740151830538962
200,231,-0.15661159937863545,0.37905740031814267
200,232,-0.07247983306057293,0.7037858630031517
200,233,-0.25425832133676884,0.15484827990303282
200,234,-0.09556414043791328,0.6143267749656848
200,235,-0.1731216956986863,0.34710663327137387
200,236,-0.05316479084174475,0.746047563912718
200,237,-0.5331498664598531,0.007274480692800687
200,238,-0.1167929983691387,0.5488530657073576
200,239,-0.25865713523344347,0.20268487688867015
200,240,-0.22439121182253885,0.19635323180873263
200,241,-0.0840243398668079,0.6621252758402753
200,242,-0.4165708171825795,0.02723376363407363
200,243,0.05199108491614801,0.75801085012448
200,244,-0.2750645214114069,0.15159182352676834
200,245,-0.25673705642997824,0.13865327142614045
200,246,-0.24485153285743877,0.1528515072927046
200,247,-0.05834384735054243,0.7558032482457493
200,248,-0.030000966184534406,0.8743334382153015
200,249,-0.17938112422413255,0.3606999031978424
200,250,-0.25647112491186164,0.16114503560691987
200,251,0.07029679111509601,0.7075789655532236
200,252,0.01867468563209762,0.9168413494710211
200,253,-0.5472919697533278,0.003868537186685512
200,254,0.06524861609245747,0.7036225903447894
200,255,-0.04812615077999638,0.8035824145910438
200,256,-0.4939737159079627,0.005921983985381555
200,257,-0.14162243110937034,0.4484890855299497
200,258,0.07131980939606386,0.6942379803424509
200,259,-0.10777374255735239,0.5327901714148642
200,260,0.10472508636572009,0.5943331091035116
200,261,0.09428361663803919,0.606905653877018
200,262,-0.22368685450575398,0.2585875113822797
200,263,-0.0502061797424016,0.7626793540837434
200,264,-0.41668593182131985,0.025718432587036395
200,265,0.13254142421480708,0.5075700377030244
200,266,-0.07946222880056375,0.674034940757154
200,267,-0.3184434197763739,0.10644559121264496
200,268,-0.20116792028577812,0.2914481703520176
200,269,0.15404657903208374,0.4425198769941049
200,270,-0.17582961864594537,0.3087666260785108
200,271,-0.20523293567511836,0.2545310995010865
200,272,0.059335705621464285,0.7629017812106065
200,273,-0.14067189411675507,0.4610023733564036
200,274,-0.39808491904840615,0.04262146920632486
200,275,-0.2061959068008381,0.25109522414944996
200,276,-0.23910707789114483,0.19258003966026177
200,277,-0.25748100064159196,0.1741004913731665
200,278,-0.3143422464104759,0.10814755797392904
200,279,0.09890651190077371,0.5610770920390176
200,280,-0.1611819321305905,0.3785909015861857
200,281,0.03471020804873781,0.8424765879154048
200,282,-0.4199783786757276,0.02079127381015952
200,283,-0.3700842563993607,0.05689106873957649
200,284,-0.21269009169440345,0.2525928656092931
200,285,-0.07460650959434112,0.6814732723029904
200,286,0.05438934374087623,0.7320884942770314
200,287,0.05071907758061478,0.7953537941052414
200,288,-0.108225132347469,0.5719853732147746
200,289,-0.25743852098480957,0.19883153922392843
200,290,-0.12145042873841305,0.5361851799330917
200,291,0.005851919086214963,0.9766471988011509
200,292,-0.1853252110267558,0.3294302693401835
200,293,-0.01713144991402693,0.9334798953020647
200,294,-0.15582124731063907,0.3819868484996445
200,295,0.165145063805749,0.3922901847791201
200,296,-0.25063609802933584,0.15581915705353594
200,297,-0.2820062779379633,0.1307153724408289
200,298,-0.08170284846113063,0.6721112935176458
200,299,-0.00916462316419775,0.9613280941011977
200,300,-0.25369520239934396,0.18144173974817834
200,301,-0.4411861226402145,0.021933617280932093
200,302,-0.3875126969313243,0.03169558922080601
200,303,-0.03867522171004545,0.8275959340474087
200,304,-0.16332753638194752,0.39692093665260453
200,305,-0.11331995559764074,0.5272200754904826
200,306,-0.17034780906668345,0.3701565998735371
200,307,-0.29540245604666815,0.12262744656915048
200,308,-0.12487019032010771,0.4798522635024025
200,309,-0.28048075191046706,0.14044284653711167
200,310,-0.12597380196376662,0.4812219166402756
200,311,-0.3343178471582533,0.06833673766507409
200,312,-0.0484646977597869,0.7902484991785209
200,313,-0.1883026962519896,0.31402137779423617
200,314,-0.32173572030023223,0.10743758478475572
200,315,-0.4029489693895183,0.034071666312978595
200,316,-0.11784986783280083,0.5392532206643276
200,317,-0.12666997700319094,0.4647323348809877
200,318,-0.25685100209866896,0.16741684929024714
200,319,0.06425095175746875,0.7074621912598043
200,320,-0.18026034804446844,0.32383906588261996
200,321,-0.505040417668333,0.01210756089583756
200,322,-0.3577182720676291,0.04179386296447326
200,323,-0.07496942180914168,0.6911781294306771
200,324,-0.312577800087249,0.08477439354259116
200,325,-0.033298976535228064,0.8626428381218854
200,326,-0.06307908896848424,0.7480365766029725
200,327,-0.14554990933302925,0.41657075008667904
200,328,-0.07793952327785547,0.6742305341789295
200,329,0.10197070987668688,0.61301243670312
200,330,-0.2238288675566178,0.213708125175125
200,331,-0.32984157477652154,0.06547838434893037
200,332,0.2094025063775149,0.22231443845908017
200,333,-0.20953998533505214,0.2386153961834167
200,334,-0.008297313088291958,0.9630880476618935
200,335,-0.1505051807196729,0.4378561180403352
200,336,0.19277920877419064,0.2996989357612345
200,337,-0.2489441728934807,0.1894886270708642
200,338,-0.21391524989876842,0.28395703237059033
200,339,-0.043730273193657965,0.8192271602923337
200,340,-0.10449965938509465,0.5506425348490562
200,341,0.007814240098642955,0.9661517366276245
200,342,-0.10283840784797427,0.5765680321941045
200,343,-0.10736001707464027,0.5864747137926354
200,344,-0.0019575605290640397,0.990637821064349
200,345,-0.11588232890198924,0.5309809885483822
200,346,-0.28061175553906104,0.1401302177499117
200,347,-0.5378622238475836,0.004213801051213435
200,348,-0.1583193628539199,0.3884074234543642
200,349,-0.3361497875394335,0.07573722090925934
200,350,-0.022310155597740078,0.905919512430514
200,351,-0.08364507527613263,0.6521250224433391
200,352,-0.06934669997732357,0.7141078088809054
200,353,-0.21627455652981276,0.22536024669970098
200,354,-0.2095277117198222,0.3034491061232914
200,355,0.012562098661984322,0.9456384034784007
200,356,-0.2141987917924304,0.24548348594626276
200,357,-0.1782036554170272,0.3156546695943876
200,358,-0.02275264083510109,0.9088408486037232
200,359,-0.5256464502863185,0.0030940371000589563
200,360,-0.30823176809917285,0.11879946209409017
200,361,-0.1942149173402008,0.2677093011599662
200,362,0.03819925545664837,0.8463560102941775
200,363,-0.1521115978252876,0.4468136359176556
200,364,-0.16162171406264214,0.4115993244618044
200,365,-0.20302146202072358,0.2772019977766722
200,366,-0.021515313460128027,0.899101735226744
200,367,-0.29200525740679417,0.10734474388469467
200,368,-0.2152805606724062,0.2603125875561782
200,369,0.002286636501374062,0.9902000834604322
200,370,-0.12810825495360056,0.48821877425709337
200,371,-0.1331650739759187,0.4382801203796886
200,372,-0.5448690583612485,0.0022169868442799196
200,373,-0.034161597716089176,0.8512472439208792
200,374,-0.18663314913123585,0.3169266709379904
200,375,-0.11900920000636361,0.5393497552554524
200,376,-0.30092865478673936,0.08212639644613681
200,377,-0.35468618977145105,0.03522919448909826
200,378,-0.20120262007311496,0.2891265461446586
200,379,-0.2650160088226059,0.15368969254606094
200,380,-0.08654802393328609,0.6563331911010157
200,381,-0.17269681873147924,0.3131445817985443
200,382,-0.23261068161659715,0.2109291164167778
200,383,0.035040120201445646,0.8467020938442656
200,384,-0.08292048988944778,0.6555254104827829
200,385,-0.5466031233724866,0.008386272197625942
200,386,0.2726653683767051,0.14134247389279547
200,387,-0.3863100187365873,0.05090496325685699
200,388,-0.25008522153478907,0.17696723113329219
200,389,-0.22968440150865632,0.2362971000712392
200,390,-0.05567643843908954,0.7645313716806932
200,391,-0.1195214281967143,0.5066261204138358
200,392,0.5056218351876574,0.002970632712975081
200,393,-0.24142963851779342,0.18911853916121024
200,394,-0.00879314382876295,0.9623567505185788
200,395,0.017096417102440142,0.9255661580037468
200,396,-0.14877266875468642,0.44260375949240494
200,397,-0.0710891430752909,0.700549597802422
200,398,-0.12947896573550288,0.497189109309422
200,399,-0.2911683719962621,0.12508646194796424
200,400,-0.22288767487217598,0.2536902093743939
200,401,0.08523749920920842,0.6433667134528092
200,402,-0.07283916656143674,0.7087357222854785
200,403,-0.1588403544572099,0.40074148074298366
200,404,-0.27817569408217935,0.15511253527903027
200,405,-0.07885331058235501,0.6587145648583164
200,406,-0.07305308361079099,0.6855703656768093
200,407,-0.3209668124000533,0.06243363275045188
200,408,-0.25418211162439697,0.174206296996043
200,409,-0.0916613591942479,0.6538309270654422
200,410,-0.14321523464468378,0.4737659955420955
200,411,-0.09018687752145382,0.63695353168126
200,412,0.05438810524134752,0.7501891454569053
200,413,0.10761185361372227,0.5479646410249658
200,414,-0.23419853833060245,0.2248629073333744
200,415,-0.3029810177914989,0.09895164650921973
200,416,-0.19893656776952184,0.2763573440199747
200,417,-0.1903000698144801,0.3188866775522251
200,418,-0.15504863050162854,0.407485374143652
200,419,-0.3195990996762692,0.07431070113657312
200,420,-0.1289674494604789,0.48127537294836975
200,421,-0.2021168004677154,0.30440844234301645
200,422,0.011230614940108907,0.9487641605250933
200,423,-0.43133656557608724,0.020628831129676083
200,424,-0.4172531324235589,0.02619875732030315
200,425,-0.12893756543440382,0.5094229890342405
200,426,-0.3957651067931849,0.03267988863490541
200,427,-0.2570288301554804,0.17247578719374862
200,428,-0.18611602759079382,0.3205931912150124
200,429,-0.3194923902928668,0.11209009451511441
200,430,-0.3230102682987681,0.07420949938861847
200,431,-0.2881143144564362,0.10871863312023931
200,432,-0.09726654143959479,0.6239613095674192
200,433,-0.3874431799960849,0.022865401957580314
200,434,-0.0509116985685516,0.779552478577236
200,435,-0.2925327776215454,0.1056872019939234
200,436,-0.3536927368303875,0.07553352219769749
200,437,-0.43485562792436916,0.018188285161003258
200,438,-0.25393120254145884,0.204345430673885
200,439,-0.08593501027470296,0.6354303298611834
200,440,-0.047028211047022594,0.8009425615516775
200,441,-0.18199643213484684,0.3027143445491367
200,442,0.11134429629956877,0.5492210818159542
200,443,0.16690822995344057,0.3657841130830169
200,444,-0.22235443443073066,0.2287063984162666
200,445,0.03341187891277997,0.8566835928040382
200,446,-0.00479854030864324,0.9783173733823493
200,447,-0.0454466932852533,0.8148794621613002
200,448,-0.3544986123838374,0.04242830517455006
200,449,-0.3510764839869225,0.05021748705915085
200,450,-0.274596812454595,0.15496501341873958
200,451,-0.20056884701767075,0.2558477664152922
200,452,0.042571379640845564,0.8044869979620392
200,453,-0.2727463651537061,0.12561280901846808
200,454,-0.31972899335538685,0.08207338453615844
200,455,-0.12437331724714618,0.5127395125100891
200,456,-0.10651367769239073,0.5460122932991065
200,457,-0.13394000967326924,0.48240052342500767
200,458,-0.3907413757026017,0.04784142422563354
200,459,-0.23028867781882667,0.235812579344172
200,460,-0.0017196850736986846,0.9925691041654949
200,461,-0.07574334314315756,0.6898691070217275
200,462,-0.1848728612364159,0.3384394994198453
200,463,-0.24658722554030277,0.1989666453016411
200,464,0.12213927986153195,0.5015352382953447
200,465,0.12674079473006294,0.5226473388958612
200,466,-0.18622255075565342,0.3237117823658206
200,467,0.13040526494436833,0.4458549274516299
200,468,0.04240986331564045,0.8217234368281812
200,469,-0.22651417368081894,0.20526717205194903
200,470,-0.35439338726152947,0.05590522640351433
200,471,-0.03497514345617425,0.8509318543263591
200,472,-0.0835901563578787,0.6453905755809953
200,473,-0.19571723067408087,0.27643436283917966
200,474,-0.13165834837489143,0.46782324538227427
200,475,-0.25426089275688923,0.19053558272535417
200,476,0.04065922924740484,0.801638038555684
200,477,-0.07580606592885175,0.6621814201256935
200,478,-0.014466764536599896,0.940248618952339
200,479,-0.08009135970036674,0.6693120601345847
200,480,-0.3251481047134188,0.08222018280642002
200,481,-0.3531285316785624,0.058072527457255205
200,482,-0.00591311314716414,0.975353098311767
200,483,-0.3733233260789799,0.04680322451889898
200,484,-0.17679506938216782,0.352469482623382
200,485,-0.23679006438561423,0.1818137689950566
200,486,0.09976381219736297,0.5438605801170531
200,487,-0.1712048139521336,0.30414971890267806
200,488,-0.3006758622629757,0.11424398724707131
200,489,-0.09572414441445609,0.5876019961966046
200,490,-0.21095392254492928,0.271676767857043
200,491,-0.1975451913059132,0.30629329287636337
200,492,-0.2348426079404664,0.23651706467524675
200,493,-0.23266654665516562,0.2384246264957086
200,494,-0.26498613468584686,0.17692029135943074
200,495,-0.12071722855928968,0.5063425686590564
200,496,-0.2877627663409079,0.09230985407022636
200,497,0.14339934229221463,0.39783758243667977
200,498,0.018534573492647866,0.9191856490056026
200,499,-0.24242385082694717,0.18245904739944138
200,500,-0.2608275823623387,0.17619462141061445
200,501,-0.034652440913880866,0.8547160897926224
200,502,-0.31640977612986454,0.09973005928195343
200,503,-0.2447016084228384,0.1694688944632691
200,504,-0.26583205323801806,0.14469818077002314
200,505,-0.1987229291531527,0.30079500970159534
200,506,0.14297568495235424,0.4341792414678326
200,507,-0.24287747516725489,0.19309634640796317
200,508,-0.13823654704674126,0.4732236664048522
200,509,-0.25917232865623774,0.1822335649298134
200,510,-0.16409854460301432,0.3679522119737262
200,511,0.08363696600402015,0.6696939537947313
200,512,-0.23173694263661382,0.2308413579245259
200,513,-0.13020475727390135,0.48573791055821025
200,514,-0.260451852658651,0.19707447992633972
200,515,-0.13219817492510444,0.4958574893252782
200,516,-0.10355895550464922,0.5804600069446086
200,517,-0.13582614194404385,0.4686597947908375
200,518,-0.16833001565122174,0.36833011836838214
200,519,-0.016539283502526203,0.9282829734073548
200,520,-0.18186372430832165,0.3068536027004115
200,521,-0.04347468203139293,0.8172188291310791
200,522,-0.054964912079048744,0.7725447420103995
200,523,-0.11831093982238983,0.5154451234271994
200,524,-0.13255276193959276,0.46498854925363536
200,525,-0.12267006607939734,0.5374913265633947
200,526,-0.16999479234564063,0.37092374500811853
200,527,-0.11415781335687925,0.546136620678271
200,528,-0.2847637583783147,0.09870057740717508
200,529,0.03649636113941135,0.8431074236264531
200,530,-0.15492160523200837,0.4335384698097392
200,531,-0.1669873654097458,0.4013781779050684
200,532,-0.03218441392778537,0.8668461695008892
200,533,-0.2923742845865931,0.12857415196851602
200,534,-0.07186772459663082,0.6784289480369755
200,535,-0.17040563611972992,0.32519724765022384
200,536,0.04051690942576691,0.8104001275389882
200,537,0.03832862262004966,0.840830002344237
200,538,-0.18322425848731605,0.31698083051971676
200,539,-0.026722237431043183,0.8959117376219541
200,540,-0.22545375274334667,0.2336567919180467
200,541,0.023700942507430156,0.895676599303612
200,542,-0.5388508769515994,0.004853410035444334
200,543,-0.19871447279136056,0.28167007355728557
200,544,0.08542287244515911,0.6194057866580971
200,545,-0.12822426801148623,0.49090479090770306
200,546,-0.36746577827275395,0.04509693272150326
200,547,-0.5506345364899339,0.004110643385847557
200,548,-0.29118514537244344,0.1006591542842284
200,549,0.18854324172429138,0.3261898207222275
200,550,-0.25168241608952613,0.1818170644849889
200,551,-0.026317238627722617,0.8826631781105891
200,552,-0.08490662927440873,0.6372353350238933
200,553,-0.28230326913967296,0.12020489349000461
200,554,0.07901586526962312,0.6830658227337062
200,555,-0.14917873142511162,0.4218911390397996
200,556,-0.4109424831375392,0.02541735462785161
200,557,0.14976427456432795,0.4294400953531452
200,558,-0.053631747108285666,0.7713526439656372
200,559,-0.0004038502630177021,0.9981757286698495
200,560,-0.3290634116035154,0.0518195276419972
200,561,-0.21054067170548052,0.24019037599113077
200,562,-0.28096463539970173,0.11499328039902755
200,563,0.0024884022779083637,0.9884615116398194
200,564,-0.3849192044747287,0.03003768896798567
200,565,-0.23407283838012027,0.2025572706094649
200,566,-0.15699274415886144,0.4084635671821067
200,567,-0.10826986702105579,0.5506178625413863
200,568,-0.17320507173347544,0.35695841060105027
200,569,-0.18064690434114716,0.3304457058153666
200,570,-0.1003602487360844,0.5809883718801825
200,571,0.008374844545913973,0.9625976745694107
200,572,-0.08857992233536471,0.6313576232942748
200,573,-0.33387949476708556,0.09225416208328141
200,574,0.17949969169233526,0.32725075110384433
200,575,-0.31306337755255065,0.08679147670399817
200,576,0.10975072182695911,0.5459250150080198
200,577,-0.314565152551495,0.10624189315864233
200,578,-0.036567700499993805,0.8489173754247993
200,579,-0.0833971573283101,0.655877926557171
200,580,-0.11815581024092303,0.49867022761233715
200,581,-0.1350025985459009,0.46895159194315644
200,582,0.014235851770555641,0.9386696488416089
200,583,-0.07427014747204197,0.6919939438267179
200,584,-0.03342542917556379,0.8521061650739382
200,585,-0.14269232811333588,0.39557603515720596
200,586,-0.23650250205256107,0.21710369621315964
200,587,-0.11702988795404679,0.5528873065971472
200,588,-0.15893088952356038,0.38439077738484934
200,589,-0.29959451872341347,0.10136167841337818
200,590,-0.003801265472558768,0.984162997389928
200,591,-0.11182907440622536,0.5244341190065986
200,592,-0.14252818407486245,0.45665517571991315
200,593,-0.20358571488088373,0.3120554388812977
200,594,-0.2011127997349682,0.31581008896093976
200,595,-0.14378445196181922,0.4428149459941351
200,596,0.2180790094399363,0.22639455863238253
200,597,-0.12525003979789595,0.5153257498087124
200,598,-0.24230027805674936,0.1736089787192394
200,599,-0.09492024184402936,0.5864932800832677
200,600,-0.18038060807674228,0.3026006505750297
200,601,-0.23184064900398305,0.22758657916315567
200,602,-0.07935602664641905,0.6576814029072198
200,603,-0.23307047740726716,0.24996461084552113
200,604,-0.02365251324569151,0.8953520528343744
200,605,-0.22132624794524958,0.2421419620516095
200,606,-0.14559431469254847,0.4672265696200747
200,607,-0.1905112349828615,0.2854013134344575
200,608,-0.11445123168882887,0.5221884030042808
200,609,-0.2907514993927549,0.12007046903675928
200,610,-0.16305384279863233,0.30638195119026695
200,611,-0.14036827610202174,0.4713722790641162
200,612,-0.43254268573347154,0.014838511514328696
200,613,-0.11584217386150009,0.5331979416699109
200,614,-0.23819686219866476,0.1931020122228789
200,615,-0.1389099836143508,0.4841611678960771
200,616,-0.2778435297749855,0.15826232797569337
200,617,0.032075616956728226,0.8659678168991967
200,618,-0.33617078986726945,0.10992967045159549
200,619,-0.35916595790341077,0.05247828855038082
200,620,-0.2514799352961461,0.18591419462645092
200,621,0.25331664583100455,0.19781798881665946
200,622,-0.31506258020315414,0.1003724791542222
200,623,-0.24560853804608307,0.12350200110644032
200,624,-0.3944470040896064,0.03447014707458561
200,625,-0.18045962372990587,0.3507925346493266
200,626,-0.08855102700245965,0.6402156805975778
200,627,-0.3002738192854544,0.08767801268842496
200,628,-0.22417481410095874,0.22949046797012798
200,629,-0.09913497195815424,0.5936547029685102
200,630,0.04954511095829872,0.7924982228337215
200,631,-0.2847664430003771,0.13564108861966895
200,632,-0.3932182688937029,0.02853185530874728
200,633,-0.27939991658630525,0.1275290123039266
200,634,-0.11968418366758016,0.5246004595206766
200,635,-0.13649233983083597,0.43146987140569726
200,636,0.24427593046093854,0.2294470520782638
200,637,-0.5248865888857548,0.0051050523602227
200,638,-0.019560592408023325,0.9187509280050075
200,639,0.07677220366830895,0.6880242174406386
200,640,-0.16422910535560575,0.29184225374316786
200,641,0.10164537422664743,0.5850696165449965
200,642,-0.14185292743574962,0.4343456940469535
200,643,-0.029649598315835135,0.8697309224425892
200,644,-0.4085177864292753,0.03175337436242401
200,645,-0.057263166812319355,0.7496129531903897
200,646,-0.280697644758952,0.15323356321724582
200,647,-0.23501111525918894,0.2044150578605302
200,648,-0.10418072190079108,0.5759847398648877
200,649,0.025371893487241337,0.8953003825236726
200,650,-0.06422597125236429,0.719081965285298
200,651,-0.05255267170025313,0.7904452755204828
200,652,-0.12135409526992547,0.5061478133207652
200,653,0.0022127699479028706,0.9898957421001181
200,654,0.02707736210217071,0.8819903663241548
200,655,-0.01917101782392372,0.9045746206467195
200,656,-0.27643801539893964,0.15677747941190556
200,657,0.04926059864512311,0.7889023865183314
200,658,-0.05611644868171517,0.7605040997943251
200,659,-0.03003457168501633,0.8756967351942344
200,660,-0.27360752291111545,0.11462421735485409
200,661,-0.2927906912889586,0.167499077924524
200,662,-0.38820984232142486,0.02818114674311404
200,663,-0.23491274257201944,0.2014132996853751
200,664,-0.19275224325272156,0.30479994770916996
200,665,0.15793540915306536,0.37810864567651464
200,666,0.09478097338956637,0.6085233562352056
200,667,0.09697484998858563,0.6113579834587036
200,668,0.02501234231080751,0.8936029205403464
200,669,-0.183908580199299,0.2936535028051899
200,670,-0.11935602562944148,0.5380840382889869
200,671,-0.12992372323570045,0.4634724942506084
200,672,-0.28094925957830696,0.1183424810500026
200,673,-0.34875413129931054,0.07459864765094888
200,674,-0.18769818502549462,0.2643760157967717
200,675,-0.1534680074625001,0.39326905339205204
200,676,-0.10892038723711295,0.5626745981125366
200,677,0.01957293215985345,0.9232671961327968
200,678,-0.3859612694365353,0.03508218371710767
200,679,0.13519119924354506,0.47727971880562703
200,680,-0.19853021504392743,0.28972863596047344
200,681,-0.12450037267296743,0.49438905639690683
200,682,-0.16336424222197898,0.39511855439811583
200,683,-0.04757234982849212,0.8004120823818895
200,684,-0.10321815524966205,0.585360300025295
200,685,0.02374969171648722,0.8966193992067502
200,686,-0.49679669264166115,0.009860778433124369
200,687,-0.41712946070517276,0.05106762887526634
200,688,-0.13171727252145438,0.4946652440482968
200,689,-0.28065925460911423,0.1322003102584719
200,690,-0.17266887630906247,0.34986360021606333
200,691,-0.2681682149004878,0.20048864677702374
200,692,-0.11292430628040684,0.5466658896628147
200,693,-0.06670269154576225,0.7342681678122072
200,694,-0.1529449532947993,0.3811328316057455
200,695,-0.11616722416798453,0.48097905607968505
200,696,-0.3719677441002176,0.05603528656979172
200,697,-0.19749470085390186,0.2646105678795074
200,698,-0.030596096685606256,0.8716897506357729
200,699,-0.30093858866169754,0.15326569465936912
200,700,-0.20269579731262688,0.297678662514636
200,701,-0.27343544159563926,0.13687607156006776
200,702,-0.16411158438743456,0.3080202857440728
200,703,0.03609520528674892,0.8401527747842614
200,704,-0.309161933436064,0.08534117568773757
200,705,-0.4740918004445387,0.009193382204701438
200,706,-0.06482438688555447,0.7364603321171261
200,707,-0.24143544690639374,0.21160367352250084
200,708,-0.19378218364635025,0.2840069336420075
200,709,-0.262600446237478,0.1625287639159397
200,710,-0.12247809654286712,0.48671999433423563
200,711,-0.2273696453894516,0.19331763982086467
200,712,-0.17953126475994274,0.3274110656720834
200,713,-0.054467923863770196,0.7637189254425377
200,714,0.07801029531818493,0.672234553480593
200,715,-0.14878456038534438,0.4411703723525875
200,716,0.07068504962946598,0.7010667609969253
200,717,-0.1238668404271408,0.5000941637877866
200,718,-0.3399681508018446,0.06517047000085154
200,719,-0.4039748320661758,0.02573983745810784
200,720,-0.11278582740564325,0.5618638176279814
200,721,-0.232343904608582,0.2212878011059344
200,722,-0.24260647163687388,0.16593130702243095
200,723,-0.061285918816395224,0.7420120291082306
200,724,-0.5460654524663884,0.007050581537487123
200,725,-0.1610205177547659,0.37169137448890227
200,726,-0.14774585113925554,0.40131409819682434
200,727,-0.05816258765010929,0.7685602157456759
200,728,-0.3621204534852609,0.06030508727237772
200,729,-0.2747394518236881,0.13719453916230395
200,730,0.09888976452978504,0.578240772091828
200,731,-0.12916993045787173,0.4596924185316641
200,732,-0.22035489565917032,0.21667757345490155
200,733,-0.24590579116345523,0.16033704532959123
200,734,-0.036296835350473344,0.8402242163456883
200,735,-0.22409186128802006,0.2228776124868362
200,736,0.10188876958451587,0.5831000236545918
200,737,-0.25924259353381096,0.16850857013940046
200,738,0.07073004930859916,0.6967163620951937
200,739,-0.37923830901871014,0.0471728535922021
200,740,-0.17435457419493083,0.3732045805095096
200,741,-0.3799108828465645,0.028757267164865784
200,742,-0.33832365239134177,0.09215800882935866
200,743,-0.15860435124622718,0.37386321707523046
200,744,-0.18425706545815324,0.31988748343337164
200,745,-0.15942855929672994,0.3940418781593477
200,746,-0.21928482941375727,0.23733595532592663
200,747,-0.1915320569459844,0.3017751697411354
200,748,-0.0870728151581126,0.6157215068226175
200,749,-0.32370799119681415,0.08888629516463614
200,750,-0.37859929192271125,0.04362605380869058
200,751,-0.13026912913553623,0.49119802283670483
200,752,-0.038316415756490585,0.8393658191699784
200,753,0.075264517154082,0.6791495129233723
200,754,-0.27372013105322424,0.11181554763806957
200,755,-0.24254547651548997,0.2059485388106124
200,756,-0.31726235977250816,0.0783547334498884
200,757,-0.2593156530928802,0.15376106221473174
200,758,0.12557515017392262,0.496950841676211
200,759,0.20147994104372025,0.2797107256845633
200,760,-0.13433910336575927,0.4674524076531253
200,761,-0.40429953270651,0.02738559278422003
200,762,-0.04211847341733588,0.82302583523885
200,763,-0.07048522241026234,0.6939776667312236
200,764,-0.4533617272080317,0.028930482884506906
200,765,0.009775006020314336,0.9548267979890984
200,766,-0.34472721076480184,0.06007913077677906
200,767,0.01928196489561884,0.9229634194023988
200,768,-0.23181637998462,0.20039603926518718
200,769,-0.23124403444423614,0.23850880656578546
200,770,-0.24897515917122703,0.1730283502065138
200,771,-0.07232208244911575,0.686357729727854
200,772,-0.2611379181559119,0.16443988230821951
200,773,-0.3658636509302209,0.06974575529034156
200,774,-0.11980866506099197,0.5273085539597397
200,775,-0.07931187632716608,0.6877278432178616
200,776,-0.2207664785463077,0.24037238596314042
200,777,-0.37231838636599335,0.032828907918618234
200,778,-0.27910797407606225,0.15086386141629435
200,779,-0.34845283431270246,0.07876907408358536
200,780,-0.23647693875272857,0.21598843695368053
200,781,-0.08707161928833607,0.6425689429827107
200,782,-0.010801553092443683,0.9528243277738877
200,783,-0.11556060784278266,0.5769580803925063
200,784,-0.3415873146106083,0.07186349447072708
200,785,-0.011131580096808591,0.9528617195969459
200,786,-0.17499077698475496,0.3272090836174168
200,787,-0.08768064577841272,0.6586204489202768
200,788,-0.13358111543665352,0.4270559826436511
200,789,-0.3413754470958832,0.055497303227905116
200,790,-0.004412758798881811,0.9819154034351988
200,791,-0.0909905797812911,0.6133574678882612
200,792,0.11650170042518049,0.5395185661117667
200,793,0.054251125908470144,0.7845225519832237
200,794,0.04801339376453484,0.7990415934181443
200,795,-0.5173914618024575,0.00603828829365182
200,796,-0.16707685874328249,0.3891342539080273
200,797,-0.24507326319159795,0.19264968107438513
200,798,-0.30316070087087255,0.10088764946557115
200,799,-0.06713050714437863,0.7077111099530344
200,800,-0.12449737950173478,0.511256103120084
200,801,-0.07112039227156863,0.6905966372467145
200,802,-0.024950521919747004,0.892690853951372
200,803,-0.15448640461438146,0.40617719021147236
200,804,-0.012083590770387787,0.9487128350786928
200,805,-0.25181626211414176,0.1737280081037444
200,806,-0.20430498209649883,0.2581727898705872
200,807,-0.06534327148929187,0.7340469899773588
200,808,-0.335165247424948,0.05364371690784821
200,809,0.0974438061327394,0.632059149053471
200,810,-0.3109614614825418,0.09098212931928255
200,811,-0.18977699882064414,0.33577140759116925
200,812,-0.20326965820020426,0.2908498185895723
200,813,-0.2434818687135003,0.16263889460054556
200,814,-0.38929136299303124,0.029043598724791564
200,815,-0.048173686102391144,0.7951870311297091
200,816,-0.009649623356446924,0.9599543556725741
200,817,-0.24698643786179098,0.15413204063053446
200,818,-0.22212646401423264,0.2376919635802072
200,819,-0.09871327369978289,0.5976521340249108
200,820,-0.19144867311951508,0.3420878017184158
200,821,-0.15783462574220763,0.40992722263554515
200,822,-0.23516314672589544,0.20593355753743156
200,823,-0.2510236838123898,0.17411140594925179
200,824,-0.2518883269881904,0.14127132071441353
200,825,-0.26956903732948767,0.12527828750666262
200,826,-0.07560517083464724,0.6972118659780187
200,827,-0.2713634966330396,0.12108704126488339
200,828,0.09538103742933757,0.593583509061157
200,829,-0.34665245625602736,0.06013927391418987
200,830,-0.060200554617576785,0.7325782703518628
200,831,-0.195329189912945,0.3170016119348426
200,832,-0.2396089374235224,0.18701248101766987
200,833,-0.27521430371214706,0.1581626868030719
200,834,-0.00291864629967975,0.9862502284442753
200,835,-0.23254807959460067,0.18479872718283738
200,836,-0.28238565586136133,0.12080311139709189
200,837,-0.10938422276853466,0.5654062676192795
200,838,-0.36946095671827806,0.06138580554303676
200,839,-0.2045704363052181,0.2557188417041463
200,840,-0.5305279670664653,0.0037990361630448814
200,841,-0.27650103748137056,0.15540706868005233
200,842,-0.4309255901224418,0.022677639680434784
200,843,-0.2252557162104356,0.21447930800213477
200,844,-0.08087146055020433,0.6542763216650008
200,845,-0.24897549176478329,0.15138763937571054
200,846,-0.031017391181009657,0.8643163087500102
200,847,-0.36810613580374607,0.04173688878637952
200,848,-0.21889188843474905,0.23893678964144346
200,849,-0.2739494051079774,0.15656545042429354
200,850,-0.20612079649034065,0.2750236166964655
200,851,-0.038532585404032815,0.8401887550212574
200,852,-0.31210485216793593,0.06804024513501135
200,853,-0.19455221959588265,0.26241530121048984
200,854,-0.28709216611366983,0.11875803927879565
200,855,-0.28785987622857157,0.12182599447000156
200,856,-0.1460956218513818,0.4665760223278198
200,857,-0.14869475758545825,0.48678319963857425
200,858,-0.14419532919656675,0.4591581326828332
200,859,0.1562177207814095,0.41578042101816703
200,860,-0.0763070942607662,0.696516557072137
200,861,-0.09135344296128878,0.628348614878442
200,862,-0.29577847393628964,0.09187283092047643
200,863,-0.12011128045119612,0.5435056293723902
200,864,-0.09757526690713014,0.58907218542461
200,865,0.1438750228740826,0.43890384351078426
200,866,-0.11916468708943562,0.513946167241291
200,867,-0.05635222975268128,0.7380506141349847
200,868,-0.22397149244060977,0.2320213983671404
200,869,0.036339423693174666,0.8374905686458809
200,870,-0.14668706798265418,0.46420859210082566
200,871,-0.20381124921051175,0.2576527052460845
200,872,-0.21663616646228334,0.211397362870541
200,873,0.023997233308497457,0.8953513978589598
200,874,-0.2879303494530632,0.12207517751347073
200,875,0.06425580917002627,0.7205230464634247
200,876,-0.3114045071713214,0.07523522656129965
200,877,0.2021562835962829,0.30143826480034014
200,878,-0.29566103916742215,0.13339563258949172
200,879,-0.012295504769399557,0.948600805347129
200,880,-0.21003211020981105,0.24915857828831903
200,881,-0.14877245253626548,0.41432224518247945
200,882,-0.29819988297530386,0.1472788243982325
200,883,-0.28626735648324875,0.15681367354140274
200,884,-0.024448917189854313,0.8935439701423984
200,885,-0.1360475843729816,0.47338929407971975
200,886,0.04989810516065951,0.7724972308785145
200,887,-0.37202313543112275,0.04408778756934713
200,888,-0.39171488634392126,0.04708224195817072
200,889,-0.2604337225897151,0.15986784780934257
200,890,-0.2501653647857687,0.16207337917099982
200,891,-0.23082891912006964,0.1996088815992261
200,892,0.06934702779741286,0.7073814059093158
200,893,0.04409495735044544,0.8058683916313016
200,894,0.019174353857629,0.9205857708500763
200,895,0.01752676397040176,0.920260840553987
200,896,-0.32306478005032346,0.07939726490004963
200,897,-0.20922261535867115,0.2817861144477774
200,898,-0.44293099052895,0.01911127914832876
200,899,-0.4331483802432601,0.01594649621382281
200,900,-0.2734475144565689,0.1334097165269116
200,901,-0.07674093115411829,0.6831436445107366
200,902,-0.23804866514270273,0.23564433854360187
200,903,-0.34461199269713383,0.07443750360357637
200,904,-0.18073120971181744,0.37213941572779047
200,905,-0.2622063860799191,0.17397146105427858
200,906,-0.21457335740775996,0.2517296992880845
200,907,-0.3769407891987573,0.03450247278092844
200,908,-0.25337137208989624,0.13329897606684057
200,909,0.060472851839760366,0.7587265462161155
200,910,-0.14804144860388213,0.43034184864966785
200,911,-0.2561210478027416,0.1724446706193501
200,912,-0.18094738461043391,0.3230479437526024
200,913,-0.0020373815522081173,0.9916197238485214
200,914,-0.13611796910195828,0.4632825250063546
200,915,-0.06257645070101603,0.7619160084045327
200,916,-0.15113364872870605,0.4137701002712217
200,917,0.08108905921822362,0.6588758347225582
200,918,-0.20901658835206405,0.2907331003920599
200,919,-0.1484924351409287,0.4361700194233612
200,920,-0.1816930723137702,0.3282477857291104
200,921,-0.18769609563037903,0.3544688958225778
200,922,-0.20388682539704206,0.2446439909247334
200,923,-0.1365775848983528,0.4526025489916155
200,924,-0.13874516553365623,0.4311418515294959
200,925,-0.21423797431064173,0.2272130490067443
200,926,-0.16511082914720454,0.31975475152615696
200,927,-0.3925773961125927,0.04516441504100144
200,928,-0.07138668825124128,0.7009947155712587
200,929,-0.12384780114581417,0.4702342971609561
200,930,0.09922385171154424,0.5947007498747565
200,931,-0.10336948838425286,0.6091627168483468
200,932,-0.3258201255914086,0.12865083819322734
200,933,-0.22953883630884064,0.20011744515776242
200,934,-0.10608456875825922,0.5278620065362828
200,935,0.11816970145086714,0.4843227089215088
200,936,-0.36306165378436894,0.05581119002084407
200,937,-0.4118819419863726,0.01883141343428948
200,938,-0.3715860641282287,0.05192036885613509
200,939,-0.32522195812485855,0.10322875182202317
200,940,-0.19890769836965383,0.2556948981602639
200,941,0.07247891930024153,0.6898359632800323
200,942,-0.11338717046639069,0.5460874938439422
200,943,0.035503812099040744,0.8508568329556
200,944,-0.1604140486367971,0.38997633520431746
200,945,-0.08302424273877484,0.6622006264858481
200,946,0.04194041015061423,0.8173310904379213
200,947,-0.06972625454825021,0.6973040233639617
200,948,-0.2814636499116272,0.12204857909729244
200,949,-0.1386902488357613,0.4728708651356508
200,950,-0.1307893302707921,0.5197743145770667
200,951,-0.13757096833430005,0.4309102421448117
200,952,0.1051857381134802,0.5328573483043264
200,953,-0.34251659854754735,0.06115946259086683
200,954,-0.06955937527306055,0.7046370208653866
200,955,-0.1085838549532685,0.6021908574702893
200,956,-0.07466171425558166,0.6856855660394227
200,957,-0.13669520618531372,0.4566761184009394
200,958,-0.19350810409629204,0.2842935814924173
200,959,-0.17957320650304887,0.3456694471105941
200,960,-0.32688644510485254,0.08304157486515905
200,961,-0.1931027273014969,0.3170105746969114
200,962,-0.30743077697077403,0.06626226874337808
200,963,-0.19732004450350793,0.2899489252709394
200,964,-0.031259042742725285,0.8570567274949906
200,965,-0.2183265387334874,0.2520680129605722
200,966,0.11561619288958269,0.5509843542176655
200,967,0.011254831653111808,0.9458595074849898
200,968,-0.07987186007574643,0.6916463605323159
200,969,-0.13649877097077656,0.45356573073916645
200,970,-0.14019883956542678,0.4930519015788751
200,971,-0.4541703720207657,0.010380059035027445
200,972,-0.09925299249174735,0.5654240872118165
200,973,-0.01947307076616589,0.9147304385854352
200,974,-0.2277330816747991,0.21714129694721215
200,975,-0.07029262676535453,0.6968694794717881
200,976,-0.18253312953810052,0.33673697191727847
200,977,-0.3513143880687455,0.04692242135094405
200,978,-0.40281407809776404,0.031932039269634296
200,979,-0.21367904421719608,0.22347851997236143
200,980,-0.22926020341940578,0.223309616239183
200,981,-0.2523182810959739,0.1950619776253525
200,982,-0.15381231982710197,0.41204799056313246
200,983,-0.254513286914273,0.18460619409719625
200,984,-0.1867208673977352,0.3506160767499331
200,985,-0.15824085009390387,0.4009206541397988
200,986,-0.16008999961903392,0.40869637148727717
200,987,-0.15662567646671555,0.37039883966345627
200,988,-0.23505211680498128,0.20669319408129005
200,989,-0.23811405227868399,0.22042734432630096
200,990,0.02515017028899713,0.8910531175485444
200,991,-0.03078714362423085,0.8635713979779056
200,992,-0.2748245860737928,0.12340295526572718
200,993,-0.0036262547958649805,0.9816559573537528
200,994,0.0397082394514765,0.8363599944349821
200,995,-0.026198461971532083,0.885394974335773
200,996,-0.1811401462842852,0.34465375150279665
200,997,-0.16783946877856692,0.332714069983782
200,998,-0.375852341509594,0.03624492053483365
200,999,-0.07242641392815052,0.6814577485975007
300,0,-0.25911289187259534,0.08935984722630617
300,1,-0.2683698597435118,0.07693908157489472
300,2,-0.06803884261175597,0.6289247529293553
300,3,-0.10603228131856035,0.4862599707044884
300,4,-0.0877775559286249,0.555496975353192
300,5,-0.06189585194037406,0.6713326435958414
300,6,-0.1971693787817852,0.18087436153316863
300,7,-0.11032267381452066,0.4885309688249293
300,8,-0.03155342361422342,0.829280490391727
300,9,-0.16186291592778446,0.2461969905655782
300,10,-0.2873339208361667,0.0636391084819748
300,11,-0.16964571727762134,0.2429376469211699
300,12,-0.07852630953204631,0.6127884170853966
300,13,0.002329275494370009,0.9880750125779091
300,14,-0.08053757118867466,0.5723819191223051
300,15,-0.20082454390476734,0.16439320836511642
300,16,-0.15258756333113688,0.3485930500702387
300,17,-0.16559384118939668,0.2825953961151628
300,18,-0.08281488883729793,0.5702811695071435
300,19,-0.14106976163220253,0.34551918832504075
300,20,-0.10148711818952272,0.4906508739803614
300,21,-0.0934874165553854,0.5319678487001717
300,22,-0.00949066941929999,0.9512102223997178
300,23,-0.11459879992009192,0.44450393701647817
300,24,-0.30144901554311687,0.05509357050074862
300,25,-0.02873331102544263,0.8388143813672256
300,26,-0.06428110321505187,0.669797036603238
300,27,-0.12281308080660835,0.39195399116871843
300,28,-0.14264824320926195,0.32944703322645574
300,29,-0.06533135584644256,0.6496801735372152
300,30,-0.1917073514218064,0.21048848267070813
300,31,-0.10874029564057963,0.45714908184797365
300,32,-0.2336157864737327,0.10812056320373323
300,33,-0.10434962039319728,0.474136886008427
300,34,0.034979310229092064,0.8283458527732848
300,35,-0.16419223359803858,0.2806420968011803
300,36,-0.3199169845162153,0.03701652810125533
300,37,-0.25010978670271555,0.08280680463686009
300,38,-0.13990345028996742,0.34762464578554897
300,39,-0.17261962909622675,0.24709448580761223
300,40,-0.12535769678483355,0.41207229835414927
300,41,-0.06785311511920256,0.6572168154507637
300,42,-0.1584160372520369,0.27278765788547166
300,43,-0.18819638807680406,0.22042997707664147
300,44,-0.010167825618612625,0.9436339311917963
300,45,-0.11725667696155107,0.4182003273838439
300,46,-0.08159462624316305,0.5930179173412962
300,47,-0.16484956377643734,0.28811558944493854
300,48,-0.10056346015613293,0.5177939078601043
300,49,-0.018249534387866362,0.9029733366094385
300,50,-0.0538467048995539,0.7136944389242039
300,51,-0.1082253493639147,0.49306141794105324
300,52,-0.1347246660953907,0.3952637086905883
300,53,-0.1537965632667202,0.3151485852400418
300,54,-0.2377762805630823,0.1260661090220797
300,55,-0.2988833557237278,0.05723425929787289
300,56,-0.11257829901452965,0.45818824957189924
300,57,-0.11175376396722925,0.4793105873736752
300,58,-0.1734961329292588,0.22525031096113957
300,59,-0.27238536018416326,0.07088293636548776
300,60,-0.0806572864162991,0.5962409618520327
300,61,-0.23424349907269182,0.1322226621190101
300,62,-0.21268676352052296,0.15784637348519923
300,63,-0.1985220830650185,0.1583387486744749
300,64,-0.0670324178651569,0.6599675563805273
300,65,-0.19431795922521644,0.21822873980517193
300,66,-0.07572264927918582,0.6255032716106299
300,67,-0.22306113768418,0.1516531138770514
300,68,-0.014923103003347649,0.9158986041672995
300,69,0.16881331500695396,0.2512528688537334
300,70,-0.17470523740670707,0.275902842438266
300,71,-0.05311499286086985,0.7123380299454922
300,72,-0.12475791427104177,0.38942957598713324
300,73,-0.09156912794964356,0.556271765828601
300,74,0.02638885979374983,0.8568029132734798
300,75,-0.25120636184361445,0.10077962826870838
300,76,-0.1927655898638605,0.19652500329498074
300,77,-0.17074333621025417,0.25806212740704754
300,78,0.005140535089896758,0.9724686866866336
300,79,-0.15859944196636633,0.29510221059314956
300,80,-0.018611235350830313,0.9032155006932346
300,81,-0.16934960851816783,0.26463088912787636
300,82,-0.10367460067365109,0.4858959343559326
300,83,-0.18415641400240546,0.2309693763241337
300,84,-0.1424056998578056,0.3101001077003322
300,85,-0.3506690376862771,0.02026842493941619
300,86,0.06323441128177265,0.6625999357208372
300,87,-0.1726472083971089,0.24148479128051295
300,88,-0.25942995024814763,0.07995334980799432
300,89,-0.09105896779964695,0.528936163604956
300,90,-0.12746925327449077,0.41192802801942063
300,91,-0.18801592483699991,0.194963587599515
300,92,-0.32661050194377594,0.032420052149255515
300,93,-0.26343998124968415,0.08290569365046571
300,94,0.043790187689014104,0.75854731406625
300,95,-0.42931241706597234,0.007087090225866706
300,96,-0.03092028367200861,0.8283095664087565
300,97,-0.27220083941357665,0.07837801148591206
300,98,-0.17163049749205506,0.2618223860379943
300,99,-0.15053736716423138,0.3221032307679802
300,100,-0.23278377844707698,0.10764952042921912
300,101,-0.05527591997696035,0.7036209080464846
300,102,-0.10222790939857695,0.48472812552740374
300,103,-0.22644905595451092,0.1532785203309679
300,104,-0.08616968695062077,0.5795954750292593
300,105,-0.09789944003442663,0.5300182465505945
300,106,-0.18479516742808144,0.24017553635614003
300,107,0.07703797764660614,0.6136729422794733
300,108,-0.29230118118972115,0.04886985490803601
300,109,-0.28059742593412373,0.057095161517307036
300,110,-0.07677146657231049,0.5988089387147553
300,111,-0.1313724784290553,0.36062423713943687
300,112,-0.05991841078175497,0.684358840221321
300,113,-0.13674256068660995,0.37183621929225624
300,114,-0.14828042034533162,0.3264152346752454
300,115,-0.25320053379110696,0.10184452155469498
300,116,-0.3292005697361997,0.033764528144361296
300,117,-0.11476376379138209,0.4464070234088175
300,118,0.09798791727535416,0.522985867688453
300,119,-0.26876398341453367,0.08140428042967243
300,120,-0.16129801509618602,0.2724025844301859
300,121,-0.21783651907480284,0.13941639369183476
300,122,-0.10533410461298587,0.48331836627675434
300,123,-0.1859468062842211,0.21073117374303416
300,124,-0.15450611440029327,0.30585481039669665
300,125,-0.08034774461388672,0.6069045709167449
300,126,-0.13127255607394517,0.3680759664112251
300,127,-0.063701640493532,0.6812405746554234
300,128,0.05961696671612593,0.6915720394246431
300,129,-0.16223789355933782,0.26499153033873885
300,130,-0.0529226712345654,0.7284498459331992
300,131,-0.407991043954949,0.008717700588200704
300,132,-0.17448865042249295,0.2550649483095865
300,133,-0.15221537031620436,0.2901448384293406
300,134,-0.028446920936392672,0.8456950147794086
300,135,-0.06329412033760207,0.683851107855215
300,136,-0.0963144031329417,0.5118253518644822
300,137,-0.21759474403863344,0.12594989794942993
300,138,-0.08331419123491379,0.5871520602514732
300,139,-0.08295909929119283,0.5944228607061622
300,140,-0.095713967622709,0.5366617800022896
300,141,-0.45289005950697714,0.0036924448126265507
300,142,-0.25318050221700794,0.09830815147250388
300,143,-0.20886227979106486,0.1947869764078756
300,144,-0.3311682050356435,0.025250592594989116
300,145,-0.07596987703842117,0.6348591370052523
300,146,-0.26262594506745884,0.06620274801726533
300,147,-0.26088337123374394,0.07866307076660596
300,148,-0.13600369194334228,0.38929401085002374
300,149,-0.1516100449218758,0.3112134845583299
300,150,-0.130789321842963,0.3709377192512365
300,151,-0.12731755326258032,0.38374454311978373
300,152,-0.13224808837419566,0.39250491766408807
300,153,-0.3304543165222462,0.033204586973411894
300,154,-0.31580209178351915,0.041522491176802526
300,155,-0.1960256743715636,0.20182173726131628
300,156,-0.3690416150111471,0.021195256192908102
300,157,-0.2342045958140755,0.11876470405910873
300,158,-0.07926650630797383,0.5835885666856065
300,159,-0.02169850876080126,0.8819708178108797
300,160,-0.24513217740039472,0.09905572714926819
300,161,-0.1172284593038544,0.45040127476332903
300,162,-0.20839447700514135,0.16837848040691097
300,163,-0.29307123412208114,0.05560206331038429
300,164,-0.20841612187720848,0.12514286233294122
300,165,-0.15155508182489363,0.3092371536564954
300,166,-0.2277095560950908,0.09954626292244621
300,167,-0.032005887898712615,0.8339792822867518
300,168,-0.08959526505754489,0.554778177028686
300,169,-0.3031152166744775,0.04260496300368854
300,170,-0.014369832263987803,0.9237902156835855
300,171,-0.28958687880272294,0.07219421275143363
300,172,-0.1392619321065922,0.3535647979032489
300,173,-0.2091806653203907,0.17087706709360403
300,174,-0.0158621653513773,0.9110564890588457
300,175,-0.0985225127616296,0.526490988891723
300,176,0.0024467708799154053,0.9867988879850833
300,177,-0.19688490929245184,0.2007432941565297
300,178,-0.10814557462280305,0.4728478749764355
300,179,-0.0634755213214806,0.6691969516325127
300,180,-0.11900218128002216,0.42731447329741684
300,181,-0.06565726863323462,0.6720447235612635
300,182,-0.11942981859009905,0.41833207620665597
300,183,-0.44283160714792125,0.004267206436432669
300,184,-0.17416252321675252,0.24654038573511897
300,185,-0.2511771570109591,0.09754729300310389
300,186,-0.054337946891177324,0.717483094477153
300,187,-0.06282059613650048,0.6924061637371262
300,188,-0.3182772264060869,0.02899706374696699
300,189,-0.060809245868474804,0.690158500395167
300,190,-0.21246259751997343,0.16421516007906706
300,191,0.044170041097780555,0.7782297796033153
300,192,-0.04655979279792177,0.759605147752805
300,193,0.05076890251359423,0.7327024238053284
300,194,-0.2858147621384859,0.07274716334892084
300,195,-0.16509598122380353,0.24912733174459648
300,196,-0.05631470911979797,0.7020617540364483
300,197,-0.30912041249671063,0.04208600790380661
300,198,-0.17568143371993372,0.25907944391646215
300,199,-0.20179422674377534,0.167191207312387
300,200,-0.029743171883533037,0.8445068899941848
300,201,-0.20917354600304883,0.15745076249824208
300,202,-0.23633239010823814,0.1367801403388019
300,203,-0.27230361728823027,0.07091701392121522
300,204,-0.31472033397302646,0.030021253313699803
300,205,-0.15987700833797014,0.2849861321389895
300,206,-0.1543878712723803,0.28354687497331366
300,207,-0.19046842032337885,0.1897049094441963
300,208,-0.17766774788107398,0.21440771293323746
300,209,-0.21488366973530937,0.17970384192500485
300,210,-0.22661843800684522,0.11453056570329923
300,211,0.004695549252259568,0.9749080106595175
300,212,-0.11919786990948822,0.42319337472354157
300,213,-0.10581115633108773,0.5000169054668824
300,214,-0.1659418303750435,0.2572045731234682
300,215,-0.2601562975042082,0.09955805834495106
300,216,-0.1418145195336855,0.32497715243759295
300,217,-0.014650223264872864,0.9193382560813551
300,218,-0.11740193447299951,0.4186436833036505
300,219,-0.31279330869565314,0.041533624522649984
300,220,-0.13019837196691597,0.3993018776605727
300,221,-0.16021900948173062,0.28892688305085684
300,222,-0.22852171349624406,0.12588136215792664
300,223,-0.20842318341091293,0.16336015118506844
300,224,-0.27665560818708457,0.062150294098110216
300,225,0.011352752917158426,0.940477140293582
300,226,-0.206753341983978,0.18187325316093836
300,227,-0.1151376070269734,0.44203052569496126
300,228,-0.4426520019541922,0.004130796917197563
300,229,-0.2713289203312552,0.07081624729729476
300,230,-0.05255773546142706,0.7196222336319198
300,231,-0.07210156452490324,0.6344595891966421
300,232,-0.1149760555458954,0.43209033198318025
300,233,-0.15166153637163937,0.310250687748525
300,234,-0.06627224208145144,0.6340266146137314
300,235,-0.13617719514516935,0.3505765781064043
300,236,-0.24178012730489584,0.08858207374726824
300,237,-0.2909422232953567,0.06380840600878414
300,238,-0.14323077503104642,0.3728219167136181
300,239,-0.08254490785927082,0.5925488859234413
300,240,-0.16812670843459188,0.24748234408530007
300,241,-0.3339649357813741,0.02757666113451026
300,242,-0.13594602802288414,0.3590791432423291
300,243,-0.11664828911498581,0.43454125527332305
300,244,-0.2671094111444141,0.0922512398437873
300,245,-0.09372142482154544,0.5257296319064263
300,246,-0.03522274669270509,0.8065330326571565
300,247,-0.11212434239177504,0.4373691944476697
300,248,-0.3312652983635225,0.027725247694438595
300,249,-0.26647812373638935,0.06958645020278201
300,250,-0.027165522000469622,0.8536839088213807
300,251,-0.23814020206072684,0.13427524008691374
300,252,-0.2495976332275358,0.09361356119585637
300,253,-0.29319891972989787,0.05568579403207392
300,254,-0.14786804070952897,0.3400711416418168
300,255,-0.07166952669312643,0.6227020647458901
300,256,-0.046721799192942726,0.7434834178564759
300,257,-0.0992136130827923,0.5186821347455546
300,258,0.014811903719989417,0.9205243140137029
300,259,-0.17723088974499568,0.21429687116217164
300,260,-0.18580613686006053,0.22549467090810327
300,261,-0.11560591620130722,0.4397518417202793
300,262,-0.4596349085736442,0.002073327811224893
300,263,-0.08180159850425461,0.6185154475931064
300,264,-0.18335323412530435,0.2530360819085102
300,265,0.024807396126549364,0.8750506814004192
300,266,-0.1395931742636911,0.34654873393626356
300,267,-0.2875884469595338,0.06651878170281521
300,268,-0.1458569226266775,0.33418987786831683
300,269,-0.1464422465711923,0.33979917461715153
300,270,-0.16060641436520662,0.2796259287705255
300,271,-0.09041788965076947,0.5331169074915998
300,272,0.007608479180159833,0.9602246471041134
300,273,-0.21158423714408592,0.16093825291465158
300,274,-0.1813178280258647,0.23035945732034505
300,275,-0.2666647598529295,0.07730277042282309
300,276,-0.10195126179661251,0.4765686103980869
300,277,-0.3239611582666182,0.03277116732092904
300,278,-0.12503418699821012,0.41745787313529653
300,279,-0.3012820070096094,0.056130098255463945
300,280,-0.20552540148795373,0.1697489961901223
300,281,-0.23565252625329514,0.11004931623435416
300,282,-0.21488269714600428,0.17532700050046857
300,283,-0.09205934029391472,0.5410669438100785
300,284,-0.24368818432006556,0.10020815018631687
300,285,0.02462941380271033,0.8707898097038569
300,286,-0.044728779466851165,0.7540601765839883
300,287,-0.2724002922687543,0.055154359107347124
300,288,-0.21710291663491077,0.1517586253621059
300,289,-0.00323136780974842,0.9828716738338129
300,290,-0.20295951315715577,0.16090209116506277
300,291,-0.10290898592398712,0.4837845273307044
300,292,-0.0631674649063001,0.6710900756599769
300,293,-0.13670422417504646,0.36339578974061304
300,294,-0.033434255979507554,0.8345516349982844
300,295,-0.15042352635708411,0.29701488970994894
300,296,-0.14137522757105714,0.3285955284835388
300,297,-0.1428723218068484,0.3318208424151618
300,298,-0.1673232245746732,0.2855763445009373
300,299,-0.12677112943802982,0.40507990737074706
300,300,-0.011036441070197966,0.9447325825774638
300,301,-0.14438478943396404,0.36184605602380626
300,302,-0.12086856404414625,0.4228867043368843
300,303,-0.014272558575319394,0.9215346535683452
300,304,-0.1442033056186922,0.33981392103552155
300,305,-0.20748075868837645,0.17710255008897186
300,306,-0.20398685636858538,0.18411556079291053
300,307,-0.25953247975839666,0.09586891195876746
300,308,-0.169787498120753,0.2665671486391913
300,309,0.05078335189839933,0.7305426977356756
300,310,-0.182802053782936,0.2249987829881734
300,311,-0.27951778627639534,0.07064810901806472
300,312,-0.13978832464175817,0.3572984571598453
300,313,-0.2355706183570856,0.1103618443951542
300,314,0.13053446626596,0.38259472544251105
300,315,-0.19840152020583623,0.18865647922685466
300,316,-0.3154944364502441,0.02590611276055146
300,317,-0.2147516990109981,0.16911618943582798
300,318,-0.03816280913205894,0.7938085226342688
300,319,-0.11672616755348741,0.4196948817508633
300,320,-0.3182290390436151,0.03158743673446712
300,321,-0.1299737380057575,0.35724018253190404
300,322,-0.07363508131843943,0.6086180000599735
300,323,-0.3319530300334126,0.025795319827959275
300,324,-0.13442631358914525,0.3270607776828299
300,325,-0.028521879332162214,0.8509379612910003
300,326,-0.1689188870471643,0.27468946113346326
300,327,-0.26034829572583895,0.07748919304684626
300,328,-0.08823905023983514,0.5293764952304507
300,329,-0.09414276832512947,0.5126471816102472
300,330,-0.059258268280666826,0.6932584976083939
300,331,-0.12291841936230163,0.42355775190740613
300,332,0.0226137902372745,0.8815259961520182
300,333,-0.04573636287062932,0.7529569106045334
300,334,-0.21200444600948387,0.17571906237706778
300,335,-0.03833335472171129,0.7964628269366562
300,336,-0.11706173841809964,0.438917967649409
300,337,-0.10958574674197763,0.4666586321305956
300,338,-0.16081497313054705,0.2879944741670102
300,339,-0.17103522227322365,0.2913542712603154
300,340,-0.11593305239391505,0.45151617329190413
300,341,-0.09194515577688378,0.5530159137907776
300,342,-0.0030990708088154406,0.9832780694013408
300,343,-0.13792921228492183,0.30717275744960953
300,344,-0.37425031831311095,0.011845797752600525
300,345,0.1815579618918708,0.23704769978211399
300,346,-0.04892799707060291,0.743943343639475
300,347,-0.21962320598471408,0.15954820028886033
300,348,-0.15319312915363348,0.30160853302365276
300,349,-0.06428140025604989,0.6798323676472932
300,350,-0.11171608641799757,0.4630878493877089
300,351,-0.06623605624971773,0.6799992748679445
300,352,-0.3094468740416012,0.0440671854799087
300,353,-0.15169358676929257,0.3141699606674762
300,354,0.04547513057975827,0.7515580852954312
300,355,-0.07412496849380545,0.6208546369070271
300,356,-0.19827644238595177,0.16935071563589382
300,357,-0.12316764367151123,0.40871309141810563
300,358,-0.17200891082114467,0.2672166987555253
300,359,-0.08265995428212314,0.586492374230763
300,360,-0.2746986763130348,0.06309079177246428
300,361,-0.16924844364774216,0.2853457911132612
300,362,-0.1637596432409385,0.28155298509270016
300,363,-0.09047989413681634,0.525457924239584
300,364,-0.278814678981,0.07230324561136356
300,365,-0.035108979460039436,0.8117557372363035
300,366,0.08130349765414557,0.5851590296266859
300,367,-0.2960852677237007,0.044485042459767754
300,368,-0.25151189387350215,0.0877225417243034
300,369,-0.25073722451414504,0.09242310122123965
300,370,-0.20610457972415652,0.16509614649734158
300,371,-0.3626079484706253,0.01292222711925709
300,372,-0.1850221915418686,0.20128966189318545
300,373,-0.059080266204341925,0.6885671017536491
300,374,-0.1566192118079357,0.264234110263062
300,375,-0.30738953839057714,0.041105303550930755
300,376,-0.0414915806276408,0.7826961820011402
300,377,-0.14471348528303807,0.33556140377333404
300,378,-0.1844139629970023,0.20900178767192
300,379,-0.24811823107477338,0.0954698009643921
300,380,-0.13761248125648784,0.35799093218137806
300,381,-0.1359059054693592,0.34300182613849667
300,382,-0.11666864699989787,0.4328482025049846
300,383,-0.2006010236350555,0.17382791961196406
300,384,-0.0011163444710327042,0.9936949571060871
300,385,-0.21569452481226747,0.1734110564594922
300,386,0.007612213787782096,0.9595418089487393
300,387,-0.25587012253822294,0.07913038701413005
300,388,-0.19667534310097956,0.18807795950344922
300,389,-0.30979935632137234,0.03857940066077227
300,390,0.012511849927685503,0.932421932610335
300,391,-0.2568393101927722,0.08751649102119691
300,392,-0.2532231345044629,0.09113865891875286
300,393,-0.16232706876243164,0.2937437989168829
300,394,-0.2941725662632457,0.043893718310822
300,395,-0.27326810845325333,0.06475636179445608
300,396,-0.12566019764702396,0.4141028367318015
300,397,-0.25747626253540545,0.08151838020648049
300,398,-0.17965659523316369,0.22436328895931654
300,399,-0.22732762659259897,0.1375378074357384
300,400,-0.17043598405269833,0.2616858147570011
300,401,-0.1858397262131195,0.2239819900941918
300,402,-0.17148046040018805,0.2619373493814353
300,403,-0.0796947361270739,0.6051042295661171
300,404,-0.26385342464771533,0.08573098643833943
300,405,-0.34347957719256605,0.024562312680681247
300,406,-0.22339646147260694,0.16644544068093248
300,407,-0.0013744255218437473,0.9924908950526261
300,408,-0.22130113303821197,0.1414916311903685
300,409,-0.16361220558497358,0.3096557683564438
300,410,-0.007070766153846719,0.9629002352881078
300,411,-0.4032910033066468,0.008242783757462244
300,412,-0.18983388896080022,0.2024150953999431
300,413,-0.09393842571846633,0.5449636732883684
300,414,-0.17006683743591822,0.2641572243595069
300,415,-0.27894972937676954,0.0628354791309733
300,416,-0.051892542310561396,0.7332221088294295
300,417,-0.15832436744044998,0.28246772465540915
300,418,-0.1093595498351867,0.4792192177376508
300,419,-0.30582608597906713,0.037633344220878565
300,420,-0.14507734047981735,0.34154699764079977
300,421,-0.1480441128670993,0.31044805885635
300,422,-0.24474007858681723,0.09396497793360108
300,423,-0.285344328066266,0.07345166524968272
300,424,-0.10205988567830815,0.5074482508856394
300,425,-0.22433759175966728,0.14350866744305407
300,426,-0.10045317432330947,0.4754789812102819
300,427,0.02178475877985342,0.8835613542887037
300,428,-0.2906944352064613,0.06598627381464167
300,429,-0.06590552103002523,0.661052862597104
300,430,-0.20062234751809527,0.18754005402812537
300,431,-0.35426051932321023,0.026256724191106126
300,432,-0.06172485231034841,0.6870937794195615
300,433,0.06085699952831902,0.675474452445943
300,434,-0.061595906505385045,0.6922721380140853
300,435,-0.4187215443571404,0.008398916568274732
300,436,-0.23497324393818175,0.12365873546783106
300,437,-0.1063878948647563,0.4914459280390489
300,438,-0.1601550026777474,0.2976457413309307
300,439,-0.04446578405974577,0.7693159327626683
300,440,-0.16054363563694984,0.27019590899753765
300,441,-0.04090592611183119,0.7800187186659038
300,442,-0.044555256848259006,0.758910025017723
300,443,-0.23703559449103828,0.10454608960577247
300,444,-0.2963984528462067,0.06486798773673552
300,445,-0.24120511902210318,0.11562010843703949
300,446,-0.28390682090959096,0.06820640971284012
300,447,-0.21876182782289533,0.16246316900829147
300,448,-0.34982507938911667,0.02277944019567885
300,449,-0.34112075154448185,0.025716530919824888
300,450,-0.3152563706139162,0.030374243945422708
300,451,-0.28062430229324775,0.06515590372724706
300,452,-0.3831134253026285,0.018469215190572253
300,453,-0.2195843261155339,0.15279743984759275
300,454,-0.18544128524922243,0.25377906839700637
300,455,-0.18199088316288936,0.21886273202089288
300,456,-0.002668481496963082,0.986178824195079
300,457,-0.1343641109358895,0.39706373996771843
300,458,-0.05963854057005058,0.6872244954803008
300,459,-0.05415146813912308,0.7188126137420884
300,460,-0.17953603856150302,0.22590613318991465
300,461,-0.14771494485394854,0.3295927092111724
300,462,-0.3284140659779702,0.032190965830279
300,463,0.013237659656573086,0.9322310422056969
300,464,-0.27583185164466606,0.0646727088293551
300,465,-0.14003709304540557,0.37285143116748865
300,466,-0.16108383351322608,0.2947106726648617
300,467,-0.049466149134966386,0.74602845701191
300,468,-0.051269607775894954,0.741324003618245
300,469,-0.11042753581052267,0.4581469093652823
300,470,-0.11861963980831014,0.4497256250044109
300,471,-0.2863416421960885,0.06411560372171464
300,472,-0.11882170902610945,0.43877800518887483
300,473,-0.2687886444445571,0.08915791347684592
300,474,-0.07044587219363585,0.6361454128670989
300,475,-0.12481802467233294,0.41235941445611135
300,476,-0.2775101289044315,0.06888119159048321
300,477,-0.14272605363283652,0.33600026739212874
300,478,-0.3737825518287341,0.01426883110732824
300,479,-0.05775681702897373,0.698364324640775
300,480,-0.07567079083566597,0.6203388895849514
300,481,-0.000313339901675036,0.9983105737051939
300,482,-0.27253127078495964,0.0748503188043726
300,483,-0.028298708135110928,0.847274448298876
300,484,-0.10569375297805905,0.4730750269950645
300,485,-0.22069464758394197,0.15219553466445152
300,486,-0.12357127980969373,0.41694001081477056
300,487,-0.15703334257833035,0.3380418636897266
300,488,-0.2562574600079497,0.08786710062104475
300,489,-0.14511502949635968,0.3170607982330744
300,490,-0.18053188122208574,0.24417033140645286
300,491,-0.15249189771225247,0.3055611184976159
300,492,-0.26036200717069313,0.08747978838445311
300,493,-0.08761023617048558,0.5736112683897121
300,494,-0.019454940795302633,0.8991582555972748
300,495,-0.2088161332243068,0.16695972564934858
300,496,-0.2893510587717252,0.051272451684392095
300,497,-0.19051473297760602,0.20230144780720363
300,498,-0.13871195651487866,0.36240806870706277
300,499,-0.1853446623355488,0.21355855398063364
300,500,-0.10921864068765963,0.47450730149782366
300,501,-0.020000062229238225,0.8958271883323717
300,502,-0.15982838644964836,0.2683956784721743
300,503,-0.44819035390521655,0.003371679067845335
300,504,-0.25454342727744184,0.09047198678317458
300,505,-0.4269818799092917,0.005693805028308262
300,506,-0.09657557954954576,0.5113035273503173
300,507,-0.13397838137854912,0.3754346131729901
300,508,-0.3206750008051493,0.031745795291738196
300,509,-0.25050871437581534,0.09871834633017364
300,510,-0.11580607288831679,0.4647178943962883
300,511,-0.32499638273641374,0.03159366374544689
300,512,-0.15937065704497222,0.2822422507491823
300,513,-0.13189079925634317,0.3571858308079058
300,514,-0.0627766754479353,0.6889241370478919
300,515,-0.11526310899365555,0.4267727758032962
300,516,-0.18887768165950547,0.19646437627840133
300,517,-0.05727758904942881,0.7092142582813314
300,518,-0.12396071447004609,0.4175666039700061
300,519,-0.24573110275313503,0.10006700981380895
300,520,-0.06633126948777424,0.6648162100456847
300,521,-0.0897369252802882,0.5483405049613648
300,522,-0.24097666969660025,0.11909338523804353
300,523,-0.11353349541957414,0.4349462455510442
300,524,-0.16312150190655217,0.2883774314835357
300,525,-0.15554493026975003,0.29439999325302996
300,526,-0.27325387374504295,0.07735676461975247
300,527,-0.09329154988046895,0.516589719572553
300,528,-0.2638915358000755,0.08808374305155932
300,529,-0.2512092898582843,0.09612877078962086
300,530,-0.14846881335842177,0.31573475191189754
300,531,-0.2587835044964315,0.07979446093718971
300,532,-0.3265682390693101,0.02820246332100193
300,533,-0.1256075444569955,0.3880904315229618
300,534,-0.020760535989442275,0.8917360460149779
300,535,-0.2409044269392382,0.11707259218700022
300,536,-0.1347742459461312,0.3789023221508265
300,537,-0.16164348728689326,0.27279807262911204
300,538,-0.14711618808315663,0.30954741049635787
300,539,-0.13164619477167072,0.3740223237533223
300,540,-0.46845167824211664,0.001927392763870512
300,541,-0.13472334997977065,0.3558361075528894
300,542,-0.033775824130700016,0.8269088991140331
300,543,-0.14382722931817327,0.32415712066882013
300,544,0.01436638366084253,0.923231905116341
300,545,0.15780292274574848,0.28546928489367707
300,546,-0.25604390633052176,0.0843604971255931
300,547,-0.177969038311673,0.2515407619525409
300,548,-0.1363876223220295,0.3568888428464546
300,549,-0.37349927278611617,0.014516847286658443
300,550,-0.18992968612285033,0.19036229638638397
300,551,0.04261791801688197,0.787269554039785
300,552,-0.24898063325616704,0.09918122570619495
300,553,-0.039107168027047834,0.8015558491780523
300,554,-0.09262661850473819,0.5544804712584778
300,555,-0.03865911948926204,0.7928622567758972
300,556,-0.03583610368260359,0.8110891990833595
300,557,-0.17480108585771426,0.2088463573219133
300,558,0.06585059292011763,0.6661775879627748
300,559,-0.16547427052055852,0.25091458376704995
300,560,-0.18865960224754197,0.18878646242782132
300,561,-0.1148804683036655,0.4277252516885047
300,562,-0.18390043600250827,0.2528703067780756
300,563,-0.25208407493511764,0.11336267050306761
300,564,-0.03234588848519948,0.827621778544692
300,565,-0.1647700133994583,0.2894900639064189
300,566,-0.052925563455310964,0.7327165476999696
300,567,-0.17918880449796148,0.22447043621215518
300,568,-0.07582987392457596,0.605431262506295
300,569,-0.31379595578311914,0.03580138110547116
300,570,-0.33951879215959835,0.03159322471661853
300,571,-0.15199619838327827,0.28379091658692324
300,572,-0.0070290758465993974,0.9619679373869192
300,573,-0.1524714450413729,0.2839571260370642
300,574,-0.19426675242592317,0.20677768203623753
300,575,-0.2466261995125123,0.09590583178184868
300,576,-0.07717725330892655,0.6248888267741284
300,577,-0.08154666897521956,0.5623358407062223
300,578,-0.19476647747854692,0.18424350820668636
300,579,-0.15924369079063716,0.27239388484762345
300,580,-0.23487934041328629,0.11778307585936311
300,581,-0.04441553932002407,0.7598535840290223
300,582,-0.07570214721802948,0.608618693295444
300,583,-0.2853713755539893,0.050012896502639126
300,584,-0.2802149978849826,0.0688254846359531
300,585,-0.24121604890942905,0.0953724923046454
300,586,-0.08541795189888468,0.5856268494648161
300,587,-0.13431728783328012,0.3901047544213986
300,588,0.04876627331018746,0.737530566404589
300,589,-0.21569724673357626,0.1425330253285994
300,590,-0.14196875792443286,0.34549239194522474
300,591,-0.13301681377434704,0.34590850283629315
300,592,-0.20381114494297137,0.17838963608912856
300,593,-0.057684418467985665,0.6992133821647843
300,594,-0.07605789967936794,0.6030821966460875
300,595,-0.17689535450507243,0.22061606328899605
300,596,-0.08906390662034269,0.533030720624831
300,597,-0.332715687790893,0.023931578728533173
300,598,-0.29722989680129963,0.04735138215731597
300,599,-0.17158064246621407,0.27679057078797603
300,600,-0.10492487115983451,0.4790892499918704
300,601,-0.3489856454893019,0.015773315654774626
300,602,-0.012045344815863501,0.9342140917068349
300,603,-0.16967984077889575,0.2731885512464403
300,604,-0.26883456591664334,0.08717832421385946
300,605,-0.1789206915129693,0.23831455425775197
300,606,-0.1238981364201166,0.41845672025203784
300,607,-0.16863326297876924,0.27161897592672707
300,608,-0.15683658524692667,0.2744207116144245
300,609,-0.032862305008526604,0.8308402646347843
300,610,-0.1018611186070828,0.5085539845224599
300,611,-0.32507479115204063,0.03473750799836519
300,612,-0.29231532426224227,0.05465729918806273
300,613,-0.10197732478304466,0.49279264837601344
300,614,-0.10410453968697908,0.4894377293422104
300,615,0.04989713742429025,0.7433042909059886
300,616,-0.13051255146993235,0.39435930810821335
300,617,-0.10721093184723252,0.4643354933051365
300,618,-0.17634494083258545,0.2499958115337894
300,619,-0.14060801694371783,0.321402693432308
300,620,-0.16625153463947662,0.2516273668505213
300,621,-0.054339336225559975,0.7081317825834381
300,622,-0.1179737400887344,0.4203290353509
300,623,-0.2958806176318216,0.047485574003553466
300,624,-0.07275459078112334,0.6178452920500277
300,625,-0.1566255148659188,0.32364545788594257
300,626,-0.1743848386957847,0.2509994705382139
300,627,-0.026780884709193487,0.8620694536496204
300,628,-0.11679827390329578,0.4552137572396154
300,629,-0.07071100064641911,0.6442355935691885
300,630,-0.16207458319184376,0.2741653323384507
300,631,-0.12248220110403807,0.4171416820973865
300,632,-0.044080455740511226,0.7624861055127762
300,633,-0.17469734189300112,0.2482190400561909
300,634,-0.21267810940530651,0.17535234984253414
300,635,-0.5734879770562902,0.00018328943276904296
300,636,-0.12845651566223992,0.40184728321543384
300,637,-0.21048787073398145,0.16116111659232404
300,638,0.011220340567213327,0.9417384896194024
300,639,-0.32401263357895616,0.02865887636293747
300,640,-0.1372962718676778,0.3620774582024306
300,641,-0.0009476022213625868,0.9943805173399748
300,642,-0.05838554547493402,0.7157580451963864
300,643,-0.16866148142163695,0.25190345127277053
300,644,-0.17752881168522983,0.2524107940516158
300,645,-0.01259545940362905,0.9337235342386279
300,646,-0.0434261917637393,0.7749251533153755
300,647,-0.21973109818757308,0.14754745582941947
300,648,-0.024355395866995977,0.8771181017263434
300,649,-0.2621303765442562,0.07368700966515555
300,650,-0.05972485324634036,0.6960289311382808
300,651,-0.05905960457941717,0.7063864210833856
300,652,-0.15031456404017085,0.3025575385580593
300,653,-0.18665636854842838,0.2199944942570711
300,654,-0.0738804914901543,0.6068482191264359
300,655,0.04453454111368593,0.7550940732546725
300,656,-0.2510853953502217,0.10269960300264429
300,657,-0.44390149158082615,0.002397870572277446
300,658,-0.33860995061279553,0.026254837630088464
300,659,0.11215050543470362,0.4504193578312111
300,660,-0.09837861872253129,0.5389673852794843
300,661,-0.01877288237061414,0.8945287140665715
300,662,-0.38879089807626954,0.016417532106146625
300,663,-0.2173596125623547,0.15159126829388547
300,664,-0.14130232140990984,0.34102214695730604
300,665,-0.22974549418944612,0.15600932731184408
300,666,-0.2999072226126831,0.047185787516667264
300,667,-0.2356357314659281,0.11177316530990158
300,668,-0.20352892415203883,0.14548448089507748
300,669,-0.02714096593543225,0.8540374514892962
300,670,-0.368363300093435,0.013197289074157684
300,671,-0.1131478892324953,0.456736381533997
300,672,-0.05975454415274761,0.683949658657363
300,673,0.02120981721812676,0.8850356204713308
300,674,-0.12562209140068603,0.4059227203475119
300,675,-0.18105254859020725,0.21781280907091854
300,676,-0.13999439513481704,0.3725301198130846
300,677,-0.13199460229818527,0.38100617404499965
300,678,-0.21249559617675295,0.15805119866005382
300,679,-0.07049806605652797,0.644896514143181
300,680,-0.3423736642599522,0.01936243450765162
300,681,-0.1086246599176377,0.44397828844520687
300,682,-0.28334022879137777,0.06214739221453446
300,683,-0.012885110087109908,0.9319066038005415
300,684,-0.07990115777510276,0.5875540076789313
300,685,-0.2851075402921861,0.06410561438075292
300,686,-0.22173372916646983,0.15936538527130564
300,687,-0.2100941551597586,0.16298833427019369
300,688,0.04764227519782693,0.7308727647359424
300,689,-0.4148664130299444,0.006390738366699977
300,690,-0.26317748390524365,0.0729939686088416
300,691,-0.09844197568844848,0.5272439708256101
300,692,-0.1288968217923827,0.3879722652464331
300,693,-0.1705388932149372,0.2799514334132722
300,694,-0.11485704074353542,0.44186307392585833
300,695,-0.14145364101244695,0.34053853859299466
300,696,-0.08433068635012653,0.5855341441331491
300,697,-0.01684318098172355,0.9075252953269084
300,698,-0.14494730699058778,0.3210318700784206
300,699,-0.15149800381950307,0.3302301297754769
300,700,-0.2550289676395572,0.08351495013280058
300,701,-0.23528535602937062,0.11336447820945804
300,702,-0.381085306455601,0.013837689875605144
300,703,-0.15074223908590767,0.313250110776627
300,704,-0.13907593317838618,0.3473229546921125
300,705,-0.3224836124659962,0.02244022481570989
300,706,-0.2801691931846886,0.0591499922561384
300,707,-0.13243498783537433,0.3636186941575287
300,708,-0.22446429542762658,0.1265646878728422
300,709,-0.09716629366868546,0.5173008486743251
300,710,-0.09458768839646758,0.524743663991108
300,711,-0.1157215244375891,0.4609616147967263
300,712,-0.16718555612949615,0.27601376381875176
300,713,-0.09294068517185039,0.5451593723269682
300,714,-0.10829090132391173,0.4640284778356909
300,715,-0.04735091587645002,0.7508420310990755
300,716,-0.27988840153750694,0.07394239096287038
300,717,-0.24525831682361066,0.11416422307871398
300,718,-0.33794371395753053,0.020611302716830364
300,719,-0.20545268085136392,0.17046088386204936
300,720,-0.1558938794552951,0.30211560412770105
300,721,-0.13194804419593353,0.37044386044956207
300,722,-0.11579006721330387,0.4348284101376329
300,723,-0.2342934875532805,0.11608999389460938
300,724,-0.3984284021757709,0.008082786748227414
300,725,-0.07303440087132529,0.6029257444164939
300,726,-0.4094113595105977,0.004275972323682403
300,727,-0.13713042585565205,0.34081977607453756
300,728,-0.1919926790907951,0.22628895233944113
300,729,-0.25033769228170755,0.09244730871163614
300,730,-0.11911412022260848,0.4320850602296943
300,731,-0.11072326459504467,0.5000594216754259
300,732,-0.23840401646015863,0.11518274600342944
300,733,-0.07115554683330494,0.6355115439102317
300,734,-0.07539347281760911,0.5987427942429141
300,735,-0.20735695341777038,0.18445465680070902
300,736,-0.06731679737153229,0.650335428801629
300,737,-0.11947889807556855,0.41936375945183
300,738,-0.04958107307869675,0.7440219929551248
300,739,-0.11431455375150001,0.46363980588255715
300,740,-0.17100031851242292,0.23088854965016878
300,741,-0.21492181499173135,0.15139375474173125
300,742,-0.27689697650491674,0.0763428119224162
300,743,-0.04801269148114251,0.7418891410480742
300,744,-0.2235550121395633,0.1323084380141817
300,745,-0.31241716609283543,0.02188848292540982
300,746,-0.1319848742318097,0.39533726134537683
300,747,-0.23395333168159382,0.12071295366778131
300,748,-0.23241985442137292,0.1194443689270127
300,749,0.13171051418575708,0.38158668222077424
300,750,-0.26237069329946117,0.07180865440849345
300,751,-0.22041660112404315,0.13077262311819418
300,752,0.06104485916424629,0.6745731212786232
300,753,-0.03044183162068137,0.8364408634775091
300,754,0.11917171527429815,0.4374860883975639
300,755,-0.23705265407610376,0.12286741951862601
300,756,-0.17407323743933745,0.24875303146222966
300,757,-0.24902910147813628,0.11755678748115045
300,758,-0.017318356289173664,0.9082583184230612
300,759,-0.28402581898857626,0.052928525887928256
300,760,-0.12133755509558775,0.41242368794258
300,761,-0.07977791113505184,0.6050569087966894
300,762,-0.04984055656352382,0.7410619974126779
300,763,-0.22356563551006658,0.14150480024975218
300,764,-0.2731590949537974,0.06552265617818213
300,765,-0.24269839962717654,0.10992998764012882
300,766,-0.2810542946453385,0.05669749315183435
300,767,-0.1971211393405472,0.19776459590247583
300,768,-0.03160660371696267,0.8378096980415193
300,769,-0.20290094623342547,0.1901657504341379
300,770,-0.17713223153324797,0.23472884234223682
300,771,-0.1740106052042023,0.2512283790764725
300,772,-0.019609542308314687,0.8933831246004913
300,773,-0.2690470696283551,0.08739462406450782
300,774,-0.26258406457641215,0.061600572520095105
300,775,-0.14952290096297993,0.3235833365889246
300,776,-0.3119962624000685,0.043050687521740114
300,777,-0.17947121147927803,0.2247579531698997
300,778,0.015188941743206286,0.923776090004592
300,779,-0.314882667481978,0.032374364608488006
300,780,-0.08643698636575259,0.566779503264523
300,781,-0.13381488905024064,0.3733065554795918
300,782,-0.0982867850921263,0.5178759803355382
300,783,-0.10759982960906989,0.4658429170957345
300,784,-0.13275786175631232,0.38019214750486807
300,785,-0.2665311809761608,0.07437023704570159
300,786,-0.06281982133300801,0.6603549962551509
300,787,-0.200949841986084,0.18901258402917379
300,788,-0.06939387060064028,0.6561142871845298
300,789,-0.10645435168157746,0.48910453653275215
300,790,-0.2425888097797717,0.11552775385720437
300,791,-0.13540036911251896,0.3760531658780289
300,792,-0.36595980643058645,0.015135198007049459
300,793,-0.14374372773778532,0.34279061377449144
300,794,-0.2057899293607246,0.1534870270859432
300,795,-0.2930364598522317,0.05241975948428721
300,796,-0.0574158040984436,0.707935326557293
300,797,-0.2954742341583554,0.04854809627041103
300,798,-0.2221092783274159,0.12927661784247244
300,799,-0.13493612651317122,0.37262680479537985
300,800,-0.16185405908512607,0.2919325953029032
300,801,-0.2749774864830439,0.0740171369475827
300,802,-0.30219371077238755,0.04250630477517135
300,803,-0.14125531357525567,0.3301271684813613
300,804,-0.21530971076693461,0.15895455749181217
300,805,-0.15325515738592976,0.30992516355385247
300,806,-0.1957387933978083,0.18695311118033167
300,807,-0.2453082793952266,0.1107771628886456
300,808,-0.10010453634628647,0.5019775951330439
300,809,-0.20508471363733172,0.1890146360435993
300,810,-0.13214393463604068,0.37452143346233435
300,811,0.02429632851098873,0.8674968761905253
300,812,-0.24197344363734707,0.09645288979896155
300,813,-0.16142232829650105,0.2815798219909564
300,814,-0.2297284315903223,0.12732131428919355
300,815,-0.17612095603923805,0.24071835513410458
300,816,-0.24587739176929446,0.09954781856855237
300,817,-0.25508055091795256,0.0753934364209105
300,818,-0.10881939385488693,0.4692880687586323
300,819,-0.30760735667377404,0.04628610188258895
300,820,-0.10371485203878095,0.4510965536938705
300,821,-0.09131036864923026,0.5660226113846306
300,822,-0.32758080840507375,0.03377574559231524
300,823,-0.26596486744023373,0.08014035033983798
300,824,-0.17454175867036348,0.22649660342914738
300,825,-0.2188009624340559,0.17069553294781661
300,826,-0.2826609423285742,0.06111411885890927
300,827,-0.05936843620048293,0.6965254200154862
300,828,-0.028464936197536872,0.8528355983058037
300,829,-0.1553863717722681,0.3020400206777139
300,830,-0.20295333022600204,0.20524691234379472
300,831,0.11186013315956522,0.4845674092337078
300,832,-0.2104357785528812,0.17335106556821286
300,833,-0.16841588368277094,0.24806074309767803
300,834,-0.20498459095483845,0.16843652228406575
300,835,-0.2115402681640024,0.17417659286597395
300,836,-0.006871344905365007,0.9645189908732097
300,837,-0.01913596254522787,0.8953860995376312
300,838,-0.21686761942940436,0.14730273624778156
300,839,-0.32766071498655513,0.03317568680593473
300,840,-0.22929092726867673,0.11254807539022606
300,841,-0.2060595619601724,0.18690412425968753
300,842,-0.1643884029990268,0.2595645541202045
300,843,-0.22929942968979944,0.12182652908561911
300,844,-0.17515696465895658,0.25369567783137126
300,845,-0.14693589833773224,0.3473331253255046
300,846,-0.06719961620251702,0.6563698422354394
300,847,0.03291656274145893,0.8228968651206412
300,848,-0.1806196203092849,0.23353067570063224
300,849,-0.12575444936419622,0.39089303025037825
300,850,-0.06441840682762745,0.6509403432693182
300,851,-0.0715927699797021,0.6260806714051422
300,852,0.010090034478002607,0.9472219857066709
300,853,-0.21338676871486584,0.16008281424303608
300,854,-0.23724932206737037,0.1067067901548333
300,855,-0.13646034982457778,0.35801564907990585
300,856,0.018884442288154446,0.893182494713945
300,857,-0.12067244090903984,0.41046456893897
300,858,-0.022284884757056034,0.8753262082644236
300,859,-0.17037360425983117,0.24246438409428425
300,860,-0.25416508963899,0.09367125257584616
300,861,-0.2666124172278259,0.07424185748730096
300,862,-0.19148022429624945,0.19463923546822084
300,863,-0.22434274986217595,0.12262221033775084
300,864,-0.0929838686215696,0.5505775352413985
300,865,-0.1911417651412659,0.16787829198988397
300,866,-0.07315370522922926,0.6275105043506187
300,867,-0.019319973088578024,0.8997945794390992
300,868,-0.09791401995691018,0.4861285261580731
300,869,-0.33376697932978594,0.029539217440655016
300,870,-0.3036116586002233,0.04232599019788518
300,871,-0.10088088072217083,0.4837853987720277
300,872,-0.09964039916845913,0.5027140821152405
300,873,-0.003153177204007207,0.9837065795100404
300,874,-0.17577302444419196,0.2554611644722309
300,875,-0.32678319253988697,0.028482772907728944
300,876,-0.08637008408015845,0.5857676706650607
300,877,-0.0434216519116859,0.7626897770831542
300,878,-0.22820645264804895,0.12122568395618567
300,879,-0.1126768531019664,0.46598510953735855
300,880,-0.13617919418798508,0.3864550726075653
300,881,-0.23982963543841684,0.11618685516983346
300,882,-0.0688100585221747,0.6471702004709083
300,883,-0.13046728199616098,0.39683781227387643
300,884,-0.28884556612893775,0.04555639729546715
300,885,-0.19706022805720558,0.19946035659631847
300,886,-0.1276640338321986,0.38565839384996514
300,887,-0.02459815296352197,0.8667252734508255
300,888,-0.021162179032460315,0.8919945782960917
300,889,-0.05070039932446768,0.7503145482669317
300,890,-0.1428235093850585,0.35570750196261236
300,891,0.11390170493961804,0.4352613571860089
300,892,-0.034319632811710576,0.8217971359744294
300,893,-0.17017574109039302,0.27035833393697056
300,894,-0.2537551073617035,0.09531290112506217
300,895,-0.23244153999871742,0.12630226461870578
300,896,-0.13398879253163898,0.3948001017533165
300,897,-0.03575874717408034,0.8127824593859704
300,898,-0.2575045256598738,0.08023769889947564
300,899,-0.5732868028839491,0.00021505914661515917
300,900,-0.04067977558684355,0.7828428707616355
300,901,-0.20601758296013273,0.1649592712252744
300,902,0.11509404745660667,0.4379276794849894
300,903,-0.060586880586402714,0.6906961307925161
300,904,-0.1914965164034843,0.206927543283935
300,905,-0.057460024367761875,0.717757069449708
300,906,-0.37444751835758083,0.015188726821235133
300,907,-0.21929382875711134,0.13857635195806156
300,908,-0.3148328235368947,0.03684189723353818
300,909,-0.21355056437209186,0.12142452793434093
300,910,-0.379660637600864,0.01076125568347073
300,911,-0.08267747703179928,0.5533018106132429
300,912,-0.24456509125338677,0.09255892067745831
300,913,-0.05952978286591559,0.690889886523833
300,914,-0.24806489770895013,0.10982095174450475
300,915,-0.16073571874361647,0.2861744947658761
300,916,-0.3269876728882437,0.027624573934607266
300,917,-0.18025958716801327,0.2134868067055395
300,918,-0.3274477383154437,0.031122547475375597
300,919,-0.11590075367326591,0.4181883109162347
300,920,-0.22022432396331126,0.144092757144076
300,921,-0.02975165770453536,0.8420220165489956
300,922,-0.2933933402345712,0.053338412118141436
300,923,-0.11124663076055796,0.46715046308509506
300,924,-0.22710219309069402,0.14608568391839422
300,925,-0.3153485055277958,0.03590231166308382
300,926,-0.0825292162306468,0.5832370761192673
300,927,-0.16191370390399484,0.2807831134168136
300,928,-0.2571973643493859,0.09242751158212471
300,929,-0.12648705234267332,0.3996287685015323
300,930,-0.06988402574078201,0.6393063726051861
300,931,-0.12246805152725138,0.4159920289732735
300,932,-0.3102606197696822,0.046958457100288654
300,933,-0.2241645356241193,0.117550319562997
300,934,-0.19671517124717397,0.1915354536951712
300,935,-0.17519211009694224,0.24593872229900288
300,936,-0.3560911610628441,0.015683793027608067
300,937,-0.0973614602694326,0.5036757779390368
300,938,-0.207044830087888,0.15177591758021616
300,939,-0.39486785613978803,0.013014982152508821
300,940,-0.14837936306693322,0.3361364243187519
300,941,-0.0765637846336027,0.6077348595535244
300,942,-0.19045650440066453,0.22982093993302355
300,943,-0.035129738420048184,0.8152164890134019
300,944,-0.15623358866150205,0.2903028258433326
300,945,-0.07935124583475961,0.6130860419736595
300,946,-0.43325867360712245,0.00398774654659393
300,947,-0.07642408337093265,0.5949521937669117
300,948,-0.19392133273396794,0.1864857452770845
300,949,-0.06544752325929615,0.6652344386487303
300,950,-0.2332574359776416,0.1213012372836453
300,951,-0.2998425491712684,0.04824061179156306
300,952,-0.1826304843742541,0.21426914794713528
300,953,-0.1822609379221145,0.23592649183237924
300,954,-0.2164117636283791,0.13944733254918742
300,955,0.04839421967456481,0.7387652851175747
300,956,-0.11032981999650104,0.45086486764227407
300,957,-0.05991807000212823,0.6750270032309315
300,958,-0.21804920535472938,0.14010492838778224
300,959,-0.10656913510882404,0.45244232126512285
300,960,-0.11555950555864314,0.4663493021410551
300,961,-0.08823575301371633,0.5565748619991154
300,962,-0.01917264873436686,0.8997283450319049
300,963,-0.0771388642160371,0.6025026028734132
300,964,-0.017724388167570382,0.905228892837026
300,965,-0.278722346536437,0.07873863616255498
300,966,-0.2333304598114605,0.13187152113674988
300,967,-0.22624388504289605,0.134753893271101
300,968,-0.152269418025206,0.31985120142177675
300,969,-0.07881316982946451,0.6035980278108939
300,970,-0.17004229807114868,0.2680689015995732
300,971,-0.19325833310467644,0.20929797680177506
300,972,-0.026010089932688274,0.8618965352514194
300,973,-0.07407745579847891,0.5895239484710321
300,974,-0.22585066142280041,0.12628565231407404
300,975,-0.25931914945770806,0.08661877086291916
300,976,-0.21496443120212838,0.1775319120074433
300,977,-0.3574068071938665,0.021321145513322596
300,978,-0.3966981563902703,0.010105698489508768
300,979,-0.16867441053409316,0.2544681325001538
300,980,-0.1415416900886033,0.3407188141664265
300,981,-0.11909305824916849,0.4330372068065685
300,982,-0.448277342874178,0.004336474081992002
300,983,-0.10711190815812088,0.4815664100886278
300,984,-0.16411908824015065,0.28403782060021016
300,985,-0.1539711723293582,0.30150451167694897
300,986,-0.2281852095129011,0.15251789866644222
300,987,-0.04111485714828511,0.7751136905870732
300,988,-0.24474972973237819,0.09640604799254326
300,989,-0.10295916820542139,0.4930479737925176
300,990,-0.09638319181038213,0.5195998416313828
300,991,-0.2040157174193098,0.16229358634581773
300,992,-0.37782762546745374,0.015915104546503918
300,993,-0.22665909752938695,0.11897675681072857
300,994,-0.18630158896161753,0.1915844693239335
300,995,-0.071287517438547,0.6403988281560999
300,996,-0.21634506670151765,0.14571034865661373
300,997,-0.09658785224423916,0.5206938711594916
300,998,-0.17754607642188525,0.2688610923886905
300,999,-0.1607535720391926,0.2890478021866408
500,0,-0.16929238829131066,0.14429268944761153
500,1,-0.1438235351686128,0.21069169243962105
500,2,-0.1590398002575668,0.16631590665636864
500,3,-0.138997289424454,0.22083508720396003
500,4,-0.11869804139895201,0.30810696936458776
500,5,-0.1806755565471203,0.11870924695115483
500,6,-0.1776340619152439,0.13226553634218222
500,7,-0.15555551920108357,0.18498773819423145
500,8,-0.1576291583157925,0.17640186433058258
500,9,-0.1376973924246645,0.23404247576650308
500,10,-0.14221388806725876,0.2176489025475261
500,11,-0.17513853951901837,0.1382028127061097
500,12,-0.12654868478764314,0.2675296861720356
500,13,-0.21197100867559726,0.06675568264336892
500,14,-0.1582663596828766,0.1728031614901725
500,15,-0.16073088907154265,0.1676494990112913
500,16,-0.16371894276591803,0.15697750074286276
500,17,-0.1752657832283102,0.12938318679041055
500,18,-0.19758610822021438,0.0860687090479582
500,19,-0.14613409355046159,0.20855367122349341
500,20,-0.16927979424735362,0.14726379471872075
500,21,-0.19224450624977685,0.09965235120234267
500,22,-0.13854883562072118,0.2356399889849718
500,23,-0.12826541526765567,0.2768973020620588
500,24,-0.12264840823645251,0.2881762596721264
500,25,-0.1592111266591818,0.17850519624600142
500,26,-0.1994765140842354,0.08386628867483348
500,27,-0.16115628450446096,0.1689765831051422
500,28,-0.1377865887598606,0.23759215267687073
500,29,-0.15393796299415818,0.17607388191590922
500,30,-0.2194135807877391,0.05767299035768608
500,31,-0.18652554193603166,0.10510954073424635
500,32,-0.18726224949648973,0.11022582581053834
500,33,-0.19823817691134948,0.08630218293266761
500,34,-0.12814197136008332,0.2670015634937396
500,35,-0.18765246522219847,0.10480676230216486
500,36,-0.1560064867024682,0.17524533782506432
500,37,-0.1376733680464337,0.23930573734483904
500,38,-0.0668925765433066,0.5612039344904908
500,39,-0.13885882049994258,0.23233891998964132
500,40,-0.07048801284041417,0.5373811190117951
500,41,-0.15989294167194146,0.1690221698625455
500,42,-0.19670992839357027,0.09680956266182707
500,43,-0.17391349735416028,0.13394812673336084
500,44,-0.16668718092065937,0.15392735349430178
500,45,-0.15350142439144854,0.1827959191032449
500,46,-0.10723905522502797,0.3545828585026145
500,47,-0.22348694398355384,0.05434300344579649
500,48,-0.17850810516197768,0.12303419270646332
500,49,-0.2469745945377131,0.0352902478120824
500,50,-0.14059153125752566,0.2323214222381166
500,51,-0.20422418138110565,0.07951750088818692
500,52,-0.1416681491990328,0.22232099551764825
500,53,-0.13608007838084646,0.24106129256295156
500,54,-0.1530242441957288,0.1910894423001132
500,55,-0.1338676338094107,0.2506386597004852
500,56,-0.11921770730354098,0.29416485220737265
500,57,-0.13643270748185365,0.24117894886568825
500,58,-0.12245258206196397,0.3050206502535944
500,59,-0.19775393547023867,0.08519486138163661
500,60,-0.1295932113000422,0.2639437634717174
500,61,-0.16050790889444322,0.16877457806185295
500,62,-0.18490212023634278,0.11609770002886845
500,63,-0.17662358998870253,0.12841498921531747
500,64,-0.11381403415536084,0.3302069569590981
500,65,-0.13358865358750727,0.2504473061564028
500,66,-0.19554413429062834,0.09290177332953548
500,67,-0.16244157586355534,0.15923066845452646
500,68,-0.19349519098890156,0.09116265840642013
500,69,-0.13836398321310206,0.23605507196698444
500,70,-0.1933539172284462,0.10250956586401246
500,71,-0.2088684360738391,0.07325021074726622
500,72,-0.13324345666772786,0.2484889555064087
500,73,-0.14492041387311438,0.2029069164370573
500,74,-0.12797240940678378,0.2717014928724759
500,75,-0.1490348338618439,0.19457848437717623
500,76,-0.16558956693468474,0.15268004949306807
500,77,-0.1693313541499002,0.14946141541038635
500,78,-0.14674445047628915,0.20993520649458672
500,79,-0.16192959819275465,0.1625684585409063
500,80,-0.13719347992991437,0.24095273068969902
500,81,-0.2081675952267208,0.07255234151212842
500,82,-0.12952193061568096,0.261297339809161
500,83,-0.12304291781082455,0.2962494976657274
500,84,-0.17556329053799047,0.1316273184438341
500,85,-0.20232853783783966,0.07958236895593233
500,86,-0.1315190889536879,0.25789271780965856
500,87,-0.164827560448213,0.16204871438217644
500,88,-0.16545063648232627,0.15541284126934266
500,89,-0.18654525678702782,0.11231884516495821
500,90,-0.17517426152221738,0.1334557662926632
500,91,-0.08830763385385154,0.4409725256294701
500,92,-0.20579617988292576,0.07824098911310697
500,93,-0.178779033543357,0.12296023689602249
500,94,-0.19337102913745774,0.10268054918979823
500,95,-0.14254067583330254,0.21282381051352933
500,96,-0.16294199188205383,0.16280028246088862
500,97,-0.12036631583703361,0.3005504552441175
500,98,-0.10225951050717796,0.3759670286498131
500,99,-0.13366255808451655,0.23684227903182378
500,100,-0.14193025015446992,0.21829363569857055
500,101,-0.19861973747571682,0.09268763825940528
500,102,-0.19395788522378865,0.1002472510254584
500,103,-0.14192280415727154,0.22647998732923594
500,104,-0.17862788437386534,0.1204773785938928
500,105,-0.10769280299567363,0.35545517609161786
500,106,-0.16941667507074776,0.14218547749915936
500,107,-0.18524253879307295,0.11727167578708439
500,108,-0.15562903553339424,0.17669960158364112
500,109,-0.11651422070431572,0.3181219730577283
500,110,-0.1529415196461752,0.1899641476772166
500,111,-0.17931297617849573,0.1215364716388065
500,112,-0.2502850686190623,0.03171631246458552
500,113,-0.18472334677437985,0.11936428562686924
500,114,-0.12053856457149514,0.305486401846028
500,115,-0.1878863786635403,0.10094309322266844
500,116,-0.1218620123873464,0.2962369682580671
500,117,-0.1937414593772857,0.0951746745387296
500,118,-0.20906897802837499,0.0695986334853272
500,119,-0.19128281918079004,0.10290302330968888
500,120,-0.20185138948626324,0.08374869156070423
500,121,-0.16230130288007416,0.16262977905479517
500,122,-0.21478001294149252,0.06519442508809982
500,123,-0.14799851053117408,0.20373999459007083
500,124,-0.183389704900069,0.11541962440176862
500,125,-0.20677107642849535,0.07190081969687594
500,126,-0.11153820637301237,0.3380038428986995
500,127,-0.13529658352148388,0.2384638399532233
500,128,-0.17732464198424047,0.12439650417750552
500,129,-0.20754169409350887,0.07850495679525273
500,130,-0.1855240301283736,0.11171076636033442
500,131,-0.1597334733630369,0.16317357390412723
500,132,-0.17747707855402517,0.1312531718019352
500,133,-0.09726867226516411,0.3961954482066997
500,134,-0.11085957408493563,0.34158955586611517
500,135,-0.19355264589350085,0.09859212868824341
500,136,-0.1461999634747908,0.20972278807764408
500,137,-0.13633430907018607,0.2459423381868552
500,138,-0.14507905086860973,0.2039379327080742
500,139,-0.14830927438651642,0.19562859060824206
500,140,-0.19731389346531358,0.09087576230987042
500,141,-0.17678706481410167,0.12254128496282088
500,142,-0.1992066388395486,0.08556452290841962
500,143,-0.12097482175543917,0.29266106395837943
500,144,-0.1899841509280531,0.10410938060993878
500,145,-0.16555392697570248,0.14947079938248947
500,146,-0.1919079732739899,0.09566362362773795
500,147,-0.1480118104739656,0.2091884349753465
500,148,-0.12350155655692596,0.29117319614008025
500,149,-0.1663745306728721,0.15694160034387364
500,150,-0.14394759498159893,0.21514730698903212
500,151,-0.12653512305259973,0.2766031706525281
500,152,-0.18549957562003705,0.10547713105349558
500,153,-0.1953835204596892,0.09117701377962432
500,154,-0.1248772585455935,0.283925326790471
500,155,-0.20104877935457566,0.08010986614794845
500,156,-0.15756275715139445,0.18352786403912238
500,157,-0.16861636732719631,0.14590677523422346
500,158,-0.19618085128104923,0.08975804270302833
500,159,-0.1501836358142512,0.19175108622263445
500,160,-0.08223572560976322,0.4773997504717382
500,161,-0.2109643783046895,0.06857122249509329
500,162,-0.15309222234727393,0.18916899814591456
500,163,-0.12575850957461654,0.2756159614388399
500,164,-0.13119940059913482,0.2646823029689559
500,165,-0.22354207245286517,0.05465037666542895
500,166,-0.1763985867244049,0.12859038765334987
500,167,-0.24012101965464439,0.04538394003907781
500,168,-0.18269977888647304,0.11962510228829647
500,169,-0.18455355521840922,0.11653391199532137
500,170,-0.21996700673648384,0.06191862858908706
500,171,-0.1190028079339367,0.31142265458347235
500,172,-0.1559254516505426,0.17971173829762874
500,173,-0.15524301112902883,0.1816157458244318
500,174,-0.12582172102707112,0.27515619114608914
500,175,-0.11401281770062432,0.3242107378501149
500,176,-0.14368808783146392,0.20684280369730737
500,177,-0.12242113561672419,0.2970055102087093
500,178,-0.13260047108731499,0.24979564150720213
500,179,-0.13695077368067388,0.24125353208449543
500,180,-0.1864506872773095,0.11283217536613076
500,181,-0.1824930035097303,0.12564755473805855
500,182,-0.134177926319202,0.25397913071102723
500,183,-0.21446841031346153,0.06382245951387028
500,184,-0.14870441613568275,0.19614834847806123
500,185,-0.12031892028034186,0.2965381534619703
500,186,-0.17278403623018868,0.1339158504521477
500,187,-0.17201134040494637,0.13250415347116962
500,188,-0.15262931139912972,0.19374938483789075
500,189,-0.1311991232048495,0.2461627035646423
500,190,-0.15471257779543102,0.17932947256874243
500,191,-0.15837679338227417,0.1753124655863458
500,192,-0.13392419262872401,0.25405533565051613
500,193,-0.1845546046043669,0.11523056099289004
500,194,-0.16439013126686852,0.15916606781196196
500,195,-0.1823995898886377,0.10716489360799233
500,196,-0.15225132856060952,0.18382917558842146
500,197,-0.17365956670118443,0.13090341831199026
500,198,-0.19456083711206595,0.09078471122430977
500,199,-0.1553079511449731,0.19201954844385058
500,200,-0.14942766763484094,0.19172440422693612
500,201,-0.16456363519275818,0.15553514641430785
500,202,-0.13193052709119968,0.25664075118914276
500,203,-0.17539325275826556,0.1285167502380125
500,204,-0.16708120807857796,0.1480183443280067
500,205,-0.16814273391752366,0.14962999649811254
500,206,-0.18869777708236413,0.10933500509103196
500,207,-0.177924564478392,0.12561378852906635
500,208,-0.13068443164117483,0.26130026334715895
500,209,-0.15434080599406563,0.18376501849203913
500,210,-0.1791678572418629,0.12116312344953627
500,211,-0.18953076226457455,0.1008440087389507
500,212,-0.17115105073792236,0.14072331316835082
500,213,-0.16528838656004652,0.1528086275820736
500,214,-0.13638164062491498,0.24371894601215277
500,215,-0.17212553313569856,0.14369095502434842
500,216,-0.18530311477555905,0.11250111450207764
500,217,-0.14814734458876622,0.1888676787508254
500,218,-0.16141294609431966,0.16909709294781844
500,219,-0.16062367843477254,0.17075962765050262
500,220,-0.1610086772987458,0.16464626801722812
500,221,-0.1373283769530822,0.2389633573481906
500,222,-0.10816718950325388,0.3522569304768896
500,223,-0.14382294149783803,0.2210684686110597
500,224,-0.16631496860196826,0.15943010874096777
500,225,-0.2072476329824351,0.07581742792018438
500,226,-0.15443972145895302,0.18191008909499046
500,227,-0.19834103010376758,0.08501552963849761
500,228,-0.11779424998234056,0.3054962847422034
500,229,-0.2024861109030045,0.07976318788200197
500,230,-0.21501591834745426,0.062384011651525635
500,231,-0.17361403539802112,0.1367253207088183
500,232,-0.17535714392080592,0.13315584825885035
500,233,-0.14814551173075508,0.19817570233515377
500,234,-0.23772303623090707,0.0399031684648539
500,235,-0.15968247739585983,0.1672331773617911
500,236,-0.1655339628511978,0.15689219686139283
500,237,-0.21010733485351274,0.07307220425398384
500,238,-0.1336320005528986,0.24465353884192492
500,239,-0.12250853260316674,0.28293701446760966
500,240,-0.2551152015210807,0.02569359860859441
500,241,-0.1602388388269116,0.16806893372323986
500,242,-0.19711171520807547,0.09589081952442294
500,243,-0.19219501866406574,0.09660463525546313
500,244,-0.14948948093762837,0.19910636424970268
500,245,-0.14076997429834215,0.22251376098615425
500,246,-0.14704722233577527,0.20043322619474632
500,247,-0.1045066206496017,0.36407123781182055
500,248,-0.14115508058069182,0.21770309932993057
500,249,-0.15556032046718826,0.1709033937070472
500,250,-0.12555120746491966,0.28259665959626007
500,251,-0.11631215280882934,0.30891083189217533
500,252,-0.1313351465802306,0.254428672249601
500,253,-0.17544759281776479,0.13166712372494116
500,254,-0.1381729805105838,0.22840530420255534
500,255,-0.18985807484631323,0.10329451894055074
500,256,-0.17569898360338954,0.11833040431223785
500,257,-0.11936764556494062,0.30209103308343876
500,258,-0.20337239163477783,0.08289223688517935
500,259,-0.10137413167529274,0.3866975794923621
500,260,-0.182081526242019,0.11576539002564912
500,261,-0.1978321307693136,0.09133568614191968
500,262,-0.14290817490741503,0.22101148734605586
500,263,-0.21392120315527485,0.06474405089188655
500,264,-0.13713662265812232,0.23827961794081426
500,265,-0.1382699244149439,0.23349734112881085
500,266,-0.1293163763920404,0.2598725027290409
500,267,-0.13258899710269567,0.2652236603523728
500,268,-0.16323073163009738,0.16210770493380233
500,269,-0.1727393112958744,0.13751749235500607
500,270,-0.15184068907286097,0.20024405132788262
500,271,-0.13977965489990396,0.21247500445549186
500,272,-0.20950256344885254,0.07178652775705968
500,273,-0.20603507428270618,0.070764018428474
500,274,-0.17812791196647026,0.12459458218990226
500,275,-0.14536975457214218,0.2052312202041706
500,276,-0.14789841098070333,0.1997559883711768
500,277,-0.18706548716507498,0.10376081130078191
500,278,-0.20237570525472037,0.079439540298602
500,279,-0.0955695280206239,0.40902805903649075
500,280,-0.1415236476325621,0.22128295298842068
500,281,-0.16558412589312965,0.1560961103325135
500,282,-0.11130739548546842,0.3445817926602269
500,283,-0.16144475364674093,0.15932469951954045
500,284,-0.2157914149097433,0.06424515098078841
500,285,-0.19152613505987937,0.10070503447421485
500,286,-0.1576161814344701,0.17194209157977094
500,287,-0.16781682102667617,0.14778179284467266
500,288,-0.13255678932664772,0.25298110592601386
500,289,-0.18142154095643548,0.10920508761849991
500,290,-0.198231689915513,0.08494988996758092
500,291,-0.21613790001058497,0.0607437700993381
500,292,-0.178030872981088,0.13100900338810587
500,293,-0.09038230305060502,0.4403858160151705
500,294,-0.13673655624668513,0.24491853035856817
500,295,-0.19148338877836046,0.10193548140056488
500,296,-0.14266110337806204,0.22296139315894503
500,297,-0.12566830661508988,0.27685577269070427
500,298,-0.1430831182596659,0.22105465106277125
500,299,-0.199086773285563,0.08120248489111805
500,300,-0.13156370207159895,0.2573549916621374
500,301,-0.18585495429667276,0.11296546241087502
500,302,-0.15661638925796417,0.1786980222457008
500,303,-0.15482524898760275,0.18132769085696282
500,304,-0.19351295654437806,0.09799748523689912
500,305,-0.13047438119257393,0.2691604975964642
500,306,-0.12161891213838238,0.29293540454077177
500,307,-0.15220567112527483,0.19231753430265874
500,308,-0.19251519418715546,0.09150969790945998
500,309,-0.19839568045438583,0.09721338368897207
500,310,-0.1657764650969984,0.15012307352868218
500,311,-0.20568553067887407,0.07904250379223718
500,312,-0.15213990033300284,0.1947238074103661
500,313,-0.16809051439697598,0.14375545218667396
500,314,-0.20625461164276082,0.07478960182057148
500,315,-0.1282742747386738,0.264998802153718
500,316,-0.21763011655335696,0.0620920243960258
500,317,-0.20375216741249957,0.07961454464249676
500,318,-0.1664430837994999,0.14477311060281106
500,319,-0.16248811311159983,0.15884543656621614
500,320,-0.1319653957071143,0.2595885370097208
500,321,-0.15858515105656323,0.17222027575036095
500,322,-0.11369930385871108,0.33456754616020196
500,323,-0.2026963313769805,0.07815382232008401
500,324,-0.18150040869510953,0.11718447324834269
500,325,-0.21093272548502107,0.07367386663675438
500,326,-0.16117169570692802,0.16732249632867163
500,327,-0.1754022690533965,0.13468592782507796
500,328,-0.1716963852408746,0.1463827590478109
500,329,-0.12402592741109686,0.29131653010866204
500,330,-0.192451819245667,0.09392427475302541
500,331,-0.17172664326652765,0.14226769786888993
500,332,-0.17339828561013526,0.1402075715906147
500,333,-0.22041533972261007,0.05994495386859744
500,334,-0.1481684782972703,0.20331378231539649
500,335,-0.20953145531561823,0.06955877397120162
500,336,-0.20164248238016214,0.08146405696662506
500,337,-0.14363447051631795,0.21562916994243297
500,338,-0.12456326613125412,0.28236893309739713
500,339,-0.21730665502692048,0.06249158845151309
500,340,-0.21027553130743826,0.07249610079184586
500,341,-0.16602563618413768,0.15371380290171457
500,342,-0.20547672610113388,0.07716332721629954
500,343,-0.13677660341324405,0.23210310774506676
500,344,-0.13992017896965336,0.22897294634422735
500,345,-0.1471141147478452,0.20473866671977256
500,346,-0.1674121864015028,0.14872591176792302
500,347,-0.12186043412927283,0.29111454022252037
500,348,-0.1836949226320126,0.11020316382112742
500,349,-0.22550376459495958,0.049930362204649005
500,350,-0.15152308608053033,0.19406621624609757
500,351,-0.1527901401297047,0.18595479255378053
500,352,-0.20323480102659452,0.07819388210066762
500,353,-0.14820251547254415,0.20633523378301669
500,354,-0.1298048021809315,0.26364554076507163
500,355,-0.2335757497890647,0.045485919923848345
500,356,-0.2056044195141542,0.0763519258139581
500,357,-0.10002121196588654,0.3826562917492391
500,358,-0.15577135387224317,0.17457275348893733
500,359,-0.2035539140793894,0.08435605287829448
500,360,-0.14615922772592782,0.20520502305574295
500,361,-0.1924752711457849,0.0973202533954654
500,362,-0.19617838118214337,0.0906442802729238
500,363,-0.19138611532259553,0.10104172407464485
500,364,-0.22485248573243055,0.054736266438997476
500,365,-0.1530105679134639,0.19412224428751657
500,366,-0.17565279092489305,0.12468639834113758
500,367,-0.1269934199975573,0.27528639974877805
500,368,-0.1785547660270712,0.12361565122854011
500,369,-0.15250474420452775,0.18747036647914272
500,370,-0.1900587266272673,0.1037195387398572
500,371,-0.14085625361129672,0.22124743376766434
500,372,-0.10319493708054672,0.3733627129449443
500,373,-0.08511174167492364,0.4615618118389927
500,374,-0.18436704201649512,0.11130175644101178
500,375,-0.14041866750208776,0.22465962861229571
500,376,-0.1844582764452607,0.1126229410461923
500,377,-0.13379960021321757,0.2545284214315016
500,378,-0.136035100708515,0.24996217353210856
500,379,-0.13064283785023179,0.26459022432160534
500,380,-0.19151442101260585,0.10076710102550067
500,381,-0.13643723452043055,0.22805647020368108
500,382,-0.1346492301511759,0.23300339570546452
500,383,-0.14392327823498086,0.21468369157851858
500,384,-0.1547615339281485,0.18675846036195706
500,385,-0.14850401932912938,0.20164698598164182
500,386,-0.16465594266358252,0.15545547914967603
500,387,-0.2316653961268802,0.04336213193684222
500,388,-0.12652604677652768,0.27066754068909454
500,389,-0.19197478541730817,0.09695790117335407
500,390,-0.18277684121324356,0.11168622372409931
500,391,-0.12310313982583132,0.2872579515812492
500,392,-0.12285870860864989,0.2846341723366056
500,393,-0.17142184365600777,0.1361982828846266
500,394,-0.16124912971609007,0.15737976594889277
500,395,-0.1891709887774411,0.10632367617262525
500,396,-0.1897195097420532,0.10481394767435044
500,397,-0.13674683752941696,0.24280098485245166
500,398,-0.22480790465233014,0.05160864724505659
500,399,-0.1494873951381468,0.19317594317715514
500,400,-0.16688189541689802,0.15671578648443157
500,401,-0.10787129389693106,0.3441488189384293
500,402,-0.15669281640736443,0.17987370956401535
500,403,-0.175828137191548,0.1348514819198088
500,404,-0.15303310245377233,0.17540584539080423
500,405,-0.14884887085675302,0.19736592420629803
500,406,-0.14000553751908384,0.22745995785155193
500,407,-0.16425754890397926,0.15488364034937216
500,408,-0.1948245234051562,0.08971744720765201
500,409,-0.2147970323690096,0.06742229911781822
500,410,-0.16034052192638448,0.15831076456720253
500,411,-0.11378900047685292,0.31956753036411084
500,412,-0.10948926115843705,0.3545721103564285
500,413,-0.13475798635722214,0.24241230514747178
500,414,-0.16748071165718237,0.14865878646761438
500,415,-0.15921841461375763,0.171398762832342
500,416,-0.14935973226772958,0.205603682848602
500,417,-0.1569366471664111,0.17821602210973328
500,418,-0.17404807250817456,0.13603227856086292
500,419,-0.22511392772327277,0.05771541305292423
500,420,-0.17481155691752903,0.13292576979620543
500,421,-0.13259325200154848,0.25220710081144737
500,422,-0.13423529370133913,0.2514302209277991
500,423,-0.15369852951964624,0.19845052853722311
500,424,-0.15189320292592257,0.20012916949809959
500,425,-0.11409324114779018,0.3205532521831589
500,426,-0.16259056822206652,0.16258000448169382
500,427,-0.16104117725924816,0.17057130652206579
500,428,-0.14518228588149817,0.2143905210445096
500,429,-0.12662721462776183,0.27615471715586243
500,430,-0.1395739750738585,0.22480066335631985
500,431,-0.09934989830809293,0.3956785899510391
500,432,-0.19422476263016364,0.09682742750362011
500,433,-0.1357530088967973,0.24336185193163712
500,434,-0.09744690068575679,0.40280218664833284
500,435,-0.11880038050935937,0.30055076014342325
500,436,-0.2152456066416395,0.06155436909364022
500,437,-0.13599573396875186,0.24849872864942807
500,438,-0.1315612896484275,0.2606778438647537
500,439,-0.16968109173907386,0.14862885367016027
500,440,-0.19172447091467504,0.10570737747705755
500,441,-0.11398655320064321,0.3201521341223681
500,442,-0.18297371236534055,0.11143057478244897
500,443,-0.15589016978316472,0.1868489597365365
500,444,-0.18107935317915924,0.11627311153034822
500,445,-0.12894604452967506,0.2640480548756478
500,446,-0.2339102879243189,0.044170722514906224
500,447,-0.1400371580537172,0.22556057696591564
500,448,-0.1265065834624135,0.2736650390737541
500,449,-0.16375854662025446,0.16422475359874092
500,450,-0.17502459771515078,0.13246454709924432
500,451,-0.26488306812223783,0.02345111830333252
500,452,-0.12982801100744368,0.2643620874765266
500,453,-0.164562594535278,0.14829497747016188
500,454,-0.1706381234304235,0.1461077880534155
500,455,-0.1608918484369024,0.16828302706569281
500,456,-0.24641529668262585,0.03482608104550766
500,457,-0.13976671723766287,0.22652344222729157
500,458,-0.1305481776878743,0.2567958679949557
500,459,-0.12657239810087795,0.27528832286734534
500,460,-0.16299237376128417,0.16020291213853513
500,461,-0.1638235995266868,0.1521270333376296
500,462,-0.23749130817131991,0.03980141066404101
500,463,-0.18457762829411628,0.11329192667931128
500,464,-0.11363907193856448,0.3255141968860762
500,465,-0.15264405262811742,0.18708442777150688
500,466,-0.15156403863605128,0.1940574175745539
500,467,-0.16863895276343221,0.14484122395445004
500,468,-0.14556998878895477,0.2157047700620102
500,469,-0.16901533538805147,0.14880321946758068
500,470,-0.19330591209440406,0.09425876599303129
500,471,-0.15759101275864396,0.17821528262745945
500,472,-0.174190088466176,0.1378966394999426
500,473,-0.1632242554615395,0.15893866475744317
500,474,-0.16046862523167782,0.16515218737311604
500,475,-0.19017844985829235,0.10306202966349509
500,476,-0.17378331666126456,0.13757089456635752
500,477,-0.14124736040813524,0.22807761833230097
500,478,-0.22360007982077157,0.051410756928259756
500,479,-0.14943182677052214,0.194496551400245
500,480,-0.10498963094327785,0.3685499506112246
500,481,-0.20260899833692392,0.07808463601647697
500,482,-0.20657285314024953,0.07266572959278511
500,483,-0.18312427003264276,0.1169397833156923
500,484,-0.1422275480871722,0.22473531180907597
500,485,-0.17666720697332572,0.1325394832659335
500,486,-0.16914116893911846,0.13780807442829116
500,487,-0.16038714612010807,0.16854006460398496
500,488,-0.1763208657587878,0.1251168125976135
500,489,-0.19920302457753003,0.0871859052718989
500,490,-0.14589854925338663,0.20236645685375307
500,491,-0.17268125264581258,0.13625501666648035
500,492,-0.15493583826748747,0.18694779617593987
500,493,-0.16429226429766963,0.15749449061726079
500,494,-0.2094827490905562,0.0690529249841159
500,495,-0.12708854097760813,0.2649573653836038
500,496,-0.20114868523408092,0.07923664806384655
500,497,-0.09527229062218545,0.41374119180062174
500,498,-0.10310604198555673,0.37394524136237045
500,499,-0.12913503380990576,0.2613634926254608
500,500,-0.17138126873126858,0.13973853786994536
500,501,-0.1222509553696014,0.29407600598987216
500,502,-0.10100349368352113,0.38609211091400875
500,503,-0.1396532824853285,0.2277133201518272
500,504,-0.12231351133783974,0.2962512494174153
500,505,-0.1896344977909834,0.10056475807911404
500,506,-0.1894439217556556,0.10844147959816322
500,507,-0.15953699139387112,0.16439512550256852
500,508,-0.1613866639161401,0.16908488209530975
500,509,-0.11435456062563887,0.31494130071843524
500,510,-0.1480673691899277,0.20059149638321377
500,511,-0.1876625641853824,0.10495260061155003
500,512,-0.1522167794307876,0.19288605492599722
500,513,-0.18333431386855104,0.11582782837247478
500,514,-0.19813506158840077,0.0888797962522458
500,515,-0.15924830577566773,0.1725431701834193
500,516,-0.1262827319886508,0.28362027872524315
500,517,-0.07778605610067935,0.5056926949930527
500,518,-0.1471007072262953,0.1997128387137388
500,519,-0.1719390955291864,0.13491289588727848
500,520,-0.22873982454164832,0.04602703876410282
500,521,-0.14543677630300245,0.21513032913416494
500,522,-0.21212522548673718,0.07533942029616855
500,523,-0.15571958033217648,0.18374509246950696
500,524,-0.1730710483834912,0.1338717171762506
500,525,-0.177906318502691,0.12722240454060868
500,526,-0.1956308246854075,0.09658967046936064
500,527,-0.11823268064825321,0.30669194742832434
500,528,-0.12194371802125303,0.29368232424911733
500,529,-0.09087843552987707,0.432282761032645
500,530,-0.1499778710921511,0.19829597346478386
500,531,-0.12813694573173073,0.26984069414511774
500,532,-0.1881446707631831,0.10642872185771153
500,533,-0.15469332319231377,0.17763851588246585
500,534,-0.13169136081281607,0.2558289616492738
500,535,-0.1308964157048056,0.263355903587674
500,536,-0.14148044075788135,0.22232475828445236
500,537,-0.20393704099076615,0.08307870838382853
500,538,-0.21153456296969964,0.07078656780468995
500,539,-0.19556780083989977,0.09145539777159405
500,540,-0.1335841466125114,0.2541799782884548
500,541,-0.11129693743808922,0.3420193612603412
500,542,-0.1309000733853285,0.2629290330586194
500,543,-0.1667387186010938,0.1521624778937426
500,544,-0.16831473906495553,0.1496431228699788
500,545,-0.17018464658330856,0.1409471707877296
500,546,-0.15775054256181598,0.1695575007682453
500,547,-0.2208497927993811,0.06032880317542264
500,548,-0.1467848274971697,0.20689802648477815
500,549,-0.1083326631988335,0.3452040791464185
500,550,-0.20521754346765952,0.07715850760747175
500,551,-0.22166121489229873,0.056823507263204086
500,552,-0.12641890741208783,0.27431454623772156
500,553,-0.21229257071480667,0.06970541658359374
500,554,-0.18454440539267125,0.1097943379393614
500,555,-0.13660358475105738,0.2444482520893489
500,556,-0.20554212260643112,0.07864649455870348
500,557,-0.1819102835206774,0.11557745032922326
500,558,-0.12716169591858417,0.2698850888329059
500,559,-0.16349525856170288,0.16314585340349955
500,560,-0.14927864542114833,0.19339102196554656
500,561,-0.15830218773534277,0.17722345027792233
500,562,-0.13353755905440146,0.2483405480904195
500,563,-0.1880935258179992,0.10544557301836817
500,564,-0.1713096655394395,0.14371115785177213
500,565,-0.18397889847847537,0.11011390662578112
500,566,-0.16741163409983706,0.15276791150276903
500,567,-0.16684262010686446,0.1481922044565025
500,568,-0.19568167772625245,0.08610333414220707
500,569,-0.0771127817663615,0.5024172274763514
500,570,-0.14552141843499555,0.20220754466800625
500,571,-0.1952477521795739,0.09635478390242586
500,572,-0.18835592060770345,0.09750925543617073
500,573,-0.1979992057902198,0.09354693130149506
500,574,-0.17435465966193675,0.1330183941675785
500,575,-0.18204522905471876,0.1195617028058396
500,576,-0.14892421525669874,0.21023895643487053
500,577,-0.149924782731917,0.19898364545186936
500,578,-0.17489994318214208,0.1346486335808927
500,579,-0.2354719581387137,0.04796034414238539
500,580,-0.17008296540490342,0.14575999215268712
500,581,-0.13697244740933456,0.233762298288713
500,582,-0.15722906043928475,0.17956556716244837
500,583,-0.13670686802919896,0.23775110031505786
500,584,-0.20767784408005774,0.07392032522121458
500,585,-0.08402665306426194,0.4707589193349948
500,586,-0.14349629355512938,0.20970922871043096
500,587,-0.11589586642203642,0.3062484950020389
500,588,-0.180317332687574,0.12598732821614025
500,589,-0.21236222103318525,0.06417790283302459
500,590,-0.1998867004415743,0.08580985022960118
500,591,-0.15470515847399469,0.18428217045727982
500,592,-0.23969377729206087,0.038646543189847
500,593,-0.18870293309290176,0.1088620009309589
500,594,-0.13809232948797856,0.24214741042534338
500,595,-0.14217453888752907,0.22154398688903784
500,596,-0.15613199533228084,0.180552070902329
500,597,-0.23125372499024266,0.04196374584540318
500,598,-0.15537485467254974,0.1830698869777953
500,599,-0.16779016297082805,0.14638685042658525
500,600,-0.0789503631244397,0.48820630595367287
500,601,-0.09817776317129301,0.4015083824232194
500,602,-0.1843484881939439,0.1130540999648579
500,603,-0.14268786693832247,0.217338901212758
500,604,-0.1484483311783542,0.2048570281745539
500,605,-0.20701738618443422,0.07624851169537052
500,606,-0.1409784266147689,0.23432807866293015
500,607,-0.19214705442765379,0.09879493708219443
500,608,-0.16549778300708518,0.1544566171806941
500,609,-0.13300606634791912,0.25265664443344105
500,610,-0.21879201309098306,0.05944789921993153
500,611,-0.16044784230679454,0.17560715417575665
500,612,-0.23897720346893436,0.03587400793580847
500,613,-0.17954978780138475,0.12165314364577827
500,614,-0.13842018126706357,0.23146002821472825
500,615,-0.1408700397965994,0.22381566896365981
500,616,-0.17894248053091033,0.12721680258307103
500,617,-0.15167069515239007,0.1937592496078767
500,618,-0.1675189541811104,0.14359592332956803
500,619,-0.10828770466322268,0.34958940882603234
500,620,-0.17481130359117714,0.13134449029443498
500,621,-0.14082106443168918,0.22620859124298937
500,622,-0.14812036341583834,0.20208701555930564
500,623,-0.15274542491768806,0.19296499392890962
500,624,-0.21180820958074875,0.06965843531066776
500,625,-0.16277197222107986,0.15804133458887243
500,626,-0.19757970698381655,0.08800504475633678
500,627,-0.13971134431769983,0.23113815424946646
500,628,-0.17825041931587826,0.11849148076462888
500,629,-0.08140187116486608,0.483186421604037
500,630,-0.1848860044969456,0.11122990559903799
500,631,-0.20824055006735875,0.06878247077530053
500,632,-0.1970869749642663,0.08513883435193943
500,633,-0.14222411336073115,0.22425343479247092
500,634,-0.19912452107436351,0.08271024933623626
500,635,-0.181060873683748,0.1191301239866758
500,636,-0.10868271451201039,0.3471038613533607
500,637,-0.17797875780505557,0.13091994656007047
500,638,-0.14033650886079663,0.23361806114771877
500,639,-0.09375021388934002,0.42172859069338403
500,640,-0.17302269991959385,0.13103467398296495
500,641,-0.15806182446869244,0.16377450901458232
500,642,-0.150212260182494,0.1940809202132717
500,643,-0.14659161130089693,0.2058735722739907
500,644,-0.1411842335725897,0.22425269115742094
500,645,-0.11803085281085757,0.30095227074835096
500,646,-0.14595445950132202,0.20923101119934623
500,647,-0.14555055579687703,0.21214883837880785
500,648,-0.19001209057178947,0.10741018163805267
500,649,-0.16879758432972025,0.15180242323151913
500,650,-0.14059035679562193,0.22719471042805672
500,651,-0.13987021640684283,0.2231470264381888
500,652,-0.22473001532778802,0.051827991527078246
500,653,-0.11805988913878984,0.30922645561344775
500,654,-0.24533715733386607,0.03299027809392674
500,655,-0.15175934903462007,0.18792540324965706
500,656,-0.17297391354469305,0.13676157462670302
500,657,-0.18456551814891142,0.10970106533340977
500,658,-0.21016440046699536,0.06349767617219465
500,659,-0.2075747974492721,0.07386910114580363
500,660,-0.12370973177542943,0.2860471560332632
500,661,-0.17984638427034128,0.1218327417147864
500,662,-0.14612968573336893,0.21621132070210455
500,663,-0.13341723563137542,0.25686777365270275
500,664,-0.12425843443449835,0.2787152420382814
500,665,-0.20289335234477335,0.08324076496800635
500,666,-0.15086742081868643,0.1917548701267364
500,667,-0.12915058619116238,0.27026703850235245
500,668,-0.14019390133551823,0.22257868467984215
500,669,-0.1853099589411915,0.11205709335968383
500,670,-0.12083033420110212,0.29255538917821555
500,671,-0.14794676289303865,0.19348115326620716
500,672,-0.16331821754080877,0.16325467228759807
500,673,-0.15317460718432052,0.1851318710098425
500,674,-0.18698602204485404,0.10755271504457975
500,675,-0.17434345788682926,0.12348059146751378
500,676,-0.23026858877664225,0.04916787591996833
500,677,-0.19880490871545042,0.0903193067553637
500,678,-0.197509569155093,0.0966499070764627
500,679,-0.15013835928208152,0.19968689484928917
500,680,-0.12253847354705805,0.2921960492667311
500,681,-0.11982474373713892,0.30129273224135206
500,682,-0.1681020702512086,0.1463358497901862
500,683,-0.17360432938189518,0.1358332029580314
500,684,-0.21738972312964577,0.0615430493586867
500,685,-0.1872664085895952,0.10320745088452588
500,686,-0.178549252800007,0.12718965565004273
500,687,-0.15255705695874333,0.18545651442757438
500,688,-0.20418481100918662,0.0840814273036503
500,689,-0.1587649662966477,0.17028551620962915
500,690,-0.1633500599804769,0.1658483724356597
500,691,-0.19032248345349778,0.10359543732775607
500,692,-0.12275050974834834,0.2940622598510035
500,693,-0.18103816103621284,0.11076528378981061
500,694,-0.13294458051034752,0.25251300513039043
500,695,-0.21533684421295263,0.05775925922178278
500,696,-0.13913686183933827,0.23448434131771598
500,697,-0.1424721095036805,0.22322037740573203
500,698,-0.12232217800785605,0.28113058691406656
500,699,-0.15824801775864827,0.17985608781036144
500,700,-0.14263771907739908,0.22581519361884583
500,701,-0.19297553988694638,0.08664082810467376
500,702,-0.24094893930087835,0.03589389331838052
500,703,-0.14442923333994528,0.20826207546975675
500,704,-0.12454058539956314,0.28129650480072205
500,705,-0.14266697966835373,0.23013300473008988
500,706,-0.21107487583057072,0.0672378056411913
500,707,-0.13363229010831823,0.24216036502181482
500,708,-0.16123410313110753,0.15982035801055472
500,709,-0.17532494299502766,0.1282159908237713
500,710,-0.17078521289055715,0.13896176431540566
500,711,-0.15660073093297733,0.1765438193259062
500,712,-0.14849108497587515,0.19793182473864365
500,713,-0.17916892832056952,0.11815162493240611
500,714,-0.16598451209913812,0.14534463327780642
500,715,-0.1528392728710113,0.19073872901393304
500,716,-0.14812253726566738,0.20850868729653974
500,717,-0.22066685295479793,0.05723383032250154
500,718,-0.1848734306161468,0.11430069064235235
500,719,-0.14555972555922558,0.20545292143301916
500,720,-0.19474595183395493,0.09251943854150625
500,721,-0.13982128842254937,0.22856910446717849
500,722,-0.17761170346852495,0.1259455256226328
500,723,-0.13658165825773239,0.23797239384181537
500,724,-0.16929075378273595,0.14990004700955034
500,725,-0.20872104308423545,0.0731303746978637
500,726,-0.17022388469994,0.14773383758758216
500,727,-0.1864694858571525,0.10986033644510249
500,728,-0.1331365630390362,0.2494629658204259
500,729,-0.12645929358365926,0.26327396168138567
500,730,-0.15271914727319746,0.19245351334485525
500,731,-0.1437146689023585,0.22101223822088265
500,732,-0.13526970046367381,0.2470983703442777
500,733,-0.13301400974917676,0.25454827846413786
500,734,-0.14206789165594635,0.2204404360443319
500,735,-0.16610394707985776,0.15143472209836534
500,736,-0.18851015827658735,0.09878838303617216
500,737,-0.211446331148764,0.0755883944697705
500,738,-0.23928396953851383,0.03607604633197959
500,739,-0.15267007511903685,0.18807367397673466
500,740,-0.18790950481997548,0.10691613775376743
500,741,-0.18782204080002884,0.10310491230434117
500,742,-0.17927673455413107,0.12728569296126746
500,743,-0.13100058145457538,0.2541881038530098
500,744,-0.1267930909571504,0.2786784292426331
500,745,-0.21620705640205884,0.060477220261330074
500,746,-0.15613077417769006,0.18497041568875267
500,747,-0.14143041824211977,0.2234225145088647
500,748,-0.1407062711892184,0.22717005608728058
500,749,-0.21601099278460545,0.06355472207963105
500,750,-0.16607852463244832,0.1459256568487168
500,751,-0.14281962470724352,0.22467395206157276
500,752,-0.2278230447853229,0.05530448663491269
500,753,-0.17882658455703115,0.12164228202683426
500,754,-0.1754491023935305,0.13754959915679305
500,755,-0.17391867410294815,0.13135266826105627
500,756,-0.17974316177481953,0.12314556072378588
500,757,-0.18713997452233855,0.10891468543412972
500,758,-0.10482808025426849,0.37288523683989744
500,759,-0.18199303046753457,0.11637013101240627
500,760,-0.12968823806868812,0.27003803816043276
500,761,-0.1554181073530838,0.18300521353910498
500,762,-0.14249957570350524,0.21973652801159582
500,763,-0.19359842823218187,0.09432165071741411
500,764,-0.15801203982392664,0.17384781656622592
500,765,-0.14342260708107268,0.21490533743278814
500,766,-0.22000012673266411,0.05646879188593918
500,767,-0.1802876626393637,0.11761586648782722
500,768,-0.1604493689092692,0.1649749989750091
500,769,-0.15311049704990154,0.18055068865681584
500,770,-0.10166491409651002,0.37863040672686427
500,771,-0.11631648790889138,0.3159962159783322
500,772,-0.14308725900261088,0.2103435442995542
500,773,-0.1498626105220353,0.19841903798751417
500,774,-0.22680064966960423,0.05685824558578111
500,775,-0.15171913345133525,0.1800414915392179
500,776,-0.16289628775103893,0.1673877469972891
500,777,-0.22025295768930064,0.059030746036817516
500,778,-0.16908452773198945,0.1486572600618812
500,779,-0.1526736662926016,0.18941571601984425
500,780,-0.13080463706295298,0.26236373806612817
500,781,-0.11380946601630448,0.32324762452748235
500,782,-0.15622545903754492,0.17667542725976831
500,783,-0.1210552019346185,0.29637214995040106
500,784,-0.2033908609120676,0.07968144278391792
500,785,-0.18392961367923277,0.11557893155235445
500,786,-0.20806893606633636,0.07316863285991702
500,787,-0.12056913623456467,0.2877739836521741
500,788,-0.15126849805770348,0.19499740561045947
500,789,-0.16332462896729538,0.16149508653137784
500,790,-0.13065668952588538,0.2650902533077075
500,791,-0.159315860157216,0.16737159726772918
500,792,-0.20202397513720705,0.081195833697395
500,793,-0.16541671794439594,0.1512449767457527
500,794,-0.18675267826587216,0.09939785255091727
500,795,-0.16351528399712834,0.16015960718520117
500,796,-0.1639974563317228,0.1599939440602246
500,797,-0.1826292035924908,0.11347216007447372
500,798,-0.15966184139804085,0.1674440322095353
500,799,-0.178687220258956,0.13112400397084864
500,800,-0.18033940858152242,0.127935863801487
500,801,-0.15073701431177788,0.18959608060695157
500,802,-0.16572830251681836,0.15511672969001583
500,803,-0.13011293539300262,0.2684328533013431
500,804,-0.15106142250157895,0.19637666762374575
500,805,-0.19330731371287868,0.09580397841054106
500,806,-0.1851214187655188,0.10816080834186242
500,807,-0.20326816113204416,0.07917485320714474
500,808,-0.14007827876750412,0.22675138373281753
500,809,-0.21954171980548942,0.06477533518474049
500,810,-0.20160804563428592,0.08004157950470994
500,811,-0.11761205255735341,0.30929285538923185
500,812,-0.15721545130893588,0.17837162382105318
500,813,-0.17298467612110358,0.13930133078285392
500,814,-0.15750044553434783,0.18442962594653092
500,815,-0.13335174451189324,0.25159030832261753
500,816,-0.16905983224692456,0.14860535839645214
500,817,-0.20853048803838448,0.07149291548120133
500,818,-0.0191807096507155,0.8678631952670035
500,819,-0.134962385708981,0.24204282643503955
500,820,-0.18843554869074453,0.10869620592099158
500,821,-0.17932029571839259,0.13407408713526128
500,822,-0.17447773809270473,0.137485107641593
500,823,-0.12555364455038465,0.2839774717460274
500,824,-0.15650600180549468,0.17842944342634756
500,825,-0.20376944007137965,0.076918786752647
500,826,-0.144235903460741,0.21096617683087815
500,827,-0.11205868479596859,0.32535520296030523
500,828,-0.19741417488901192,0.08977946002315813
500,829,-0.14400811566185645,0.21935990532114383
500,830,-0.2302374453577336,0.045427428171737415
500,831,-0.17709656601343582,0.1294042948833377
500,832,-0.140299278643905,0.22759621417759632
500,833,-0.1544815439920022,0.1808416641527159
500,834,-0.21156869800519473,0.07242866244894869
500,835,-0.1592754397194387,0.170764772648442
500,836,-0.20625764089017196,0.07178397520234828
500,837,-0.1389063422027963,0.2313465416852421
500,838,-0.15243310721008285,0.19788610676473306
500,839,-0.14574972903532846,0.21611289817309365
500,840,-0.1665374770833914,0.14871744611861737
500,841,-0.15510014034849462,0.18790708667212436
500,842,-0.2151230853371331,0.06412978670190199
500,843,-0.08260774222507195,0.4665245982065395
500,844,-0.1734581115113123,0.13504617431788096
500,845,-0.17242534303387913,0.13797409281693007
500,846,-0.11000135118059973,0.3504898944755558
500,847,-0.15620226442724672,0.1796796416586887
500,848,-0.0988722624231535,0.4039389669466501
500,849,-0.12276701138410395,0.28981494650793416
500,850,-0.1994724751878092,0.08797456816786452
500,851,-0.150169421634903,0.19926821013376492
500,852,-0.25321242032583946,0.031750590927546146
500,853,-0.10572668234650173,0.3516979486776994
500,854,-0.19544062166920462,0.09279096798286178
500,855,-0.1302284306967696,0.25958923659503985
500,856,-0.14713018609895734,0.2093522782945212
500,857,-0.146461971984424,0.202665627679501
500,858,-0.11667840429675636,0.30633049221864855
500,859,-0.22536011293568592,0.052684670992398576
500,860,-0.1557238286469289,0.1780797770332523
500,861,-0.16806239250938226,0.14616746736913308
500,862,-0.12650972153761053,0.26861118318929245
500,863,-0.1939474183833081,0.0985707457803332
500,864,-0.10617017645874327,0.3633023011887971
500,865,-0.18860053865736504,0.10681389205578
500,866,-0.22521179811353598,0.051416545921892036
500,867,-0.20007941085808767,0.08633793544035823
500,868,-0.23066463831216133,0.04549035046204561
500,869,-0.14191885420531136,0.2230711685522252
500,870,-0.14143189567307068,0.2256457679810137
500,871,-0.15621098653386056,0.17139121337122395
500,872,-0.16262906182805992,0.15676992718985033
500,873,-0.07706616857656101,0.5094763702765046
500,874,-0.11268291688272036,0.3352121871277757
500,875,-0.2269991414543675,0.050258151090699546
500,876,-0.11063235103785019,0.3497645490202495
500,877,-0.19813956084910522,0.09615776348846809
500,878,-0.1573449366816888,0.1707192640164916
500,879,-0.1149562066606098,0.32890583521488265
500,880,-0.17473371670176796,0.130476033961202
500,881,-0.12221655046616675,0.294829167411683
500,882,-0.17357188891385356,0.13974149677512526
500,883,-0.12078749268946787,0.30417433212049755
500,884,-0.15230851130283618,0.18034787526011542
500,885,-0.16343328771121435,0.15874938281971357
500,886,-0.15938878571495252,0.17433557396770488
500,887,-0.15563079327938567,0.18333615934322972
500,888,-0.15258267610365372,0.1912324254081595
500,889,-0.1279018034044075,0.2690823873062178
500,890,-0.16375852996809215,0.16182976592056508
500,891,-0.13579065067883178,0.24790710654806344
500,892,-0.11795274553021073,0.3078992434273416
500,893,-0.12656234553882406,0.27557674210337646
500,894,-0.1710149546637698,0.1455776379289616
500,895,-0.15328123415019945,0.1842924152810976
500,896,-0.17384136367797254,0.13932183532986292
500,897,-0.16658523762771438,0.15207003414003625
500,898,-0.16782521038355291,0.15368757040595646
500,899,-0.13880762185327278,0.23283582220953647
500,900,-0.13128451826321452,0.25660432120943416
500,901,-0.19706217986670715,0.08058280997149475
500,902,-0.1896685359620438,0.10521601944696872
500,903,-0.16800197891118174,0.15365069750411514
500,904,-0.11994229811589818,0.30283388701101843
500,905,-0.20022972060099065,0.08622324626957893
500,906,-0.1569756330875034,0.1690037817449435
500,907,-0.14632299276787286,0.20266954225155698
500,908,-0.09171491493337669,0.42795518123495974
500,909,-0.16267784959634213,0.1633767525360452
500,910,-0.17931809906449026,0.12484379229453473
500,911,-0.1691639183229494,0.14770388094483686
500,912,-0.267280957702587,0.020456081861904372
500,913,-0.15627304923476437,0.1808391434586559
500,914,-0.16412153595656598,0.15577845543841393
500,915,-0.1800083019766081,0.12462335918097772
500,916,-0.1473702887936632,0.2058958532557184
500,917,-0.09916884916802005,0.38954688799112525
500,918,-0.1718130246287366,0.14307856994214865
500,919,-0.23876678777788918,0.044482224362482586
500,920,-0.11741980720485579,0.3166824409112757
500,921,-0.13865861745749797,0.22758879020818715
500,922,-0.1630311583227435,0.15878499185336364
500,923,-0.1646873314253341,0.16143506483480766
500,924,-0.16296219662848266,0.15324410160874083
500,925,-0.1339565590052807,0.2558289307347506
500,926,-0.15861982369977135,0.1625913169132359
500,927,-0.12893838196045415,0.2567955477172145
500,928,-0.1827208159266931,0.12482565078448665
500,929,-0.10422688272217684,0.364267528778789
500,930,-0.1535067911661674,0.18822540007937053
500,931,-0.1452690071668492,0.21284543969492445
500,932,-0.1479786795058846,0.20367512461203024
500,933,-0.1683467938416321,0.1484100803261817
500,934,-0.12045854565880809,0.30106092354338476
500,935,-0.12490340220403695,0.2806479449802287
500,936,-0.16670537036040578,0.15085781664557563
500,937,-0.1019892241819953,0.3684759750022908
500,938,-0.15715539599021078,0.1872276241975283
500,939,-0.22102269982695155,0.05637063532870481
500,940,-0.21245945363330776,0.06595695624313833
500,941,-0.13853509658817487,0.23111965918445357
500,942,-0.2050678517591198,0.07787379084264515
500,943,-0.150535191740353,0.19867632678401514
500,944,-0.0900859972619159,0.4362417287165638
500,945,-0.0899051706788132,0.44907372270037954
500,946,-0.1397635525437,0.23005923015131888
500,947,-0.08944471788989183,0.43923376953801235
500,948,-0.21953479475470417,0.062130378085372515
500,949,-0.10224691235930017,0.3817202742563717
500,950,-0.1286753884533116,0.26531443145354594
500,951,-0.18184333741957381,0.11633913295867372
500,952,-0.1646357668694538,0.15508891823542648
500,953,-0.2282621150894606,0.05172731234547282
500,954,-0.17459110366452535,0.12907494692184027
500,955,-0.15007064384632152,0.19677185128787836
500,956,-0.2015989883747178,0.08287772003808293
500,957,-0.12548026251488587,0.27858771140299976
500,958,-0.17534061747379326,0.1234393992232945
500,959,-0.19347824419179105,0.09813544303590896
500,960,-0.14246016105948733,0.21494216052479603
500,961,-0.1686134921288005,0.14290647304085616
500,962,-0.11391567368237432,0.32281625314310314
500,963,-0.17213409974406346,0.1341409482519234
500,964,-0.21556193924384637,0.06483512741003283
500,965,-0.19932225839049522,0.08439619126566733
500,966,-0.18459818417657026,0.11044182768129215
500,967,-0.11162528843938624,0.3238536264168629
500,968,-0.17462882472522878,0.13371794014692845
500,969,-0.16244961301752525,0.15681273899486173
500,970,-0.15409390374625964,0.18639367356644393
500,971,-0.13505533916489298,0.24621253715354866
500,972,-0.21489483690250033,0.0668235621991459
500,973,-0.21040872580184988,0.07372755703836113
500,974,-0.16188187216784122,0.1717026909627988
500,975,-0.2099856878585662,0.06543801091362027
500,976,-0.20290217925377974,0.08532314782028708
500,977,-0.07336009741840499,0.5179611321670163
500,978,-0.10216918877779513,0.3784558841164339
500,979,-0.16888793973942207,0.149334258980897
500,980,-0.1662748577458597,0.14573945088689375
500,981,-0.08908552051222074,0.4445047989402593
500,982,-0.11239292961349356,0.33487086263396526
500,983,-0.11571313024322905,0.3240052300485137
500,984,-0.16219480822560683,0.1646503983118086
500,985,-0.23918883054760087,0.03544087333137153
500,986,-0.1491949251250002,0.19634737765617835
500,987,-0.16373483380649034,0.1481050753009819
500,988,-0.17621370460102526,0.12753967947333977
500,989,-0.15000508009771352,0.2027557766204939
500,990,-0.1782212936514611,0.12543081169326875
500,991,-0.1602531286665485,0.168495552271245
500,992,-0.13032713492760273,0.26932804556983564
500,993,-0.12629883904308592,0.279831791149434
500,994,-0.17528570598356907,0.1307950210063193
500,995,-0.13250048441233275,0.2639013620083192
500,996,-0.12842232135490228,0.2658661280900221
500,997,-0.12507683817719517,0.2721130668276968
500,998,-0.12221134809204948,0.2899189353390463
500,999,-0.18521588649493737,0.11279155392718988
