n,draw,age_coef,p
25,0,-2.0205512956770564,0.0003726193766619342
25,1,-2.8219415495254694,3.85761257494889e-09
25,2,-1.8230373948683036,1.0352330887470511e-05
25,3,-1.9700150038176583,0.00034371184229808893
25,4,-1.6858357973263614,2.1895489703735046e-06
25,5,-1.8841020111100821,3.5807819754957985e-06
25,6,-2.079518592756914,6.503756740628464e-08
25,7,-2.11743586832662,1.0416184797464008e-05
25,8,-2.060476867794378,0.0006398858792128669
25,9,-1.3376070983279034,0.006302608715663004
25,10,-2.097893033792894,9.043130600906489e-08
25,11,-2.1713239694846727,3.697496501134743e-05
25,12,-1.9535738388206578,2.322669916863938e-05
25,13,-2.385319958957823,4.903403719094515e-06
25,14,-1.8149326969946493,0.0006162433844330216
25,15,-2.1719638960314738,9.27791855260678e-05
25,16,-1.7921917777691094,2.5177228866653808e-08
25,17,-1.955954358539418,1.7604035648337827e-05
25,18,-2.110401920403003,3.4573778750586734e-07
25,19,-1.785459345721434,6.001361702804488e-06
25,20,-2.067340211722472,1.137368757135849e-05
25,21,-1.2494456862455925,0.014753214562726151
25,22,-1.7878478558876312,2.1360989856434804e-05
25,23,-2.6449144194015757,5.457298085035134e-07
25,24,-1.5960441051157268,1.7722805241602073e-05
25,25,-1.8554948971270298,1.787484977584638e-07
25,26,-1.7362438958026725,1.5512505413613342e-05
25,27,-1.8406651493226356,0.00010125308371387787
25,28,-2.545088249920373,3.3175291035277765e-08
25,29,-1.4615990137674029,9.737180938322188e-05
25,30,-2.71674378864678,1.1467579580235689e-09
25,31,-1.2416410284780879,0.0006779442646036907
25,32,-1.7384862327215131,8.790325351566862e-06
25,33,-2.2083705112544787,0.0001294897975102483
25,34,-2.2120038197688046,1.0051347918015886e-06
25,35,-2.3444568666873877,4.646348452764724e-08
25,36,-2.084397126049552,4.995093321498139e-06
25,37,-2.1667653273921053,0.0002481448300455672
25,38,-1.9442616874693028,3.227975687336415e-05
25,39,-2.3824318776157716,1.5594148382359117e-06
25,40,-2.469644122806048,1.768936287655281e-07
25,41,-2.7527911880522096,5.680957534223489e-07
25,42,-1.7627622920002022,8.177381606940985e-05
25,43,-1.9681083807958486,0.00042860383839080806
25,44,-2.5294780268017143,9.379921135857781e-08
25,45,-2.1487162916635896,2.563029511816764e-07
25,46,-1.762378659589455,1.8074001410225608e-05
25,47,-2.7711427284086865,5.468428520486769e-06
25,48,-2.751705566927285,7.33832185879573e-09
25,49,-2.085850656853008,1.5666174591986744e-07
25,50,-2.100975629121657,1.5156725473874116e-05
25,51,-1.5920065295696526,0.0008074056352696404
25,52,-2.5955153540477154,6.183551435362524e-08
25,53,-1.6988239968279206,2.3765924894447153e-05
25,54,-2.226137735425591,2.3243406131688282e-06
25,55,-2.2549060519561,8.294752560253737e-06
25,56,-2.4505276373171503,0.0001862308869872139
25,57,-1.9673134376948713,1.9406635366719877e-07
25,58,-1.7982147858490638,2.800900153590231e-07
25,59,-2.125448067363352,1.1724155871732598e-08
25,60,-2.8804534422985695,7.64822656983494e-05
25,61,-2.364106921420757,1.8687731054465244e-06
25,62,-2.0335219892841248,2.599150911213994e-05
25,63,-1.7489403570295758,4.757756901351557e-05
25,64,-1.7874003152999234,6.428697898756807e-05
25,65,-1.7815445396575846,0.00029838731519585314
25,66,-2.3860096865900697,1.1564854183459805e-05
25,67,-2.2073626535627096,1.4530247478588115e-05
25,68,-1.8346604916888873,1.3148142065963736e-05
25,69,-1.6176419470602221,1.513703457211165e-05
25,70,-2.039083772494868,4.687812417922883e-06
25,71,-1.9076322689767329,4.426386090046498e-05
25,72,-2.5141904937819017,2.0652190897091446e-08
25,73,-2.134886194508197,3.6813027538231183e-08
25,74,-2.2585589596580515,4.606177193478709e-06
25,75,-2.317184333293003,2.6405861379021637e-09
25,76,-1.8282164716958462,1.5698811725342444e-05
25,77,-2.0078937933784475,6.304852659566588e-06
25,78,-1.9789916567494825,9.230014118950905e-06
25,79,-1.9446323162838315,1.1337393346323383e-06
25,80,-2.751497073768274,1.1669565925948732e-06
25,81,-1.547162838682608,0.0030259019047045466
25,82,-1.6902315923543343,0.0004232067855993614
25,83,-2.1713283704810395,2.6105827936769337e-06
25,84,-1.6373046044997617,0.00011614339091769645
25,85,-2.0215904377976672,2.62494836130655e-06
25,86,-2.13653915512449,6.85704055311589e-07
25,87,-2.1270721521279294,2.547324160448009e-05
25,88,-2.0401687890099023,1.0670084210418698e-09
25,89,-1.6811636547520328,0.0009328395311779106
25,90,-2.040022271453008,6.7834271687611e-05
25,91,-2.153141895274331,4.655601816409134e-05
25,92,-1.4686253257469408,0.0035991857503758573
25,93,-2.0280958303675893,1.952472352111368e-06
25,94,-1.3670159188773,0.0035022049267575996
25,95,-2.383318167430547,0.0003384056771460339
25,96,-1.9359966197516432,8.399186792569141e-06
25,97,-1.8704325387655354,2.5146660400176033e-06
25,98,-1.0219479317620666,0.01319162581681521
25,99,-1.6572373843533024,0.00017514196415069095
25,100,-1.8846002771215202,9.16109673034917e-06
25,101,-2.409459017653548,1.4329688574953488e-05
25,102,-1.9473697278176862,2.7661107340876244e-05
25,103,-1.8380787850787508,0.0004357609808846226
25,104,-2.400932545447053,2.4850800374068726e-08
25,105,-1.6418304721339023,8.916983878779442e-06
25,106,-1.4311830282922013,7.331528373411303e-05
25,107,-2.716886388293732,3.560540272119347e-07
25,108,-1.5622127839387643,0.009072171659077458
25,109,-2.3638047439335264,1.1729065449661137e-05
25,110,-2.1576021576049413,1.009225641135179e-06
25,111,-1.6812733704276983,5.729886804680533e-06
25,112,-2.38267484804339,2.9261970415843136e-06
25,113,-2.5689463931279057,7.955597760807258e-07
25,114,-2.0078158924247873,6.4960866755378e-07
25,115,-2.5942718683544683,6.849574637207153e-08
25,116,-2.5892268808468506,1.8569156786357386e-11
25,117,-2.289587046537325,5.852171750158642e-07
25,118,-2.027669449612157,2.9440634677126612e-05
25,119,-2.274767586306745,8.139014730682067e-07
25,120,-2.3137242727446514,1.639963793899226e-08
25,121,-1.9586336134596634,1.7888138927426483e-07
25,122,-2.8195643553845664,8.753943601864037e-06
25,123,-1.8623557822070325,0.0006515552035239031
25,124,-1.964626284854928,0.00010316065953270053
25,125,-1.9575141786614445,5.1377022122188334e-06
25,126,-2.008975462220512,1.5244048255068464e-08
25,127,-1.7689796553486659,4.116538912000911e-07
25,128,-1.964631071645388,4.654431846202118e-06
25,129,-2.3765793421553587,4.7366720597851973e-07
25,130,-2.209336330967006,1.6974678080768605e-05
25,131,-1.8793035461146195,0.00012689355319512775
25,132,-1.8795324993216056,0.0006590485164433279
25,133,-1.473098376120996,0.0013060261446280312
25,134,-1.5449194835292452,1.6273482804725952e-05
25,135,-1.8011406400278336,1.0008629242953312e-06
25,136,-1.8248931763588763,6.970785142734845e-06
25,137,-2.0926122990981613,2.3634364945675067e-06
25,138,-1.8061274816291677,1.0193629038107238e-05
25,139,-2.8873035727995013,5.1755993984372714e-08
25,140,-1.604800914875935,3.8460189766989736e-08
25,141,-1.6036579368448143,0.000305881851763565
25,142,-1.85247440190326,0.0008364519069469551
25,143,-2.203322564871253,7.011277094118093e-05
25,144,-2.018162227721355,9.950315461450551e-07
25,145,-1.6669067179343902,0.0002997031471915964
25,146,-1.910540490955829,0.00014514857364508594
25,147,-0.9034416963197494,0.03223010292418195
25,148,-1.7917429347755292,0.0006041756349118203
25,149,-2.361165901661688,2.0468440127462847e-07
25,150,-1.7449622918491174,1.4422553394845878e-06
25,151,-1.9927757398849826,4.252724201286228e-07
25,152,-1.6845347957432066,0.0032619783163662067
25,153,-1.9282643494720055,1.4775133322233153e-06
25,154,-1.5100618203314706,3.0512913643804554e-06
25,155,-1.9833809937048565,3.138416954766906e-06
25,156,-1.3430973013659173,0.0003236513937236306
25,157,-1.8626194677671983,2.861753607064141e-05
25,158,-1.8468322900792353,3.55266389663399e-05
25,159,-2.2255224116470167,1.2544955033511494e-07
25,160,-2.59635639496235,2.1369058349995042e-08
25,161,-2.5517014765321377,9.083628909006837e-05
25,162,-2.269886082449866,1.3165924871993585e-06
25,163,-1.4263465160399171,0.0004888568925056078
25,164,-2.463565435948457,8.911629863913202e-07
25,165,-2.0098253680242024,9.412706499290792e-08
25,166,-2.8594176769652266,7.936627011940973e-06
25,167,-1.7726140755896926,6.722094180159405e-05
25,168,-1.983213174867859,3.180759449957767e-05
25,169,-2.1547215138179605,0.0005484453997228588
25,170,-2.0625894324686644,7.312690683781481e-06
25,171,-2.3742133966414647,2.8108184764568904e-06
25,172,-2.1406960190893694,1.7521283072539064e-06
25,173,-2.317551091347443,0.0002013811022325278
25,174,-2.205144981448287,2.3203554545806473e-06
25,175,-2.487718171920177,0.00012876056493364618
25,176,-1.9760891250005077,5.499547804643306e-05
25,177,-1.9425921800899735,9.634827177856651e-08
25,178,-2.23415892434822,1.3044804259925155e-05
25,179,-0.9579315097052614,0.007189313381774228
25,180,-1.7489958697801073,0.00724701721865527
25,181,-2.177913276340049,0.0002908725909405399
25,182,-2.2374705581124426,2.6354144006618948e-06
25,183,-1.8761577980808841,5.497660097847729e-07
25,184,-2.1594901241708087,1.497071862623709e-06
25,185,-2.0402014363297702,9.287913502120355e-07
25,186,-1.980031882939957,3.25134694368876e-06
25,187,-1.7282381571158787,0.0008692503522932538
25,188,-1.722384878484335,2.912198042028729e-05
25,189,-2.309978631433115,3.228421738983462e-07
25,190,-2.4213846419564415,5.876391902565908e-09
25,191,-2.042630615138904,1.7842405449839246e-06
25,192,-2.225434158833055,1.827990996010208e-06
25,193,-1.6232382827833396,8.418909991831583e-05
25,194,-2.253342301260809,5.115305887588962e-08
25,195,-1.927628994345035,7.686244696406568e-08
25,196,-2.3505027243101067,7.257078237541378e-09
25,197,-2.205653945379204,7.856287507284126e-06
25,198,-1.8541589792839837,6.438072976425149e-06
25,199,-2.320701755790105,9.758985495146248e-05
25,200,-2.6065512041666894,2.516096615490449e-07
25,201,-1.9778508561061594,3.32165770270914e-06
25,202,-2.333361553863792,0.0001372091148656851
25,203,-2.0625461130619556,8.919105773958494e-06
25,204,-2.7170602061415465,3.5489634842908007e-07
25,205,-1.4211360143993925,0.0009772456826951912
25,206,-2.8375790330959125,1.6496288243402737e-07
25,207,-2.2800897611871314,1.3338523321353691e-05
25,208,-2.151306933830094,4.648811068938135e-07
25,209,-2.108973143311032,2.021012729584826e-05
25,210,-2.08499091124481,2.8058857184205813e-05
25,211,-1.709634317607093,5.658830221842208e-06
25,212,-1.9820215124381706,5.141492300920917e-05
25,213,-1.5531915461009103,0.0005617690335346031
25,214,-2.468205521867329,7.784946022478527e-08
25,215,-2.004665249473634,0.0001459680648753257
25,216,-2.1490102400077005,0.0002959363406751292
25,217,-1.7200137490993104,0.0025663976177899774
25,218,-1.9185664632209418,8.75929658280814e-06
25,219,-1.362042553638342,0.007570182767049444
25,220,-2.2075854474333747,5.7954292791336194e-05
25,221,-2.664609022929543,1.0351807749359566e-06
25,222,-2.1575132279393534,2.5927574871652786e-06
25,223,-2.296761584522879,5.415520966284953e-06
25,224,-1.9061541119841205,4.7999573730468596e-05
25,225,-2.065237671193458,0.0007728008314770704
25,226,-1.7831399717323544,1.9350489525858962e-05
25,227,-1.710102524596719,0.001955421881072334
25,228,-1.8761907228984533,0.0001812183840910218
25,229,-1.4041854727690426,0.001524162031267408
25,230,-2.054797157439608,3.3703006653699795e-07
25,231,-2.0333445151298264,2.1733828262408034e-05
25,232,-1.8335569083686183,1.4621123558131137e-05
25,233,-1.8011918645191978,0.0010913314137722977
25,234,-2.0214610013739316,7.87552499251252e-06
25,235,-2.0909792908922196,5.632556869367289e-07
25,236,-2.969308654337284,1.1904480675492896e-07
25,237,-2.027461648094322,1.0486563316747116e-05
25,238,-1.9919393014409152,5.924684893464072e-06
25,239,-2.321625524275747,2.4538579249784908e-08
25,240,-2.248548419910084,1.8373918632425377e-06
25,241,-3.106419691653351,4.81783941884243e-08
25,242,-2.536936042061869,1.8577594151154046e-05
25,243,-2.7449789190955367,3.420007721022411e-06
25,244,-2.819729774743199,6.521055068955557e-06
25,245,-2.4993959145042157,7.667470622705543e-07
25,246,-2.065650697982808,1.0285582202863196e-06
25,247,-2.6467120383656813,5.150852186540555e-05
25,248,-2.6358851776402603,2.213403986381198e-06
25,249,-2.0138981673484118,4.8252185219952844e-05
25,250,-2.4449714517483683,1.7156792537208756e-07
25,251,-1.9758533978028776,1.771087982346678e-06
25,252,-2.2050712014716085,4.4002844548273156e-05
25,253,-1.612865593097066,7.588845453714985e-05
25,254,-2.223431544729954,5.012846104093152e-05
25,255,-2.02817565799599,1.4632524683275343e-07
25,256,-1.9844111324731522,1.9913954672111266e-05
25,257,-1.676294244466951,1.1634910138304223e-06
25,258,-2.1674406440207017,5.1113433746867e-05
25,259,-1.8777817264237378,1.45772619067318e-06
25,260,-2.075943262221916,3.305195337124471e-07
25,261,-1.8179571171814892,1.784180590130611e-06
25,262,-1.8477383438434778,3.476338961071056e-05
25,263,-1.9998984051438402,3.0293191426354407e-07
25,264,-2.231745255674576,8.11812410202654e-06
25,265,-2.016278227232065,0.002692184055317513
25,266,-2.1745744069813693,2.4642198562682907e-05
25,267,-2.0876279793684835,4.4535696341909857e-07
25,268,-1.777101747260593,3.986023741435875e-05
25,269,-1.832620347696348,1.0987617983590084e-06
25,270,-2.2622575209897624,6.576052813443498e-09
25,271,-2.7966394503352405,2.92583870546813e-08
25,272,-2.642786777324386,6.163372954431457e-10
25,273,-2.2226738855981183,4.4229841314407686e-07
25,274,-2.0708478199421787,5.674298100800068e-05
25,275,-2.433078084178703,3.301987663100283e-06
25,276,-1.7860080514084657,1.248539589790675e-05
25,277,-1.8016007948825088,1.1023381062675232e-05
25,278,-1.7394396864925286,1.70913924629101e-06
25,279,-2.309898358157163,4.85098071696272e-09
25,280,-2.2115786792478787,0.0001031117524042671
25,281,-1.6492588404577742,6.62802525153025e-05
25,282,-2.070721957773192,2.777943293222603e-06
25,283,-1.6539359908963984,0.00020830005325686248
25,284,-1.6739378938777039,0.0011779358924513136
25,285,-1.926713341702845,1.1197845401732194e-05
25,286,-1.5023520049005352,0.0004951477876465356
25,287,-2.2724174257030425,5.90287237959845e-06
25,288,-1.3886238066624426,0.0005619712441327177
25,289,-2.45583468019667,5.589987383682344e-07
25,290,-1.969176832332578,3.277494034847893e-05
25,291,-1.9520034853774657,0.000611053178080077
25,292,-2.7921390317948016,1.1443850378866525e-08
25,293,-1.6967617284789371,9.713126443321667e-05
25,294,-1.797428559758277,0.0002872558384254494
25,295,-1.383203170340428,0.0003827292408705384
25,296,-1.4420702779803074,0.0011442144033255296
25,297,-2.7219911988564753,1.3133599565115934e-07
25,298,-2.040779201236442,2.6141923162877023e-05
25,299,-2.2982167182391935,1.2921602363267522e-08
25,300,-2.2786855594284545,3.4698868393532697e-07
25,301,-2.159438178330667,8.826823332491604e-06
25,302,-1.5817546822236421,7.335352171075225e-05
25,303,-1.5071642758808181,0.00010372116714425214
25,304,-1.7501810936950015,2.2674969386285473e-05
25,305,-1.8666361507768192,1.7471112736828156e-05
25,306,-1.6616281744586665,7.249579487888167e-05
25,307,-1.960933193359332,9.63916268656524e-07
25,308,-2.422445093277126,1.4250307218363488e-05
25,309,-1.1103575936546601,0.00296737011581857
25,310,-1.8293491579514711,0.0008707573995621669
25,311,-1.874227368474533,2.6125799888517086e-07
25,312,-2.122422116402004,9.05651547318852e-05
25,313,-1.884237864997302,8.029716618678483e-05
25,314,-2.0649431946677144,2.4237908347500544e-06
25,315,-2.2345880433903824,4.653417014474665e-06
25,316,-2.559645098803908,1.927962467911087e-07
25,317,-1.5132995237115026,0.0002880365152903179
25,318,-1.9735736903183474,1.667563605639587e-05
25,319,-1.5759513342086668,0.006703363310586275
25,320,-2.127586435048217,5.324170927765082e-08
25,321,-1.994288469897631,1.3467357000734926e-07
25,322,-1.3908748850597599,0.00042061442024287493
25,323,-1.637212732696148,6.171548230501763e-07
25,324,-1.6460484054189282,0.00011017864545443
25,325,-2.1604805481701304,7.168525435828124e-06
25,326,-2.1056460642724417,7.941333198038327e-06
25,327,-2.0749800951097823,3.9197988866857734e-08
25,328,-1.3319782517800096,0.01252242138430679
25,329,-2.1342653133129854,8.944474186039578e-06
25,330,-1.9045430276566737,7.635519817873354e-05
25,331,-1.7161839778950534,0.0001751038454866372
25,332,-2.0890410303010123,6.715633787504911e-07
25,333,-2.1296826695794726,2.286079993931579e-06
25,334,-2.388347466931898,1.4199654281693223e-07
25,335,-1.707255210304658,0.0006240044813133789
25,336,-1.515783015219223,0.0016905111204182821
25,337,-2.39998230179756,0.00015747950678214018
25,338,-1.6545770494999994,3.881649350090495e-06
25,339,-1.4185270862704424,0.0016225219580146802
25,340,-1.582078113037861,0.001122418388240456
25,341,-1.6225225904498992,4.010838374302385e-05
25,342,-2.6483121067153865,1.266189271151509e-05
25,343,-2.0750970397699513,1.0695773315165001e-07
25,344,-1.7293615584333315,5.957858297183924e-06
25,345,-1.2162580196943154,0.032265556289384725
25,346,-1.8047458607522113,0.00019850711092011196
25,347,-1.8163093625359146,8.375534779539828e-05
25,348,-2.0799188137769917,6.0684140370084705e-06
25,349,-1.518296207554532,0.001258095183613001
25,350,-1.296624067159735,0.0008195661349786565
25,351,-2.3671959128622913,3.949482501525895e-08
25,352,-1.9236424019607288,1.1112591361548919e-06
25,353,-2.302343293648305,3.0517067601607773e-07
25,354,-1.9384921678770617,4.400352231262336e-08
25,355,-2.158455385343945,5.198497958064414e-09
25,356,-2.2610693664364545,1.1010822082683606e-06
25,357,-1.2014532769153679,0.006221741085195287
25,358,-2.0678046291074406,0.00011895319142096005
25,359,-2.431852686195188,3.3441715051314125e-06
25,360,-2.140384799582164,2.1870452999534364e-05
25,361,-1.6560861387043015,1.4209220773948382e-06
25,362,-1.4240688096183254,0.005606754979980435
25,363,-2.050930326695074,4.0149289375139415e-05
25,364,-1.9190155699967368,7.036056693181037e-07
25,365,-1.7353423153730123,7.322974971232309e-05
25,366,-2.262524813373113,5.85137281276046e-07
25,367,-1.9915849487629744,5.347359883462824e-06
25,368,-2.370979238864945,8.573820188450029e-06
25,369,-1.7761777139779804,0.0004108495576854612
25,370,-2.111336036432217,1.9223201730594328e-07
25,371,-2.573294123043497,4.342625545671905e-10
25,372,-1.2934378631513672,0.00823230142853586
25,373,-2.105279618138595,4.2701647668009845e-06
25,374,-1.4882562700689643,0.00016219168752825056
25,375,-2.0898226568505986,3.570705033148392e-07
25,376,-1.7591435903067776,8.393632430325554e-06
25,377,-2.1678099864276783,0.000104302819204617
25,378,-1.9073889645150404,4.281769189031825e-07
25,379,-2.0820162623662233,3.03247080343908e-07
25,380,-1.8249919363346052,4.852024121496377e-05
25,381,-2.275058251432509,2.5480530763042156e-05
25,382,-2.382604918970391,2.499979989880672e-10
25,383,-1.9666650862260981,1.249807986789678e-07
25,384,-1.8150861130751474,8.264550171601007e-05
25,385,-2.442015368819188,1.0041688021592769e-06
25,386,-2.2907224389469967,1.736754936503096e-06
25,387,-2.5569077826805753,8.829313561862945e-07
25,388,-2.2685599081105563,3.969669843398384e-06
25,389,-2.341794976983151,1.9847706449175685e-08
25,390,-2.1326308091415234,2.9506910223724804e-05
25,391,-2.3759082203374167,8.927059135832893e-08
25,392,-2.1995892796224545,0.0001278731094269653
25,393,-2.146248123770334,2.7087771810725408e-05
25,394,-1.5982975085391429,0.00043055765397610523
25,395,-1.9854507443981726,1.1282619887956097e-05
25,396,-1.4846629677307144,0.0016989700885044698
25,397,-2.384486917808507,1.679994588159629e-07
25,398,-2.0790277815087395,4.3044622480174846e-07
25,399,-1.9570781532855435,3.793504294511591e-05
25,400,-2.1285026522221715,2.1937669198265598e-06
25,401,-1.9942578048184494,5.114712382704966e-07
25,402,-2.0189091840115445,1.981068633063216e-05
25,403,-2.3638765355794567,8.096065638961606e-06
25,404,-2.2532994464490557,6.7954331207997525e-06
25,405,-1.7999059986851282,8.301721719447528e-06
25,406,-2.105082378036375,2.0737235593858845e-07
25,407,-2.257034109388571,3.2604209652023573e-06
25,408,-1.6020982307198501,3.129367652664222e-05
25,409,-2.041056920152214,0.0003549812514903439
25,410,-2.0891242296715617,5.251691124224837e-06
25,411,-1.5010055859939104,5.978417248366983e-07
25,412,-1.9845535334070679,3.1518734512100523e-07
25,413,-2.016828515559591,1.2968481608978882e-05
25,414,-2.661022261366979,3.7156767317052797e-07
25,415,-1.3222659941819135,0.0003008763489316327
25,416,-1.806433464391369,1.3787476145798395e-06
25,417,-2.3987656000179323,3.296111468024112e-06
25,418,-1.5941844419251012,0.0001621740119229852
25,419,-1.6831662712692559,9.898579636633376e-05
25,420,-2.1498196069215263,7.59335696435544e-07
25,421,-2.4843590975392305,4.804726803256827e-07
25,422,-2.1815604609273054,1.9631457048054403e-06
25,423,-1.9436666840051275,4.33588217408286e-06
25,424,-1.7661352298616189,6.292333583319852e-06
25,425,-1.7735226131915676,2.0382139192158293e-05
25,426,-2.100501374071448,1.6017990152472724e-05
25,427,-2.188951236990203,6.783699249372146e-06
25,428,-2.7365507236889677,6.370676856420022e-07
25,429,-1.7840542755025028,0.00015806412206801064
25,430,-2.2072807339105167,2.5624259800022264e-07
25,431,-2.2590087231726885,8.372249615094482e-06
25,432,-1.5973106251352664,0.002164540342420737
25,433,-2.013077930151164,1.1081335873454183e-06
25,434,-1.5502014119992031,0.0003185680124538046
25,435,-2.094588821040297,8.722316627641e-07
25,436,-2.478557459916411,3.424722206124135e-05
25,437,-1.4298985607865262,0.0011400796939329025
25,438,-1.9298703665521568,5.101054660313417e-05
25,439,-2.1326379932579753,2.628827212379088e-05
25,440,-1.805186922948752,0.00010112187977000005
25,441,-2.0035090094875523,2.354628043782946e-06
25,442,-2.395761571324204,3.795624614145933e-07
25,443,-2.269771571667664,2.473869412223023e-05
25,444,-1.493006888178475,0.010710605072962915
25,445,-2.0235823947182725,1.815107858173056e-06
25,446,-1.9713431061257287,2.7112133874409924e-06
25,447,-1.9061470162366767,4.640499775363251e-07
25,448,-2.561029682160415,2.5645020931621693e-05
25,449,-2.3089578041967593,4.97402809512965e-07
25,450,-2.0990501698685726,2.530974260565891e-05
25,451,-1.6357464768249823,2.2972233353476654e-06
25,452,-1.883697581064153,8.950286532434257e-05
25,453,-2.166855679773839,6.437706473519847e-07
25,454,-2.224849222058048,0.0004965495705711091
25,455,-1.3571451141544042,0.008979030299014094
25,456,-1.906663407723637,1.192468776263391e-05
25,457,-1.986018493215421,2.408423332405731e-06
25,458,-1.9506050906814938,1.8226980593653377e-05
25,459,-1.364726189193715,0.0060234626475010105
25,460,-2.2715927715552016,7.845290994015083e-05
25,461,-2.0515237789317795,5.857079626024199e-05
25,462,-1.9880773348214387,6.535010423270667e-06
25,463,-2.095589697455937,8.662477555130192e-05
25,464,-1.944701348182913,6.523966873263506e-06
25,465,-1.4723601655708185,0.0015704917001250027
25,466,-2.054633347655603,1.682257773290631e-09
25,467,-2.458462673745303,8.137374194648738e-09
25,468,-1.8797499980487355,3.322154806089621e-07
25,469,-1.8396990198411807,3.2509762821653936e-08
25,470,-2.0550239088834523,1.8123407908601007e-05
25,471,-2.129564416624176,1.601077244376207e-05
25,472,-1.8720891985768846,1.0051152255408935e-05
25,473,-2.102005088666539,7.654231555253495e-07
25,474,-1.6708815232792515,0.0010718289474067608
25,475,-2.7897191668640042,3.466748888003163e-08
25,476,-1.559810765995298,4.2405872152963935e-05
25,477,-2.819515741028118,1.1686894612368296e-07
25,478,-1.5453025606817388,0.0007889034222114308
25,479,-1.576859467110891,0.0005287151930312087
25,480,-1.9011138272529138,6.824902867920642e-05
25,481,-2.089666225770231,1.1674877797716686e-05
25,482,-2.172485004148503,5.18794867508852e-06
25,483,-2.4168409565993323,0.0001504979725129666
25,484,-1.9668235272464152,5.671100674244597e-06
25,485,-2.1899111104827798,0.0001148139412089414
25,486,-1.8521276474595032,3.2696937329286606e-06
25,487,-2.1200293001185955,4.550056160171919e-06
25,488,-2.553077559263203,4.3052972542616763e-08
25,489,-1.8757038528108847,7.075733531790796e-05
25,490,-1.9721909922131537,3.7042983021287626e-08
25,491,-2.2015061447204896,8.386591132110142e-09
25,492,-2.305773158699886,2.2882349028011945e-07
25,493,-1.9042845788949307,2.1212546837469027e-07
25,494,-1.8043358045489688,2.3325828217576865e-05
25,495,-2.148708564135413,6.9096448767904705e-09
25,496,-2.2313372263046647,1.4192472298811982e-06
25,497,-1.9382302130798532,4.567813542822334e-05
25,498,-1.675145607082558,0.0001592296292735966
25,499,-1.5724988236239508,0.0016123515855135265
25,500,-2.030578675364451,5.931148565997656e-06
25,501,-2.3583326096944326,1.2462252668290233e-07
25,502,-2.444445331240777,2.28993839471502e-07
25,503,-1.439046424781119,0.0036974298167971992
25,504,-1.9067626435485288,0.00021135734657974368
25,505,-2.4637430335982304,3.274249605840193e-05
25,506,-1.9908286513745876,1.6538508034965337e-05
25,507,-2.7936173764711505,7.398327997038625e-06
25,508,-1.8304052102889612,3.8029636055860857e-06
25,509,-2.3214595903713846,2.987331489567155e-07
25,510,-1.8084342858229387,3.946587176559663e-05
25,511,-2.20318969942102,2.3497686200941453e-08
25,512,-2.256221289271922,1.2259710822814194e-07
25,513,-1.593952357538745,0.00016025520634620362
25,514,-1.5680796308594607,0.00020700699668435156
25,515,-1.4127808769108694,0.008303197503609404
25,516,-2.0085386668793523,6.268864005284302e-07
25,517,-1.9747499642840634,9.241048807443183e-06
25,518,-1.6719978325764036,0.0020612377692764416
25,519,-2.1135375479849916,2.1892200014921106e-06
25,520,-3.106198651634937,3.236053623114047e-08
25,521,-2.4393554875801575,3.578127213880192e-06
25,522,-1.5656318719858646,0.0007244531485689512
25,523,-2.791619681972991,8.670119190809698e-05
25,524,-2.6488083718471342,3.292165030741901e-06
25,525,-1.4452207193164677,1.0916681466855814e-05
25,526,-1.729024863091463,1.4105092401610277e-05
25,527,-2.102270966391748,0.00023431942083013748
25,528,-1.8341180112367486,0.004937015615431319
25,529,-2.1167474291723574,9.28764917017609e-06
25,530,-1.442884520250094,0.0009100084742297646
25,531,-1.47468362629087,0.015056901825310767
25,532,-2.116578711883318,1.3263280953452592e-06
25,533,-1.8034232372140062,0.00024322459013361526
25,534,-2.1168404798853837,5.774733911638071e-07
25,535,-1.7541557805644565,4.566758513390428e-06
25,536,-1.9914789229129353,2.178490416199269e-07
25,537,-2.662281700083586,1.6797585576729821e-07
25,538,-1.9403723166323363,2.2931729205481124e-06
25,539,-2.1179563774073573,2.7705385052885125e-05
25,540,-2.6406755677699048,4.402820656197776e-07
25,541,-2.136124181571721,8.959910744945417e-08
25,542,-2.5969334515896665,1.1017732157672611e-08
25,543,-1.89326729824755,0.00023280714380479074
25,544,-2.1569203391149037,8.059709350112987e-07
25,545,-2.17073736068866,1.1983523600016335e-06
25,546,-2.2406050840121585,4.695889266629588e-08
25,547,-2.1286465598489084,6.721025090363623e-05
25,548,-2.2071533904823326,5.442856120204185e-06
25,549,-2.06000340397384,0.00010412304647377999
25,550,-1.7954089403665598,0.00013137714347379392
25,551,-2.1066532856993128,8.739363676265315e-06
25,552,-1.739898875004286,2.570296497796837e-06
25,553,-2.1326780938879555,0.00017999000893933315
25,554,-2.5374082031171143,1.0565382739205535e-07
25,555,-1.9825412186613578,1.3823046885559068e-06
25,556,-2.216502553911858,1.1917027194624285e-07
25,557,-1.7289023271566846,0.0002607230392093376
25,558,-2.3476594842736755,1.8137906029088154e-06
25,559,-2.203703832295238,1.4815386180722355e-07
25,560,-1.6221730219855353,6.0735633833212844e-05
25,561,-2.217786682046334,6.575503960777488e-08
25,562,-1.7484979736185524,1.4482532982853144e-05
25,563,-2.054086369451113,3.106285541589881e-07
25,564,-1.8127709807263743,8.60206922454539e-05
25,565,-1.9332175552414252,4.8131057627757704e-06
25,566,-2.7615129595372867,2.64482632331862e-07
25,567,-2.6166886120858255,6.534055209001793e-07
25,568,-2.144738704593448,1.6601664681468013e-06
25,569,-2.489482024576718,8.116361507379919e-07
25,570,-2.0231272340400697,6.51323433267545e-07
25,571,-2.0326186023339434,9.401795834034093e-10
25,572,-1.7221478892147646,8.95636219504893e-06
25,573,-2.0658379865143006,1.1240848130504241e-08
25,574,-1.93533107544759,0.0002446078889291596
25,575,-1.6340420723829991,9.75257849215839e-05
25,576,-2.3624291827163697,3.721862058288517e-07
25,577,-2.0785360315785937,1.0635909927786892e-08
25,578,-2.436196913747729,1.840143916410938e-06
25,579,-1.7511821976377933,0.0004623111806742484
25,580,-1.6994505512900995,0.0001487100956127794
25,581,-1.8636972572089903,0.00016861262948751675
25,582,-1.6027018707949194,0.0002876600974915947
25,583,-1.631483382422414,0.0037267069937270787
25,584,-2.672226724552865,1.4442897552236786e-07
25,585,-2.1245670817908557,1.1682189339458358e-07
25,586,-1.7924944122831405,1.801707967293939e-05
25,587,-1.8238071096716544,3.6056369514591682e-06
25,588,-1.9964389167486334,8.816694877878367e-06
25,589,-1.7566664497298037,4.543211339950261e-05
25,590,-2.011164593666921,0.00020905063410299669
25,591,-1.5377477071766643,0.0006353684367517157
25,592,-2.631005571658342,0.0001223005508861851
25,593,-2.173425166987194,3.0544969024514194e-07
25,594,-1.2508646680351045,0.014697903270095916
25,595,-2.469123738703974,1.274135752297848e-09
25,596,-1.9368784676102626,1.671311949077055e-05
25,597,-1.7785254480649657,9.48467435199773e-07
25,598,-1.916661378666066,3.796733578511115e-06
25,599,-1.9972932747845995,2.2442226676697953e-05
25,600,-1.80543294021445,2.2162874115916034e-06
25,601,-2.4496709909000254,2.0976545059444895e-06
25,602,-1.958229360784764,2.544859267431705e-05
25,603,-1.6457507922247192,2.2217966116563876e-07
25,604,-1.8616453981762477,0.00020095930767874285
25,605,-2.2583250953054756,1.1011926824265018e-07
25,606,-2.097435759042428,6.006751555713931e-06
25,607,-2.157063323962583,1.560448186157533e-06
25,608,-2.079113331583982,5.210790447240764e-06
25,609,-2.030397836931968,3.254039350958953e-05
25,610,-2.2893484302264153,9.043990471579097e-08
25,611,-2.11532658502065,1.0761864520221765e-06
25,612,-2.2218366047998623,1.9596360680146675e-06
25,613,-1.4458784114388292,2.0591937473222603e-05
25,614,-2.993160480973967,1.2431439009853341e-10
25,615,-1.8490892482031107,0.00016034082897594233
25,616,-1.4222525132734152,0.0014529442959590492
25,617,-1.8936041320377006,0.0018791871934644945
25,618,-2.213756622578905,2.0165960354750182e-05
25,619,-2.593665534729208,1.4868503294683412e-08
25,620,-1.8054458356344867,5.309978402085017e-05
25,621,-1.7580692562883273,2.2520837860526137e-06
25,622,-2.585600227435033,0.00035472213948240585
25,623,-1.777940997512487,4.686395688956196e-05
25,624,-1.6178598935276494,6.655577283172978e-05
25,625,-1.8915032951707929,1.8900440474484234e-06
25,626,-2.4303223374384495,5.458277173352179e-05
25,627,-1.9948065693151973,2.8067484762221457e-06
25,628,-2.467013464975513,4.040919165841422e-07
25,629,-1.620793369473235,1.1381582461771411e-05
25,630,-2.0876993033624354,5.671173078045748e-06
25,631,-2.7115500530729175,1.7616682762916414e-06
25,632,-1.7491332593733526,7.073593950550182e-05
25,633,-1.8725716472516947,0.0019870677434752583
25,634,-2.47463663510732,1.3386063787860479e-06
25,635,-2.011728941521336,2.2656146853820836e-06
25,636,-2.552447303278025,1.1144347273620256e-07
25,637,-2.3194205664048306,4.254107116282203e-06
25,638,-1.8666036776092714,0.00010737387495278918
25,639,-2.091278149212954,3.5869656787898837e-07
25,640,-1.8141490906508686,4.021867797104557e-05
25,641,-1.8135370027889541,4.051915749592593e-06
25,642,-2.151270664245411,1.2420767215975857e-05
25,643,-2.2766893230941943,1.0089998439113712e-06
25,644,-2.370077395330733,9.039191653181799e-07
25,645,-1.9992439051672042,2.5463476400379224e-07
25,646,-2.3529170070965337,2.0221273307271756e-07
25,647,-2.0809088852993716,7.654396504155192e-06
25,648,-2.189367756704436,4.5974481237516876e-08
25,649,-2.3379551521913466,4.062694955184398e-07
25,650,-1.9317217372591946,0.00018928803835566247
25,651,-2.470788796566887,9.957787073361774e-07
25,652,-1.9298588155237724,5.720172584256863e-05
25,653,-1.6700559251090406,0.00022042163279882218
25,654,-1.0296200398496067,0.07414355539717721
25,655,-1.699160923343845,0.0029233089814525216
25,656,-2.116739374729477,4.847336472243882e-07
25,657,-1.9364359855181092,3.189385228343708e-05
25,658,-1.7088525980873985,0.00014627243113460588
25,659,-2.0594646107888037,1.1595144261899178e-06
25,660,-2.273537083266006,4.88588652345664e-06
25,661,-2.0721669980832447,5.244257366726519e-05
25,662,-2.285389511953465,2.2133215726375375e-06
25,663,-2.0132382140831746,8.167507548619278e-05
25,664,-1.8118192861163136,0.00010502730869027337
25,665,-2.403589572811571,4.69476706859437e-08
25,666,-2.2103908734730107,1.3717720287603489e-05
25,667,-1.6878702781534995,0.0006147343986317699
25,668,-2.6501482737656885,5.483031414092579e-07
25,669,-2.4960288972179754,6.7916626750899565e-06
25,670,-1.4587302171468695,0.00013620294389177445
25,671,-1.717456352621567,0.0030241907826075894
25,672,-2.023894690664351,2.5657851810546863e-07
25,673,-1.838154427986808,0.0003029448638434748
25,674,-1.3821839895401364,7.078121373355364e-05
25,675,-2.5432571687078047,9.84529806709982e-07
25,676,-2.375135278615843,1.3427142421176604e-06
25,677,-2.2390548989881234,1.2740378524031444e-06
25,678,-2.2057219385728013,1.019098175125237e-05
25,679,-1.9433834513804067,0.0001491012104710594
25,680,-1.7720606858300547,1.363192778781714e-05
25,681,-2.6267017153486756,1.7316209449558195e-08
25,682,-3.031965759898151,6.086248925053934e-08
25,683,-2.7121456423741668,1.2781344069646055e-06
25,684,-1.7947738802893074,0.00047421552818366954
25,685,-2.2312403597632535,1.5710163288675288e-06
25,686,-1.5956831586893383,1.0164078175851122e-05
25,687,-2.306028793931848,5.188149322257699e-06
25,688,-2.1456157101021063,3.1117203629506237e-07
25,689,-1.5862094921910561,2.6671168329930523e-05
25,690,-2.984197699228658,8.978423517370751e-10
25,691,-2.6336385331881758,2.6278712916119474e-06
25,692,-1.893268843095023,4.487697730027935e-06
25,693,-2.4486778217981264,2.458656084641161e-08
25,694,-1.7902216202396004,0.009322934710880155
25,695,-1.3004911368685672,0.0014430923681207984
25,696,-2.044858349172605,0.0001643769242627871
25,697,-1.8912749094538688,6.730310418997554e-07
25,698,-2.175943765732263,9.728533817262288e-05
25,699,-1.5845681268256175,7.54171196281866e-06
25,700,-1.6262569747792215,3.4816081508157225e-05
25,701,-2.4803967307744634,1.1425991600019624e-06
25,702,-2.078079163773702,3.0028310881610425e-06
25,703,-2.1250667807003216,1.1872976348713605e-06
25,704,-2.0441785539467787,3.695530046403212e-07
25,705,-2.165815827244593,0.00031688597527462157
25,706,-2.256976358460369,2.8362051671168197e-07
25,707,-2.2582672994730375,5.137232211133355e-06
25,708,-2.0386934795303326,0.00012085344998395177
25,709,-2.214268040708311,9.71504523196283e-07
25,710,-2.110105418877753,1.9016172805124594e-08
25,711,-2.020240554226354,9.841009505164885e-08
25,712,-1.767970611272002,0.00011136159140321231
25,713,-1.5403190951362244,0.00046499204579360855
25,714,-2.5270013832860148,1.8600129629431938e-06
25,715,-1.8233698752388738,4.183101121242443e-06
25,716,-1.9493338789690293,2.0188305544436404e-07
25,717,-1.762516546381569,2.420360600040046e-06
25,718,-1.6816895061707822,0.00023861321620459255
25,719,-2.542336455068895,3.034584176376878e-08
25,720,-2.0784318418650445,4.648815325066595e-07
25,721,-2.286427078228476,9.494551286597823e-08
25,722,-1.5525944974690917,5.153885238494205e-05
25,723,-2.0923732582416674,4.934486102113191e-05
25,724,-2.5878866611247053,3.5386592177917944e-06
25,725,-2.6870543084168723,1.947584820531688e-05
25,726,-1.6974222832926333,0.00014085122422170769
25,727,-2.0423954057669187,4.746920675030122e-05
25,728,-1.8483862027653792,2.7723338385170408e-05
25,729,-1.5598695236003879,8.70234618727407e-06
25,730,-1.889139981141664,1.2881185073009471e-05
25,731,-1.4849766041650394,0.00019548619070119264
25,732,-2.1842804957484114,3.653021424645322e-08
25,733,-2.3791661696892374,1.353661542359452e-05
25,734,-1.9244305505928132,0.0006798453026356648
25,735,-2.3584514254994846,5.010461744926828e-07
25,736,-2.381318352790265,1.4135747766332533e-05
25,737,-2.2559660580834517,1.3162242306211132e-05
25,738,-2.1865547841754047,2.5214418020864206e-06
25,739,-2.5240939416056416,1.9617631716252098e-06
25,740,-2.354891160902852,7.922726216064738e-06
25,741,-0.8785086843540642,0.1873860992518695
25,742,-2.6779797499940843,1.2746037811909175e-07
25,743,-2.273448577070711,0.00024948955937853084
25,744,-1.4232215239971495,0.001933082399062998
25,745,-2.223847589872051,1.853229157744639e-07
25,746,-1.7281704497467807,0.00227622624068877
25,747,-1.610948886471757,1.3148562864576744e-05
25,748,-2.3248964271947203,2.6009949386036116e-06
25,749,-1.7059009400174698,0.0008799221327338173
25,750,-1.5930408047328823,0.0036712759239349445
25,751,-2.1263361297152454,3.3006192542209805e-05
25,752,-1.9677037702849711,7.20210374692959e-05
25,753,-2.725175422833429,6.321253642099912e-06
25,754,-1.90546943905317,1.2715421390747548e-05
25,755,-1.7964819886347838,1.2621844149774874e-06
25,756,-1.4330139200972791,0.0047814526546574075
25,757,-1.671077472671076,0.0002325277316226084
25,758,-1.6212243719583768,0.004577424065532368
25,759,-1.6598612550816005,0.008519423023278126
25,760,-1.8762019713940887,0.00017434073814000722
25,761,-1.37084856574827,0.0030048282884133242
25,762,-2.5079072933310633,9.776520277936151e-09
25,763,-1.6005490264991575,2.7145917171544413e-05
25,764,-2.245240561849652,2.4659994793836073e-06
25,765,-1.9340386221227934,7.439995293659136e-06
25,766,-2.930246550632382,1.6099236428981247e-06
25,767,-2.440143906690863,1.6575127295124438e-07
25,768,-2.0041649833134123,4.16907483317238e-08
25,769,-2.2009272220510674,0.00014743664397346969
25,770,-2.422818220451579,3.069456184132562e-07
25,771,-1.8198574500250162,1.8284951967098866e-05
25,772,-1.8969820524974699,2.8719338825523375e-08
25,773,-2.0173821653107575,1.610037999778524e-07
25,774,-1.8563727658388691,0.0013312749137219216
25,775,-2.333805421912336,3.4889098909024916e-05
25,776,-2.3148323105545474,5.560762154241308e-06
25,777,-1.733015473004805,0.0004173447340603388
25,778,-2.536184450671283,5.6636558263143786e-08
25,779,-2.1510982127692744,3.2471960034096466e-08
25,780,-2.1782643935106876,1.3590034751970515e-07
25,781,-2.0186606649524528,1.073077479114071e-05
25,782,-2.1927789469825836,6.010008816336767e-07
25,783,-2.130698518306419,3.492976191824495e-08
25,784,-2.1248336080537866,2.499377044615639e-06
25,785,-2.692465160296841,2.117060741100496e-07
25,786,-2.510958293848795,2.368665638352674e-06
25,787,-1.7866824098858398,1.5201091893124284e-05
25,788,-2.615112265407408,1.1814960064514297e-05
25,789,-2.3500331888651402,1.121458087854322e-05
25,790,-1.998766026821328,0.0005018346834462035
25,791,-2.6225224590134664,1.6981523853862905e-06
25,792,-2.643399106748631,1.9080858052657228e-07
25,793,-2.296843713509152,1.649790733824531e-06
25,794,-1.8367613903673927,0.00011041868044383063
25,795,-1.7983042758951573,3.0128706033232723e-05
25,796,-2.5643890323338585,4.2541545551027776e-06
25,797,-1.9642349241038999,0.00018890022358863885
25,798,-2.4074751683421223,4.902902872167075e-07
25,799,-1.9255712462213372,1.0537914531457158e-05
25,800,-3.0670262404899935,5.405102632554836e-06
25,801,-1.7181498329616183,1.3834201628433896e-05
25,802,-2.2834622560800226,1.4676975207402777e-05
25,803,-2.0003123581926623,0.00014867559263363205
25,804,-1.9336534617549712,5.117942009915548e-07
25,805,-2.4560364370327212,8.861514840524105e-07
25,806,-2.095322178890706,1.4283231566608716e-05
25,807,-2.0638806604261273,2.6435876479016547e-07
25,808,-1.9528316633741785,7.45652451666427e-05
25,809,-2.223183008087066,6.167713525721972e-07
25,810,-2.145963360508894,5.808230044813678e-06
25,811,-2.215280151605673,1.0225882460812018e-06
25,812,-2.9290993846102316,2.798286181497085e-05
25,813,-1.775319807271548,0.0008575429617352077
25,814,-2.0402656007642266,0.00011801690345683903
25,815,-2.1014699411655844,6.95798248081444e-06
25,816,-1.5515924177531861,0.001143238506816332
25,817,-1.6108061675494891,8.195737954067564e-05
25,818,-1.8700929593342792,0.001983502195698674
25,819,-1.3659878437151063,0.005466265850902309
25,820,-1.5643164094182946,1.4269014943711594e-08
25,821,-1.799379418902742,0.000127117595854732
25,822,-2.1088004851034503,2.8339732733006815e-05
25,823,-1.8628898696917435,1.7999642268321072e-05
25,824,-2.5778519948046323,1.6117794645648554e-05
25,825,-2.1606968089095373,5.1522948891700895e-06
25,826,-1.6335824236785532,0.00012255397089376436
25,827,-1.5058985438691614,0.013001227282147658
25,828,-1.4287826856033217,0.00022646883738994882
25,829,-2.326789478949931,1.399821994547287e-07
25,830,-2.042214016225433,2.5877581146023434e-07
25,831,-1.4569185697094786,9.085145636636945e-07
25,832,-2.262741574807447,6.406605579664767e-08
25,833,-1.8413512952280477,0.0002921190413301858
25,834,-2.1941517818238405,1.2890581753352144e-07
25,835,-1.6327348360492584,2.429375694924959e-06
25,836,-2.3475403788275377,5.032077279002979e-05
25,837,-2.5954974523783942,1.847896539345043e-07
25,838,-1.7251466763326615,1.0431446955163319e-05
25,839,-2.1092987616798826,1.5088998041416855e-05
25,840,-2.2328819680224496,1.4080229568208359e-06
25,841,-2.5691136937126915,4.19724833416331e-07
25,842,-2.280036823455246,8.478549586100229e-09
25,843,-1.741530237258793,2.81420324292128e-07
25,844,-1.7360936461719518,7.391641423364944e-06
25,845,-1.9275372455729478,3.395777274106011e-08
25,846,-1.3453423563366327,0.01695311057813311
25,847,-1.6846187558314663,1.867708894516588e-06
25,848,-1.8678313044606258,1.3403858136896995e-06
25,849,-2.5250466621822625,1.421017669406773e-08
25,850,-1.5744005946786563,9.081699378854077e-06
25,851,-2.673273412717558,2.0380647047311365e-08
25,852,-2.3448913335986266,6.287070481693001e-06
25,853,-2.240631370505792,8.490211679773904e-09
25,854,-2.2929768908516834,1.7652037818718016e-07
25,855,-1.5510294672027873,7.66128037507343e-08
25,856,-1.6948992074466744,9.297145557795938e-05
25,857,-2.1301321110806533,0.00012593442829022372
25,858,-1.327448067195939,0.0018472918847837587
25,859,-2.152408378376346,1.2247920478634418e-06
25,860,-1.4020970367107948,9.736785659472225e-06
25,861,-2.1702522658361394,1.1684190854543478e-08
25,862,-2.2940479723631304,3.403242002564385e-07
25,863,-1.7425240812928733,0.000360110877132931
25,864,-1.9009489530341588,1.031310488153035e-05
25,865,-1.8027300666518853,0.0002360262861437289
25,866,-2.404271624047455,9.146924080009695e-06
25,867,-2.3997913751222315,1.6384256217908469e-06
25,868,-1.931292636623298,0.00011389169227276033
25,869,-1.639104306430121,2.261088684607772e-06
25,870,-2.3174615894928667,4.499301541334885e-06
25,871,-2.8211466694119665,2.157013125398673e-07
25,872,-2.162374306267572,3.6489384139025285e-07
25,873,-1.8756855215986592,0.0002331240009961467
25,874,-2.562565207338734,1.2156406981285513e-06
25,875,-1.6669964493886713,0.0027918888392775374
25,876,-2.326147548521246,5.598588603923445e-07
25,877,-1.3146476999330652,0.004392185044484334
25,878,-1.7882836711680081,2.4269831685724703e-06
25,879,-1.9309301617578258,0.0004747675174956144
25,880,-1.1828687691742745,0.0008785464281310237
25,881,-2.0220103013662136,1.6055469122883008e-06
25,882,-2.223875074515859,2.8699323064195115e-07
25,883,-2.0902066061692555,3.965867540703465e-07
25,884,-2.521948782459954,7.600571162089663e-06
25,885,-2.219457913849514,5.352027965763115e-06
25,886,-2.249378115500474,7.392974676333176e-07
25,887,-1.7916001302151896,0.0008311172964732665
25,888,-1.344656651197412,0.010321575922559103
25,889,-2.1420692791258817,3.592204786413397e-05
25,890,-2.1564520095175217,5.538380623210705e-07
25,891,-2.3633114398163224,3.393206921817899e-05
25,892,-2.7539826972371015,3.4453207171985076e-05
25,893,-1.4777140976679153,0.00011860965049852399
25,894,-1.9392035829056953,1.0869079340986179e-05
25,895,-2.4727019973070794,3.8175750517560706e-09
25,896,-1.8112674254661014,1.480910372455397e-05
25,897,-2.4260004569953737,1.5783206299316156e-05
25,898,-1.5893541772728876,0.0004879992594691605
25,899,-1.9908826391560952,1.2325246270522508e-06
25,900,-1.9376273456543833,9.489594536310848e-05
25,901,-1.7899261431513551,0.004713699799593081
25,902,-2.036271920635282,0.0004340079697216747
25,903,-1.8462730724684144,1.1806831598142816e-05
25,904,-1.1373790008906806,0.00258257043345582
25,905,-2.003569916839582,0.0001274597158284879
25,906,-1.9546564876696904,6.131109082852865e-08
25,907,-2.1972304667710896,4.269652984540219e-06
25,908,-2.995326071552222,8.8124078039619e-05
25,909,-2.218422603783994,9.601548216519958e-07
25,910,-2.022893858249157,0.00010835933338232264
25,911,-2.3630019418297055,5.131607503452036e-07
25,912,-2.4751080724338377,3.74851833423252e-06
25,913,-2.3576501128453584,6.431728085130277e-06
25,914,-1.4260630915221277,0.0001497679129903202
25,915,-1.7359263754236016,7.2626875765969335e-06
25,916,-1.7989174780794963,0.000341137638337011
25,917,-1.7060348414071171,5.500976496671767e-05
25,918,-1.7938101678600322,2.060409387199725e-06
25,919,-1.8838210916153013,0.0002663975369590877
25,920,-1.5207634992591048,3.434368247437319e-05
25,921,-1.8180483290916531,0.00020401324677532908
25,922,-1.8161240801998382,0.00020537394341988544
25,923,-2.429695586698429,0.00019512773215587154
25,924,-2.4974229628535403,1.416055907931762e-05
25,925,-2.2137594855707268,0.00019231912742053464
25,926,-1.6328981923016306,0.001289389388700597
25,927,-1.8950852249225596,8.64817172041838e-07
25,928,-1.7615344733854714,1.300405921093104e-05
25,929,-2.237428513137438,3.450299838734863e-06
25,930,-2.5714555035154354,4.594441945545738e-09
25,931,-2.0582548063190407,0.00030653073023039683
25,932,-1.9322827021721967,5.394938254171812e-06
25,933,-1.9436391949048195,2.2951435609065953e-05
25,934,-2.3014376691770835,0.00011964745381630554
25,935,-2.605774889485496,7.286071723782425e-07
25,936,-1.9999260613090781,1.2794561550900327e-06
25,937,-2.0851761476604924,0.00015150115507483203
25,938,-2.1415282629240417,2.3564949171938725e-08
25,939,-2.0731344817654644,4.658262615116562e-06
25,940,-1.525151808140948,7.413474520743561e-05
25,941,-1.5338356881230135,0.0011971844639836883
25,942,-2.404241816152279,7.207925161961296e-08
25,943,-2.1086912151585535,3.4561186572668205e-06
25,944,-1.8831012861509588,5.474351195274235e-06
25,945,-1.9345931815253152,2.2772700962030835e-06
25,946,-2.047087707654949,8.002948514239646e-06
25,947,-2.698947922417932,7.361083952779812e-07
25,948,-1.9781475774057036,1.042628638764857e-05
25,949,-2.3850948611583034,3.6350520707173634e-09
25,950,-1.9320738679389171,0.0009036240229120395
25,951,-2.153786887812082,2.32266292395038e-06
25,952,-1.518241010828696,0.0001454746937711483
25,953,-1.4244426506684018,0.0022856130587006465
25,954,-1.4549305676535997,0.005662153580113947
25,955,-1.7283350286853008,0.00011616030945409948
25,956,-2.0533094385251864,5.505585919377837e-07
25,957,-1.9404907017037,4.9840775106734544e-05
25,958,-2.7551710040193758,0.00013019237931524212
25,959,-1.8893195694913092,0.0025645763440510817
25,960,-2.34947761419727,4.938150141115644e-07
25,961,-1.9929203893364082,2.9534153685204898e-05
25,962,-1.881781937513444,4.822378044076164e-05
25,963,-2.3172425412678486,2.7387170166576195e-07
25,964,-2.4029524693097244,6.6903472162540855e-09
25,965,-1.7921995918183509,0.00011178535310624299
25,966,-2.7078355028006893,4.4870376007850405e-08
25,967,-1.8343320639703,7.023765264289489e-07
25,968,-3.0012765762619207,2.811740358333446e-08
25,969,-1.624087986703584,0.00797528583329589
25,970,-1.776489466796722,0.00017338296409631035
25,971,-2.1653469428140077,5.509451134444713e-07
25,972,-2.086727236371379,2.985511280357574e-06
25,973,-1.6061500823939694,3.439252711857265e-05
25,974,-1.9675470383504212,4.705363637191715e-07
25,975,-2.25449848279691,2.0117487111739654e-05
25,976,-2.016364492060726,9.380515004917158e-07
25,977,-1.9529962373791285,2.4032896334787818e-05
25,978,-2.3472972623571136,0.00013388804000786524
25,979,-1.895743436806887,6.563610845471539e-07
25,980,-2.151987774313885,4.149233030472609e-09
25,981,-1.9442763427500989,1.4724507841512893e-06
25,982,-1.5606130099480922,0.006869980693943152
25,983,-1.897833076441649,1.1458596489880243e-05
25,984,-2.2596909586321754,9.941953488064436e-07
25,985,-1.9367846545962628,1.8978261951948113e-05
25,986,-1.4510635686203495,0.0006745580123678896
25,987,-2.7053923413910312,1.6837904641850012e-07
25,988,-2.7826894381884655,1.4002773932239005e-07
25,989,-2.3154684180704073,7.110910057228077e-06
25,990,-2.344128595442924,7.235635868593742e-07
25,991,-2.0723457765622015,0.0005025642826633282
25,992,-2.485060130418777,4.1487072581791446e-06
25,993,-1.430705097535256,0.001535304835971497
25,994,-1.962129803262215,3.562941445355175e-07
25,995,-1.711499103034197,2.9115994467930063e-06
25,996,-2.271497473892527,0.00016726845070041304
25,997,-1.9271941573672655,3.5427177558175016e-05
25,998,-1.5980976572447956,6.985641014814166e-05
25,999,-1.8458495076690031,2.3864206193802954e-06
50,0,-1.7357235737195502,6.205292981720618e-11
50,1,-2.12105660331188,4.320027970467864e-11
50,2,-2.2002165578114274,1.1067679400091067e-10
50,3,-2.436908592789541,8.412254641378148e-16
50,4,-2.312972947138066,4.08652264311981e-12
50,5,-1.8138411272352517,3.5573434757853675e-08
50,6,-1.7041580577505666,2.1188514648698222e-10
50,7,-2.16078995592673,7.599789876550931e-11
50,8,-1.2519054560873215,3.421018884196702e-05
50,9,-2.0126628485203257,1.3629511268813969e-14
50,10,-2.1268342155001774,2.4227828252566364e-09
50,11,-1.66605171675673,8.160788735180777e-07
50,12,-2.2497101854998087,2.1171447900450207e-14
50,13,-1.916520475123332,6.858866764751591e-09
50,14,-2.1128408718607785,1.0408682289459704e-09
50,15,-1.992765993225472,7.354065342203556e-12
50,16,-2.1837571132158535,1.7804050417694726e-13
50,17,-2.2832598886068434,5.13268460482084e-15
50,18,-2.3060825039215342,3.7574695404934717e-13
50,19,-2.0930364198940907,1.3862517344238148e-10
50,20,-1.8728901699231262,1.0282256340231077e-12
50,21,-2.0423980419669343,4.407466064955951e-11
50,22,-2.398399710203278,2.2557352013615424e-12
50,23,-1.858126933244944,1.1846627410532786e-07
50,24,-1.81705211176285,6.538911773190447e-12
50,25,-2.3205532811922476,1.2305872838499182e-11
50,26,-2.2567715956251497,2.4590461825677212e-11
50,27,-1.9713775107767475,1.4123714988622138e-11
50,28,-2.112293950750889,5.539733294432557e-13
50,29,-2.2623194983445414,3.1776230469190637e-12
50,30,-2.080703767971799,2.0409016876818307e-13
50,31,-2.0573733653873543,3.603367528417452e-10
50,32,-1.9597564979281685,9.150532240123624e-11
50,33,-1.7969565793725915,1.1161804874004922e-12
50,34,-2.6070119478059066,1.823955400378184e-16
50,35,-2.21704058052984,2.1278637935555367e-13
50,36,-1.8453505295631265,4.753309612032689e-10
50,37,-1.9896059890093136,3.7928495884896146e-13
50,38,-2.159515321513072,1.326344328862214e-10
50,39,-1.8515708528996004,1.639526097938364e-10
50,40,-1.697407223496632,3.0814463064996817e-09
50,41,-1.7026740107214167,4.7333295610401556e-09
50,42,-2.4229664488916747,6.888570218452436e-12
50,43,-2.3112305698323787,2.686188986729293e-11
50,44,-2.279563163737769,2.1503727456378602e-10
50,45,-1.994927268186804,9.034352219569305e-12
50,46,-2.3180843172112398,7.933725041396186e-10
50,47,-1.7478625228603448,1.3846774719064374e-09
50,48,-2.005317487663081,8.095012019071849e-13
50,49,-1.5787055463109212,1.7723154932316986e-09
50,50,-1.8413922475488977,7.909309288931141e-10
50,51,-2.0060387304779663,1.073727310640147e-14
50,52,-2.0802574335617123,2.9638248518014614e-12
50,53,-1.9782430146034038,6.686341042623087e-09
50,54,-2.351259498334376,1.408842264604076e-12
50,55,-2.4725111092356586,2.579365450215239e-12
50,56,-1.9474839809973021,6.219510052862094e-09
50,57,-2.399548141898811,7.420741533613571e-11
50,58,-2.3278041382009436,4.3809634341071534e-12
50,59,-1.771624362020905,2.4006817073724425e-11
50,60,-1.9546362150481986,5.189178246504435e-13
50,61,-1.8739842115081924,1.98323814050494e-11
50,62,-1.947635883962473,4.865872961414568e-12
50,63,-1.9722593169062899,6.567956762183051e-11
50,64,-2.007954839505416,2.877009944535484e-14
50,65,-2.36321171137556,4.7791824254922897e-17
50,66,-2.01358738953713,3.0017195100358216e-07
50,67,-2.052821484170365,6.167477317580793e-11
50,68,-1.8967926230615584,2.604391899498394e-09
50,69,-2.5182091478041686,9.094518634976609e-15
50,70,-1.7798165348689787,1.9445065445058554e-07
50,71,-2.0945460350210077,2.089962610546243e-11
50,72,-2.172551717649683,1.2222984675623824e-12
50,73,-1.8086599315872052,2.5374320855044764e-09
50,74,-2.0728140749089965,1.419841468584879e-12
50,75,-1.6074402868669182,3.770515154368023e-08
50,76,-1.831930684173452,2.442984785844385e-11
50,77,-2.1881834954767037,1.696762837831357e-12
50,78,-2.1390922511247545,7.0212413959974525e-15
50,79,-2.1160338082046932,4.4468549286729837e-14
50,80,-1.9357116538436276,7.3598626271591026e-09
50,81,-2.4096234688617626,2.1162651624161856e-12
50,82,-1.672549239440797,4.888420501585238e-07
50,83,-2.287877072226154,8.186461449804628e-15
50,84,-1.8353669450743642,1.041529543591712e-08
50,85,-2.161360010527436,8.677039655851072e-15
50,86,-2.1888984512538627,7.3524615204304e-12
50,87,-1.972255325586735,3.5840989753059197e-09
50,88,-1.6729757717355191,1.4533586669779303e-11
50,89,-2.1815169755586137,1.6478982768221132e-15
50,90,-2.4597456581581794,1.3010063351366285e-13
50,91,-1.81621631249,3.429013818374837e-10
50,92,-1.8748678822186493,1.765113688537831e-09
50,93,-2.3564373395048683,1.0762764637000272e-13
50,94,-1.8603379521556072,2.416438544122705e-09
50,95,-2.251797704700512,1.8336507448812153e-15
50,96,-2.082169249822945,2.825550631101096e-15
50,97,-1.9466997913336757,5.6464073290194285e-11
50,98,-2.033829486488275,2.1820028897486992e-12
50,99,-2.1291913822044197,4.7385506826892664e-12
50,100,-1.4988235784327353,1.222502172575212e-06
50,101,-2.211255528717733,1.2428992887987926e-08
50,102,-2.4417296015538383,1.850942774373449e-12
50,103,-2.1565815761185023,1.754712633058567e-10
50,104,-1.8913858271841422,3.605606384736051e-10
50,105,-1.8615121770153626,1.1929303326653455e-09
50,106,-2.1288973036527974,7.676971167335905e-13
50,107,-2.3273178296144903,4.393790663239444e-13
50,108,-1.9431793372666517,2.4387017513141595e-15
50,109,-2.1018774129092463,2.389426186340046e-10
50,110,-1.6887325872475722,3.106006224862739e-10
50,111,-1.9220969878907797,2.951149616216482e-08
50,112,-2.192075771159054,4.22828310593674e-12
50,113,-2.455250001795619,9.790041851080257e-14
50,114,-1.9785160759663203,1.8680459183269712e-10
50,115,-2.135268099475872,1.4182031917267198e-12
50,116,-1.990820857040501,4.734091016151612e-08
50,117,-1.8500312489249255,1.796909311617351e-10
50,118,-2.5813113863793014,6.463933499298621e-14
50,119,-2.217223086693357,1.7469203074848107e-11
50,120,-1.8010974401181326,2.705892904591363e-07
50,121,-2.0929502318120576,4.57870080958587e-13
50,122,-2.050697627202343,3.216285388581612e-08
50,123,-2.0781869275404654,7.804029386074419e-11
50,124,-2.091159009632447,4.892709427036762e-09
50,125,-1.8846863646952983,7.415804190238202e-11
50,126,-1.9159395387937268,9.607554824893657e-08
50,127,-2.272809822184545,3.2525090436024114e-13
50,128,-2.148018912587001,4.4716007790728555e-10
50,129,-2.148161029933134,3.2307274417476036e-12
50,130,-2.103191171362455,8.68527230448473e-11
50,131,-2.108708197368461,8.721003309715667e-11
50,132,-2.073206661159995,5.588119733855288e-10
50,133,-1.9549606957387953,1.289386492437059e-13
50,134,-1.7765616820944778,4.1667193661143794e-11
50,135,-1.5535359284999402,8.105896568241539e-09
50,136,-1.9792785934910686,1.622305027075686e-06
50,137,-1.9892567653910476,1.696794420367381e-11
50,138,-1.875602454631581,2.7282224195347154e-10
50,139,-1.9647156530981054,1.305428181323869e-11
50,140,-2.151717185865089,1.857029428614558e-12
50,141,-2.225170880248763,3.0729328341877457e-15
50,142,-2.0805144582607538,8.433236338934216e-11
50,143,-2.2384833521699106,5.5996839032807855e-11
50,144,-1.8942813380091312,1.084006892391861e-14
50,145,-1.9482205634420389,1.7997256642508268e-11
50,146,-2.0691972154421707,1.8291955619815512e-11
50,147,-2.0510320558914845,8.138083264531766e-10
50,148,-1.8494225736648433,6.301570477810452e-07
50,149,-2.0313241202880965,2.0679294904373545e-12
50,150,-2.4815768508605864,6.430864295501645e-16
50,151,-2.138092299692408,4.521332259753934e-12
50,152,-2.224897693178969,3.044584813864474e-12
50,153,-1.981833624734569,5.851574721212153e-11
50,154,-2.25765996347405,3.030747685269971e-13
50,155,-2.3945175692577276,1.7052581900286802e-11
50,156,-1.6893840304958125,3.925745969142115e-09
50,157,-1.6462190553419287,2.883421449821828e-06
50,158,-2.059450252108374,4.592501204770479e-10
50,159,-1.9299867544085023,1.2971122325784036e-12
50,160,-1.9447391657319093,7.350236842854112e-11
50,161,-1.9936314205039958,5.587190640607571e-16
50,162,-1.9148242421591544,6.55442217992796e-11
50,163,-1.7097454269903478,6.87557858198798e-07
50,164,-2.1185892731755676,2.1049045735284e-09
50,165,-1.9285528396743468,3.0984125902493563e-13
50,166,-1.7821052047031722,3.2947628537607448e-09
50,167,-2.1153104595307033,1.1521970204632542e-11
50,168,-2.238339345941843,1.0061093748911435e-13
50,169,-1.8250408278143646,7.10698204845919e-09
50,170,-2.27681329756634,2.158244974079847e-11
50,171,-2.143225511561318,9.913160391956396e-11
50,172,-2.04303927186427,4.368482011020318e-12
50,173,-2.433706216652981,3.340256065514424e-15
50,174,-1.7807234103714285,8.161657055302946e-07
50,175,-1.9073152800647417,3.7399898763596826e-13
50,176,-1.853810503753798,5.276764858890779e-11
50,177,-2.242998575825502,1.3592866305992203e-11
50,178,-1.7514793309031491,2.089487557825458e-07
50,179,-2.2563961716557897,1.3677053195212545e-14
50,180,-1.6764153639103911,3.9613250512145946e-07
50,181,-2.200314609455992,4.386364532156379e-11
50,182,-2.3623510915056425,4.847509815933021e-15
50,183,-1.6121658195608282,2.2839102785446614e-08
50,184,-2.3296354373696735,2.4066541441421105e-12
50,185,-2.3771150083928765,3.0625055806025444e-14
50,186,-2.072310235255445,4.686775430305617e-12
50,187,-2.0488456413935925,1.4563910080691215e-13
50,188,-2.4005902952875413,1.6187107173986545e-10
50,189,-1.982665700507754,1.4748504058485766e-13
50,190,-2.1908070683796863,2.9981624733515473e-10
50,191,-1.6337883553347758,5.696026517174244e-10
50,192,-2.157999476130411,1.2991931762828278e-13
50,193,-2.1248645224006752,2.3829739873358117e-11
50,194,-2.0310475889220188,3.290601481299797e-11
50,195,-2.102677918879202,3.938559836094578e-12
50,196,-1.6587546806881885,9.948188809366114e-08
50,197,-1.1122644137904345,4.434779412655353e-05
50,198,-2.017247745193199,4.940525960823642e-10
50,199,-1.9930934598875094,1.3166142612388602e-09
50,200,-2.206243403255849,3.11876932915704e-13
50,201,-2.1153280337811413,7.520003390960728e-11
50,202,-2.4170884534604546,7.883221403833054e-12
50,203,-2.161286775408109,2.166699708838444e-13
50,204,-1.858110722063282,5.904188217923674e-11
50,205,-1.955434661647761,1.7250097417593709e-09
50,206,-2.1149791549894523,6.13386429757378e-11
50,207,-2.6254316876592076,5.250487950910634e-13
50,208,-2.0664467478325323,2.3167325214733017e-11
50,209,-1.830704655761279,2.8065074505126847e-10
50,210,-1.8841846399114583,3.83481980224165e-10
50,211,-2.5357242372012,4.87394402133529e-15
50,212,-2.0291209285906477,1.8545987316842109e-13
50,213,-1.8519391585058553,1.500335307183425e-11
50,214,-1.6416149931605961,1.9057510382907656e-07
50,215,-1.8078245854663804,3.135790933948159e-08
50,216,-2.0434050187097776,1.1112071966665204e-10
50,217,-1.8933739439225574,2.929947948289962e-10
50,218,-1.6409137062600285,1.0807224134846011e-08
50,219,-1.5585392072644995,4.449089259790118e-06
50,220,-2.1213594686072392,1.8157984107311878e-12
50,221,-2.3234725375509555,3.860530843245933e-12
50,222,-1.8764843683748431,1.6984640477517215e-10
50,223,-1.8659117416533562,6.950492554768864e-10
50,224,-1.680173806352661,2.2088128566941442e-10
50,225,-2.656182585633994,1.3985106073348831e-12
50,226,-2.1807179648511568,7.352961538737183e-12
50,227,-1.762132354006221,8.860098545463735e-09
50,228,-2.178549606136724,3.7062390672204892e-16
50,229,-1.9386821280513304,4.868213400222729e-12
50,230,-2.077599001483687,1.279534935898641e-13
50,231,-1.8360416069651135,8.423098857360583e-11
50,232,-1.9926120520794344,5.068181012185282e-10
50,233,-1.725812899465402,1.2487011568393585e-11
50,234,-2.5415400300765087,6.717920256097991e-13
50,235,-1.9595996062189407,5.530082308543782e-09
50,236,-2.25756295744761,1.8987785538696483e-12
50,237,-2.643871798029501,2.074299143101442e-15
50,238,-2.3089377565255194,3.6820263425199055e-13
50,239,-2.120924798864242,3.0702382894104965e-13
50,240,-2.150408651009182,3.477491282421138e-14
50,241,-2.1442308543936752,2.0292634065176695e-13
50,242,-2.0586092799496836,1.1481256770222223e-14
50,243,-2.1946231981742432,1.4331827578031826e-15
50,244,-2.2190747394252943,1.146149863079691e-08
50,245,-2.5063784418031503,8.784896744377845e-15
50,246,-2.170790299249142,1.406764825721897e-10
50,247,-1.926416935679642,1.0988632586413144e-12
50,248,-1.8845839721410602,1.3449193909934327e-12
50,249,-2.125132757067231,4.809852770086088e-12
50,250,-1.4812790988640607,8.498101592152137e-07
50,251,-1.9938778462496858,5.95325474253769e-11
50,252,-2.2045450792317913,3.1906914702811715e-13
50,253,-1.9488996947158759,1.500920578160844e-09
50,254,-2.1012693581735067,1.1135418274755355e-11
50,255,-1.9394452385575152,1.6518583420249323e-15
50,256,-1.761317048213206,4.917490558018222e-12
50,257,-2.376139114181708,7.24934763356753e-10
50,258,-2.2824022621967446,1.0471353856833128e-13
50,259,-2.3908682253740494,6.5473975711634454e-12
50,260,-1.8737235269641959,1.045927222441738e-10
50,261,-2.4990845839641365,4.9565606759022604e-11
50,262,-2.211057608538097,7.265744873810016e-13
50,263,-1.826089768617023,7.195496718694488e-13
50,264,-2.2310881345840006,1.0188580276815173e-11
50,265,-2.3837040874278124,3.533161595841177e-13
50,266,-1.3887963128595437,3.702827715290049e-09
50,267,-1.6646871137416586,5.99217032937852e-09
50,268,-2.3484405946954983,8.831212983088496e-17
50,269,-1.9150915611826553,2.575848883983292e-09
50,270,-2.4960982339037416,1.8618193085672392e-11
50,271,-2.2811542824389424,3.2038683208015947e-12
50,272,-1.8785583275345736,6.075029371532329e-13
50,273,-2.029143941195544,8.535347379369846e-13
50,274,-1.3758962855097625,1.3876441704725444e-06
50,275,-2.215542467997558,3.844756999598941e-15
50,276,-2.279341184986201,4.698146756619042e-15
50,277,-1.7645567059390945,5.509892285959107e-09
50,278,-1.8210776301142975,3.116779584618632e-08
50,279,-2.0739032293886206,1.7808406881216724e-11
50,280,-1.6858288708402078,1.977045165295322e-09
50,281,-2.4479599003636157,1.578223407607172e-13
50,282,-2.200986608422097,1.9967325455952268e-11
50,283,-1.8878660715836846,1.6681224029041432e-10
50,284,-1.9544896188450531,6.747776641196776e-10
50,285,-1.8055820981821427,4.766963526105879e-09
50,286,-2.014707321919956,3.960175973832807e-12
50,287,-1.9824349941914265,2.4334052796409905e-11
50,288,-1.8075405496455481,1.232644044831111e-09
50,289,-1.870940458426471,4.31912619375626e-09
50,290,-2.1036010251917387,5.207527019392751e-15
50,291,-2.1434266040369785,5.375867098640526e-10
50,292,-1.8218483565791432,4.503587307700046e-09
50,293,-2.003835459839731,7.361668541554638e-16
50,294,-1.7075730797814481,1.5841731169904714e-10
50,295,-2.318250584648987,2.9282351934263526e-12
50,296,-1.7163886550347893,1.0217993350334243e-09
50,297,-1.8247414376597675,7.441080927055044e-08
50,298,-2.1167291627468234,7.414314281653922e-10
50,299,-2.1745895982078443,3.947582994544544e-11
50,300,-1.989295987394084,8.187294027572508e-12
50,301,-2.1397969826584635,3.4325595716160716e-14
50,302,-2.3332741368881065,1.2569809326091638e-09
50,303,-2.170585176159017,1.0856503407036476e-14
50,304,-1.7776713134641309,2.470937514324395e-08
50,305,-2.190311911004943,4.804711825667501e-10
50,306,-1.7152468877704345,2.6175504588521316e-10
50,307,-2.008930813251304,3.159915036680897e-13
50,308,-2.5532426774230577,1.8273104721267007e-13
50,309,-2.140984508243455,1.2163213776202822e-14
50,310,-2.1191177414074645,6.193755262317456e-13
50,311,-2.302396716883215,6.28036793047589e-16
50,312,-1.941749305096316,4.693661128556e-12
50,313,-1.983448814965218,5.820549803942287e-08
50,314,-2.235295451666504,9.307054574250109e-11
50,315,-1.8677852259083263,2.698449135730836e-09
50,316,-1.821850005398625,5.3233299522964616e-11
50,317,-1.6124819053698705,4.049836133791157e-08
50,318,-1.8706705206582477,3.4216729464880554e-10
50,319,-2.1388519209796124,2.1008832438792916e-14
50,320,-2.535134355574198,1.2584746663290918e-12
50,321,-2.0285279255014688,2.055308020927562e-09
50,322,-1.9427488059788471,8.340985268154543e-13
50,323,-2.116099306553407,3.1391360966633684e-13
50,324,-2.0914333775846563,2.693117181885037e-13
50,325,-2.1416025540540877,3.063446368011019e-11
50,326,-1.6149736287337468,4.0718306169868176e-11
50,327,-2.0134375222671794,2.793224806110321e-10
50,328,-1.949616133379156,9.065300829657044e-12
50,329,-1.9255117177172645,4.418484815432357e-12
50,330,-1.8206216815789658,2.7698356568094346e-09
50,331,-2.1110852258027144,6.442192895650664e-11
50,332,-1.9547038419446654,1.4231223678832747e-10
50,333,-2.0338931002224605,4.010540202351213e-12
50,334,-1.892084577218112,4.951810183150531e-10
50,335,-2.3624933274712268,4.175747386441532e-14
50,336,-2.4259444855169976,8.060359947983502e-14
50,337,-1.997025167050415,9.20018024518589e-13
50,338,-2.2168007974553046,8.444766945847471e-10
50,339,-1.8484968408625067,1.1205814948284674e-09
50,340,-2.1170752543098477,1.724230850497373e-12
50,341,-2.6013809655157702,1.7488165756053405e-13
50,342,-1.99898135036831,1.174312217249705e-11
50,343,-2.311297801298669,2.0143281259574195e-13
50,344,-2.38093190145464,2.0855983828872e-12
50,345,-1.966646122063036,2.7537650935060383e-11
50,346,-1.9074793164059036,5.380221189213542e-09
50,347,-1.7340254087086322,5.546949140109347e-12
50,348,-1.999600057347962,5.2287955318426864e-11
50,349,-1.8069611746219332,1.7832838941577757e-07
50,350,-1.7727231832450059,1.1245037715792917e-08
50,351,-2.0145648591992504,3.584564727773229e-11
50,352,-2.4458415141659158,1.5390506640652585e-14
50,353,-1.6874745611298234,2.5363491263866634e-07
50,354,-1.76416155715566,1.4906990507689303e-09
50,355,-2.360477336986989,2.2917455469527236e-13
50,356,-1.8264483917233738,1.35103517019494e-09
50,357,-2.1547411659427933,7.377343982591244e-13
50,358,-1.6885999854788984,5.130677943216803e-08
50,359,-1.9640527021747811,1.1713802778127515e-11
50,360,-2.0339894993067347,3.6514370353112416e-08
50,361,-1.9630746967353225,1.489104478637929e-09
50,362,-2.343533776852272,1.2151760451164164e-16
50,363,-2.2849928422898556,6.586412621789872e-17
50,364,-2.171792009206965,4.462408889353094e-13
50,365,-1.9566418753852775,4.352130581596918e-09
50,366,-2.0587716749846754,4.414157169676222e-13
50,367,-1.9379739797697342,2.894433428359157e-12
50,368,-2.511184083548967,1.1538861099150714e-13
50,369,-1.7585438259740034,1.879468212587442e-08
50,370,-2.003654264132601,9.418251454519828e-11
50,371,-2.3505741978476706,1.971394632862944e-13
50,372,-1.6002946188142166,1.0903009793014718e-08
50,373,-2.1007883521575565,7.439894534707165e-12
50,374,-1.9913857019809376,2.8931236575015004e-12
50,375,-1.8696353308327667,8.488665614516634e-12
50,376,-1.4595999954893957,2.1193969456297987e-07
50,377,-1.971011625215203,6.935691955651189e-10
50,378,-1.7175551637869164,8.67797398891279e-08
50,379,-2.0809334074400763,4.160724693225044e-11
50,380,-1.7628773569205753,3.782970215874894e-10
50,381,-1.8891772998771108,1.2866354414950483e-10
50,382,-2.401690986397175,3.452933598102266e-12
50,383,-1.5640462019689387,1.3372622507322048e-08
50,384,-2.4929488153992287,1.4858374131373224e-12
50,385,-2.1384053853652114,1.347513354105983e-12
50,386,-2.12443098562387,2.1377973926686267e-11
50,387,-1.828359649982632,1.5514338322471596e-10
50,388,-2.1158375676723313,5.193765112330969e-14
50,389,-2.3988200799558967,9.366799871625542e-15
50,390,-2.0774539721752383,9.941481898222837e-11
50,391,-1.9563341485858294,3.244593607203174e-10
50,392,-1.9033833816746641,3.805739447674257e-12
50,393,-1.949705716725875,1.3968306113682447e-13
50,394,-2.5561032153741534,2.2455070298043107e-16
50,395,-1.948998923410132,1.7695838011725394e-11
50,396,-1.8684677264459815,7.116200823734528e-10
50,397,-1.7022512353323833,5.656812303884419e-10
50,398,-1.9451411628225177,2.211887805275986e-10
50,399,-2.2290742552544636,1.067348966017259e-08
50,400,-2.208154528862897,1.5965701670167335e-11
50,401,-2.1913405866425277,1.8283360900191847e-14
50,402,-1.8610174875807761,1.335396300786549e-11
50,403,-1.9123920707529898,2.6881931720602934e-13
50,404,-2.331956315399533,8.917605775247722e-15
50,405,-1.824993770155956,3.855307642689294e-10
50,406,-1.904482963063601,3.682349561076593e-11
50,407,-2.2039552915681986,2.1052830886222226e-14
50,408,-2.1633151058052293,1.1062056938111371e-10
50,409,-1.899603969196348,5.370447738895934e-12
50,410,-2.1148346975913253,2.776639257265697e-12
50,411,-1.7932186821525073,4.733419538204088e-11
50,412,-2.0157214787896525,5.42362692502757e-14
50,413,-2.174004380274319,1.4526779170269648e-12
50,414,-1.857804549879556,1.0089238928777896e-10
50,415,-2.1241296400882996,9.4817127216212e-12
50,416,-1.6725234399647846,1.2664351130198253e-10
50,417,-2.5735600676600745,2.563007270842192e-12
50,418,-1.7595842447380692,7.028420992614716e-09
50,419,-1.6683835629868131,6.66098494963271e-08
50,420,-1.8785139304637735,1.4627059868242005e-10
50,421,-1.9844991523266406,2.8187517530541515e-07
50,422,-1.7119355633003392,1.4008706342716978e-09
50,423,-1.7954070847493258,1.2145990383886082e-12
50,424,-1.9667433164292225,2.3583928381723267e-11
50,425,-1.624238712820686,2.2554200354346382e-09
50,426,-1.847633931485496,5.591986753796702e-09
50,427,-1.9351839387039718,8.968368848218353e-10
50,428,-2.025544911127234,3.6203289371664946e-13
50,429,-2.458793152662909,8.602627985789182e-13
50,430,-2.4145588067965917,1.5398795856777326e-18
50,431,-1.6834669918211729,1.960273951433284e-08
50,432,-2.160751880879836,1.9297684995437524e-10
50,433,-2.474941330324736,1.884626614368348e-12
50,434,-1.9825830650590976,4.213183486541033e-11
50,435,-2.0333842590721067,5.4496587579708535e-12
50,436,-1.7098600244581244,3.0571558921900307e-07
50,437,-1.948353524695353,7.75659930228618e-10
50,438,-1.7552460192670614,9.313935794321572e-08
50,439,-2.3203133229354105,6.863165516709463e-14
50,440,-1.8675103023714437,4.505704818376462e-10
50,441,-2.0847485084345454,1.7530128289541658e-13
50,442,-2.526908968297599,5.735031360627654e-10
50,443,-2.554527535393608,1.274133731191187e-12
50,444,-2.13590841172607,3.8956669698532227e-11
50,445,-2.3006896559691947,5.853315429435891e-12
50,446,-2.1086960480498753,2.9883367974514266e-12
50,447,-2.0174400066712543,8.905036363825744e-12
50,448,-2.066340610865776,1.4507756104479768e-13
50,449,-1.9298449670997684,5.433236449151258e-08
50,450,-2.12060534827454,1.4264990873917758e-14
50,451,-2.278197267414436,4.962976294167784e-10
50,452,-2.1369574667068987,1.5031333317008377e-14
50,453,-1.9653344929766332,5.7971506993257454e-12
50,454,-1.964157727752152,3.309182259938623e-11
50,455,-2.2871926075654194,3.879562304651161e-11
50,456,-1.7934191191896893,2.7481641998238793e-11
50,457,-2.3508330479809336,1.490828462659049e-11
50,458,-2.254414440379791,5.83864170579454e-12
50,459,-1.6155425036933,8.155932420267028e-10
50,460,-2.1573430269264557,2.2344010530333255e-12
50,461,-2.4937748572199574,3.153326584716457e-11
50,462,-1.8840290100887653,1.7765497594114812e-08
50,463,-2.2916486130055773,1.2163666067163082e-12
50,464,-1.9538940850157678,9.277338712759359e-12
50,465,-2.170017665550094,1.5424660235817026e-14
50,466,-1.8654207028546255,2.6917874924284266e-09
50,467,-2.3795010466560913,1.6514729616986442e-14
50,468,-2.063544403451912,9.493385369447773e-12
50,469,-2.141671254414949,4.02422214151237e-09
50,470,-1.981168838578058,6.750600196169574e-14
50,471,-2.281992055431737,9.867443118418564e-13
50,472,-1.827449615614035,7.91933125837642e-11
50,473,-1.8573252655782833,5.239405314611359e-09
50,474,-1.8074194497779414,3.731522935740461e-08
50,475,-1.835854175281474,5.830501795358185e-12
50,476,-2.093337808531084,2.719997182776256e-09
50,477,-1.684182777441766,4.10223430980017e-07
50,478,-1.9813545838164046,8.852040270339345e-10
50,479,-2.053600820443874,5.893192293805635e-13
50,480,-2.2618792572372755,2.6998969293203296e-10
50,481,-1.9323004756150146,1.2630333254068992e-10
50,482,-2.5174812379691787,6.559591671271121e-12
50,483,-2.0060702740857757,2.643798289915827e-10
50,484,-1.6172309789261474,1.7103937436425403e-12
50,485,-2.1751134403927104,2.038817938927217e-12
50,486,-1.6863397604623827,4.649817473762165e-09
50,487,-2.0915686805267546,1.2158587491400912e-13
50,488,-2.016797337434057,1.1595294023150743e-09
50,489,-1.7157955608894753,1.2376545905626972e-07
50,490,-2.245800978576451,3.0059521155193344e-11
50,491,-1.9447879634981904,1.3110550955132243e-10
50,492,-1.7735399718510783,5.483250173241732e-13
50,493,-2.1554761413222225,1.0800282060438692e-12
50,494,-1.9606113852212648,3.2320290847533664e-12
50,495,-1.8487568766933693,4.2047527120733773e-10
50,496,-1.934755318569751,3.2733182676896595e-12
50,497,-2.1711539628899903,5.9183931819216765e-12
50,498,-2.1215224050833017,1.8914482266002872e-11
50,499,-2.1665201665885547,1.4982309237144268e-13
50,500,-1.5830974481644517,1.0384495221426259e-06
50,501,-2.1133824246291484,1.874832315229557e-11
50,502,-1.8126560339605655,1.2983216246718763e-10
50,503,-1.7403494594983053,1.9368614219625437e-07
50,504,-2.0626202994756824,4.3006585544127706e-11
50,505,-1.8955565359610436,2.799685868162017e-10
50,506,-1.825523660580548,1.2392584853290965e-10
50,507,-2.5986458961805603,2.928568433637654e-13
50,508,-2.134774749226952,4.484328739151247e-17
50,509,-1.9478185354071504,7.692168349376462e-12
50,510,-1.475110685047441,2.2873193409730586e-07
50,511,-1.8854870354756432,9.057997603636769e-13
50,512,-1.9439032199588997,3.5019978943960757e-12
50,513,-2.190737905767987,1.3912925344618827e-10
50,514,-2.140381745398866,2.7146374456447557e-11
50,515,-1.8648003528030301,9.347555860552604e-10
50,516,-2.137600742282578,1.9972888692754186e-12
50,517,-2.75793138599218,1.6704858790205197e-14
50,518,-2.099349255135034,3.0412402181502665e-13
50,519,-1.6941378321997087,4.232976523622189e-12
50,520,-2.208648819634803,1.1596379646673602e-13
50,521,-1.5556569203263724,1.0941188604008256e-06
50,522,-1.7487939075032521,6.25180911286561e-10
50,523,-2.0096049408501306,2.9345771264222673e-12
50,524,-2.306863183828426,1.0917950777189982e-13
50,525,-2.0186450275915497,1.6527871058762597e-13
50,526,-2.008162271955011,7.63722282410333e-10
50,527,-1.8442404003371937,5.394494850039682e-10
50,528,-2.108709199168617,8.95535601067886e-13
50,529,-1.8874072541902214,4.8797291054821094e-11
50,530,-1.849705289225322,5.527811806858662e-09
50,531,-1.5064691505097763,1.2451414432716268e-06
50,532,-2.0577261983671518,5.086943321135795e-10
50,533,-2.2199221514863874,4.368541988871644e-11
50,534,-2.1539944306448273,2.0830045472327947e-11
50,535,-1.797222305118832,8.443748259969089e-09
50,536,-2.0869954671550275,1.6083399986346633e-10
50,537,-1.88328323715524,8.972747892926168e-09
50,538,-2.1859863593035493,7.403578502721319e-09
50,539,-2.1757877485978128,1.938161879553608e-15
50,540,-2.226881180453162,4.167926655303441e-15
50,541,-2.3833309430369263,9.270980378294054e-16
50,542,-2.2214176905982264,5.005864397065354e-13
50,543,-2.2728837358431107,3.5670474624386307e-12
50,544,-1.8457404669851405,4.770119220997839e-12
50,545,-2.294691275335654,3.023822355401892e-12
50,546,-2.266948230124391,1.3091934691850151e-13
50,547,-2.4077086337890803,2.2060572853036376e-12
50,548,-1.772633148623334,1.1589080896154371e-10
50,549,-1.7450610605302046,1.670719355011117e-08
50,550,-2.2072050766947537,7.49805222806132e-11
50,551,-1.6584198109742259,8.879355716564615e-09
50,552,-2.4407297472179836,1.0839357922229163e-11
50,553,-2.1302235143491135,8.718559436965518e-11
50,554,-1.6747482951867454,1.4100656132574597e-08
50,555,-1.736748222243417,5.2913762170994104e-12
50,556,-1.81479624194027,1.3923423495178818e-07
50,557,-2.0902447332353873,4.942799553758439e-12
50,558,-1.9844027927053993,1.9203828473704207e-12
50,559,-2.3387412672428307,1.7682524270857458e-13
50,560,-1.7650136761369808,4.959646199540373e-09
50,561,-1.7677391489464664,5.321114885442446e-09
50,562,-2.62774738913002,7.27822207014297e-11
50,563,-2.1625900661130624,5.423151586549626e-12
50,564,-1.9669189428341172,7.08417074209828e-12
50,565,-2.2461893356093974,8.73533295135155e-15
50,566,-1.7265727769157388,9.10701786602786e-10
50,567,-2.3487445937028752,1.185943826761013e-13
50,568,-2.1567349955377226,1.8756048699084393e-14
50,569,-2.1297690200088417,2.2667181815986038e-14
50,570,-2.144108251259185,1.3761493380424016e-09
50,571,-2.1709826191127055,1.746330667328481e-11
50,572,-2.2085263619745565,8.49530803006188e-12
50,573,-2.6229425915496822,1.4015354533867326e-15
50,574,-1.9038589546500404,6.951679783327191e-11
50,575,-1.7687075155553895,6.077741376982683e-13
50,576,-2.2660085217036885,1.7531860881091473e-13
50,577,-2.296609656888226,3.887202189554211e-14
50,578,-2.145458445564258,1.1128490593445952e-10
50,579,-1.8291022793469542,7.762878926238039e-13
50,580,-2.030499691325538,2.0816910412405498e-14
50,581,-1.5819969048767861,4.434646985075684e-06
50,582,-1.4525706134103142,3.396899943771174e-07
50,583,-2.2739562174130903,1.3059132854001375e-10
50,584,-1.974677777808966,2.8757737249813284e-14
50,585,-2.0276175768743174,1.143968574207497e-10
50,586,-1.9570261055836413,3.5918022417617467e-11
50,587,-2.01526296834433,6.106691172957304e-13
50,588,-1.8001662429324927,1.7566417155157318e-11
50,589,-1.9008745677383372,3.9538639687081395e-10
50,590,-1.6589629626443525,4.242485021768034e-08
50,591,-1.7897875008612543,1.2479730852212613e-09
50,592,-2.288249001705581,6.681130723024782e-16
50,593,-2.2424826874531014,7.141011423939309e-16
50,594,-2.3573496569698023,1.4285290427759917e-13
50,595,-1.649950265626381,4.0271475928072836e-07
50,596,-1.6798281326161026,1.7013320819741472e-10
50,597,-2.236342246165471,7.735060460177524e-14
50,598,-1.8621656850361727,5.909690767712395e-08
50,599,-2.1438367939166474,3.893206756711411e-10
50,600,-1.9612635030820318,1.0794813532561589e-11
50,601,-2.0642133034630463,8.560799620210751e-10
50,602,-1.6855178770096186,2.348463558841166e-10
50,603,-1.933427228745174,3.5672272491704695e-12
50,604,-2.2204530047567763,2.5406570542042907e-09
50,605,-1.8708562021152426,1.5550485706303795e-11
50,606,-2.0811603265465237,1.709317964996574e-12
50,607,-1.9001342306047144,1.5941992854518043e-12
50,608,-2.243996218320306,1.0704742271649963e-11
50,609,-1.874188060442239,5.973315485651969e-09
50,610,-2.191063762099213,2.8792456261905627e-12
50,611,-1.9093820364808032,1.762770091782114e-08
50,612,-1.9590053690246476,6.712521994635162e-11
50,613,-1.8051325915680696,1.5663830456652136e-07
50,614,-2.091725978967978,9.487789616236201e-10
50,615,-1.9894533686662763,1.0288286968831885e-09
50,616,-2.077829292891577,1.812478889134063e-16
50,617,-2.2795684559852196,7.700612582206179e-13
50,618,-1.993853074834349,7.368274783904408e-13
50,619,-1.7799264187042345,4.009538492992473e-08
50,620,-1.87572721274225,2.6989635145305255e-11
50,621,-1.921782586205885,1.6798105809156767e-08
50,622,-1.6314013789588007,1.9416817503932787e-06
50,623,-2.092624971084663,4.823043678595305e-13
50,624,-2.0917254822363844,3.3313517423686226e-10
50,625,-2.214348500107688,1.6391673099905882e-09
50,626,-2.2524316204072425,1.2006850340323756e-08
50,627,-1.8401828830056663,3.6931304834617423e-09
50,628,-1.9375739223871191,4.453273146961393e-11
50,629,-1.8033995177520534,1.1362972813277002e-08
50,630,-2.075825354379214,2.351697333129744e-10
50,631,-2.147578506801557,7.643119596937623e-11
50,632,-1.963836997266137,5.585397245389046e-08
50,633,-2.0221220102171493,8.610563957008946e-10
50,634,-2.3334446868004974,9.567358645286361e-14
50,635,-2.231544686465532,8.971472192768685e-13
50,636,-2.320814543906578,5.647235725272075e-15
50,637,-2.06976157029314,1.8976933756266625e-10
50,638,-2.194025217198133,3.0841530208726045e-14
50,639,-2.264789063788008,9.10170668837964e-15
50,640,-2.5177419968444736,5.767594633927784e-14
50,641,-2.2764000944566667,5.762084948392072e-12
50,642,-2.3305176500902194,2.286180162349974e-12
50,643,-1.8248053442730408,6.625127164515054e-13
50,644,-1.5783927237725361,2.355063340257688e-07
50,645,-2.528701992315778,6.182956400706383e-15
50,646,-2.1788781447019456,1.2086460477636922e-12
50,647,-2.1362535379448824,5.347802939686145e-10
50,648,-2.370937597849581,1.894724702346058e-10
50,649,-1.9636771321637152,3.779687711830789e-11
50,650,-2.3907204717117354,8.942051474118593e-14
50,651,-2.465732324672815,5.5060175899556006e-12
50,652,-2.2543108170976476,1.7125917160838655e-12
50,653,-1.666232395902532,5.141536983075013e-09
50,654,-2.156993212223094,1.0338939109062165e-10
50,655,-1.5875677413045581,1.2316478441529013e-07
50,656,-1.8805283204568397,1.7874765058103546e-08
50,657,-2.3718445252726723,4.768674559241098e-18
50,658,-2.34073106463192,8.119240190800766e-17
50,659,-2.4931231978882624,1.672096275908528e-11
50,660,-2.656428257198175,4.363015673148586e-13
50,661,-1.8650025469462257,3.655056363498666e-11
50,662,-2.6476761513719573,3.0142772004927117e-15
50,663,-2.034225376330885,4.400796481123324e-11
50,664,-2.1558524018123117,2.602042045939167e-10
50,665,-1.9501198185122668,4.1017662217727825e-10
50,666,-1.9520481058239412,3.132755774078843e-11
50,667,-2.2019585774742874,1.1623812500847209e-10
50,668,-2.0703971984525094,3.764830266575028e-12
50,669,-2.6687885892192935,1.6109883354437007e-21
50,670,-1.6113537332693042,3.825510283058325e-09
50,671,-1.9590643554457348,2.621406325593787e-08
50,672,-1.8859015677653277,2.164367711981984e-09
50,673,-2.179378097419141,4.002739781876146e-09
50,674,-2.1819786682570737,1.4688504234805189e-12
50,675,-1.7959061112210417,3.654585531240385e-08
50,676,-1.9445240063451346,1.6822017567721945e-09
50,677,-2.057202942846219,3.10896136243264e-11
50,678,-2.07113817597915,5.028173425622384e-11
50,679,-1.6669066577529597,1.555235060529489e-08
50,680,-1.668308909500439,1.82132861680634e-08
50,681,-1.9546700406395,1.1783827327348312e-12
50,682,-2.159754220790492,5.33015478444193e-11
50,683,-1.7862121082222249,1.2690293493219222e-10
50,684,-2.038929832942932,6.098550742759191e-11
50,685,-2.1878892012296243,1.4723974082275182e-12
50,686,-1.4657161083106036,4.5969419652853197e-07
50,687,-2.4299295438660717,1.4698701391608625e-12
50,688,-1.9004733312948847,4.503612509714861e-11
50,689,-1.9213485079226187,3.299323170292476e-10
50,690,-1.7221260819530686,2.2118537962495256e-11
50,691,-1.521295772210829,2.8076881208072964e-08
50,692,-2.0570276524522573,8.969063932284254e-13
50,693,-1.827413255470404,6.013273103089119e-12
50,694,-1.6734693598652637,6.483125102879392e-08
50,695,-2.1302041934623768,1.1255286695279506e-12
50,696,-2.109333137679437,6.942376908909785e-12
50,697,-2.27472662522735,2.652403924241351e-13
50,698,-2.276673566668207,4.340339294199304e-14
50,699,-1.8919018469743527,1.1021668515731416e-09
50,700,-1.721845897917187,1.908882641863605e-09
50,701,-2.5688624314190323,6.919397462553721e-14
50,702,-1.6900645742526237,1.6888119168915955e-07
50,703,-2.160958374957771,5.8156563238276595e-12
50,704,-2.1599759215224115,5.102575266373199e-11
50,705,-2.242266919977319,4.5192455242757265e-15
50,706,-1.98364620472322,8.760121479480112e-11
50,707,-1.654335306604203,1.4407162283542259e-12
50,708,-2.267735050472103,3.039468407423694e-11
50,709,-2.1885614099835324,1.4259178970950411e-11
50,710,-2.3239546621001885,6.121392604460784e-13
50,711,-2.194450449154669,1.2792556280930915e-12
50,712,-1.8828452542735912,2.2212515016836426e-10
50,713,-1.8920226672131681,2.814441296880967e-10
50,714,-2.00836032772664,6.193602374535684e-13
50,715,-1.899446454975604,4.6100535277409697e-10
50,716,-2.1452855360019534,2.1292725169996504e-14
50,717,-1.6688072318307086,4.0124659818080115e-09
50,718,-1.5533824022056368,1.3052874950388581e-09
50,719,-1.9282396695706723,9.266700285942796e-15
50,720,-1.7259018153179464,1.405860973777981e-08
50,721,-1.7437249978858143,1.0538307246100114e-07
50,722,-1.986021381600243,6.188726445391462e-13
50,723,-2.325436131878769,4.0501072420207224e-13
50,724,-1.9802274916819789,4.361860118440555e-15
50,725,-2.0467744863230815,6.1499997509526416e-12
50,726,-1.901092499647449,1.5366470643441891e-15
50,727,-2.0806507520398494,1.7133461255736303e-16
50,728,-1.5969880472353974,5.3520213688351175e-09
50,729,-2.1155812431308663,3.7714217245578375e-10
50,730,-1.5907196079008106,8.145409496772038e-06
50,731,-1.5927794680044096,9.249805194849006e-10
50,732,-2.3144677272555265,3.3379292296014845e-11
50,733,-2.258909136450563,2.5812691417364886e-12
50,734,-1.8404721859284985,3.8671091380187326e-07
50,735,-1.7990146003320824,2.4288879338331023e-08
50,736,-2.2896800465017986,1.6097981641785895e-15
50,737,-2.0949728549194244,7.63615957556641e-12
50,738,-2.1749805023062,1.0288479549035387e-09
50,739,-1.8255735542178497,2.364805396096647e-12
50,740,-1.7070047891513802,1.1197236724728704e-08
50,741,-1.8652813325849964,9.949028311339417e-11
50,742,-1.8788981388193564,1.2542876734638824e-08
50,743,-1.9738458743708014,7.630017702304382e-12
50,744,-2.2338705625210746,1.7553556524776703e-12
50,745,-2.4062455216027416,3.0958488051889524e-13
50,746,-1.8286007513678815,7.783802564343072e-13
50,747,-2.3341410297179586,8.29205577059643e-14
50,748,-2.1754120708710856,3.310563452459555e-11
50,749,-2.0823083441172674,2.1745194776114137e-13
50,750,-2.529560774384348,1.3579497821079843e-14
50,751,-2.1173829594804157,4.421506362052413e-10
50,752,-1.7702395757681462,3.189194244685167e-08
50,753,-1.833480787827007,5.300731962645927e-16
50,754,-1.9251221192798056,3.9814831191899164e-08
50,755,-2.0215742850494314,2.972197759355845e-09
50,756,-2.959925842960331,2.3655950377967425e-13
50,757,-2.3475264378161453,8.795976330085333e-17
50,758,-1.963019471093041,9.50400237423911e-08
50,759,-2.5828333211680947,3.1868748846816564e-17
50,760,-1.5115332237883043,4.8843798873139276e-08
50,761,-1.796962187802846,4.347341296542555e-10
50,762,-1.7351116479546365,9.944077910516775e-08
50,763,-1.9245463656843684,2.1196412353236058e-15
50,764,-1.61519368335063,4.033583489446254e-10
50,765,-1.7352876582566674,1.7153751027467825e-10
50,766,-1.9140988232289446,3.1955922172625094e-10
50,767,-2.0993055534361726,2.2805310254746023e-10
50,768,-2.16577302282713,4.2010097617090545e-12
50,769,-2.0559357109157164,7.654365213615207e-14
50,770,-2.12295530836953,1.8634995846880177e-12
50,771,-2.0262457122144077,5.464971226486673e-11
50,772,-2.321535544132626,1.3737802808870262e-16
50,773,-2.112920508080479,1.441514550665147e-12
50,774,-1.9669388426546286,1.0759494988421098e-11
50,775,-2.0115972545350838,9.33210029813977e-13
50,776,-2.2309811357962213,3.6405859931670185e-16
50,777,-1.6795198182833495,1.331732995786669e-11
50,778,-1.6416470732851618,1.2600613233191916e-08
50,779,-1.9805839358459956,1.9964222699957934e-12
50,780,-1.6129579336494437,4.2595782054700034e-08
50,781,-1.9938158168337896,3.2243040410488267e-10
50,782,-1.8879213481927577,3.112449018792855e-10
50,783,-2.2233866187792657,7.609708593998651e-10
50,784,-2.1478855946145456,4.899714846658113e-08
50,785,-2.270068623514688,4.279788632972958e-13
50,786,-1.7829637792446835,7.258708005391673e-13
50,787,-2.211079955956805,2.4157252588747446e-11
50,788,-1.7334218469361122,4.051681463113081e-12
50,789,-2.341231248057734,4.791280604799612e-11
50,790,-2.298130493667487,1.972754160042212e-14
50,791,-2.132349293280404,1.4192970078460988e-12
50,792,-2.2823465288236435,1.734940554947567e-11
50,793,-1.9746872133748372,1.0999305734326105e-09
50,794,-2.0831299349200023,4.6526527430622387e-17
50,795,-2.0533695041742,2.5905844941846976e-12
50,796,-2.0702460949806367,2.313975603371967e-10
50,797,-2.216918331007361,2.975367813516574e-10
50,798,-2.5751570024263444,3.040413786223244e-15
50,799,-1.892442195739907,6.840201243400026e-15
50,800,-1.5572959382767593,1.1835162317360616e-07
50,801,-2.2271123130733796,1.8594813758731484e-09
50,802,-1.8340232998113324,4.342239647892639e-10
50,803,-1.9139196287551963,4.0883542178246935e-11
50,804,-1.6293033875408334,1.7739443244976718e-08
50,805,-1.7206356159740501,7.318916968074673e-11
50,806,-1.8657089050488525,9.919653524596916e-09
50,807,-2.08798949151348,4.620017658203471e-12
50,808,-2.0685307434661855,1.0202874415827424e-12
50,809,-1.7677242139744909,3.698942527749307e-12
50,810,-2.1933157487891863,1.449336388378905e-12
50,811,-2.010754540720723,2.2754413432755138e-12
50,812,-2.3151615625682167,4.614411714211627e-13
50,813,-1.927493396658278,6.099708274087957e-11
50,814,-2.412576786365327,2.1433695716265448e-12
50,815,-1.48968878928748,3.916194914302345e-06
50,816,-2.024218078395428,9.866477074601321e-08
50,817,-2.1357731944990475,9.850855873685185e-09
50,818,-2.3525087357444976,6.27330372797264e-15
50,819,-2.2944465773508886,4.266458689466472e-15
50,820,-1.815637816366583,3.6723782946440827e-10
50,821,-2.1455051286625055,4.992691423852711e-13
50,822,-2.1113187649057483,1.9523723466581675e-14
50,823,-2.2371336618477704,7.861309170849911e-14
50,824,-1.8025791173711037,1.2661041341449358e-10
50,825,-2.2862687904513086,1.60579723850074e-12
50,826,-2.1206835413524026,9.113528860012567e-14
50,827,-2.051630295229269,4.8396251713589027e-11
50,828,-2.3263796796677045,1.8288799239401372e-15
50,829,-2.225572621200161,8.785141384110021e-14
50,830,-2.0164038800128923,6.094405674919381e-12
50,831,-1.9326622993183626,4.2519909377332475e-10
50,832,-2.1482148407397013,5.808013365575115e-14
50,833,-1.8861642222515744,1.8813555737567744e-10
50,834,-2.5255581309697597,3.508596018917529e-11
50,835,-2.2299772554594197,2.5581725804465922e-12
50,836,-1.9135589601571992,4.884695585805374e-11
50,837,-1.9755601434349392,1.504404165679623e-08
50,838,-2.0595787515539876,9.157105948773962e-10
50,839,-2.2542355198086668,5.76430723564434e-12
50,840,-2.35922872080858,4.0865275870954133e-13
50,841,-2.0051361910049676,2.663976340264509e-13
50,842,-2.0538134710376594,9.554424682772289e-11
50,843,-2.395762575579276,6.342072257416738e-13
50,844,-2.3548008341668183,6.805397853252446e-14
50,845,-2.040630775976389,1.8508432044693028e-14
50,846,-1.8938419255957797,3.791872566361605e-09
50,847,-1.7371053487979173,3.4866097327202194e-08
50,848,-1.9948271626233236,1.6928647192858658e-09
50,849,-1.8855870737846647,7.366711994442663e-13
50,850,-2.579400030506194,3.832463018332616e-16
50,851,-1.9973368085473373,1.3697061489004744e-11
50,852,-2.2959966441849087,1.1392577674386088e-14
50,853,-1.6046554516943266,6.857561401242386e-09
50,854,-2.2515884379432567,1.0764327161342994e-10
50,855,-1.9007405492611529,1.8273191743330981e-10
50,856,-2.1316266129755856,1.747120264116108e-11
50,857,-1.7494549642476427,4.058555498097426e-09
50,858,-2.123490131717272,3.3345494622028085e-10
50,859,-2.1510447584110626,4.664767131481395e-11
50,860,-2.293372519543391,4.351364145033337e-15
50,861,-1.9670483036518416,2.2989309702971842e-10
50,862,-2.033562351084715,1.034924324675386e-08
50,863,-1.9139702030232284,4.5086653693935275e-10
50,864,-1.967207190210349,1.3121843678167527e-12
50,865,-2.116331531759405,4.90329332272825e-13
50,866,-1.5942825965324507,1.0294432524849868e-12
50,867,-1.9519982171492174,1.675492156852802e-14
50,868,-1.759429913850175,1.6028024973030816e-07
50,869,-1.5897784086892344,1.747324717234771e-06
50,870,-2.004505358539329,1.560590404797464e-13
50,871,-2.030319104715428,3.198293329414387e-13
50,872,-1.9751340092226357,1.1078871200216626e-11
50,873,-1.7948364958513077,3.960183428756868e-12
50,874,-2.784836551354948,3.082940985793383e-14
50,875,-1.9196699788029452,1.5498229681909698e-15
50,876,-1.8461176963570916,2.228580816325132e-09
50,877,-2.3986147660431003,2.429083666922008e-11
50,878,-1.814041284563051,1.676782908064523e-08
50,879,-1.9605602793730146,6.567582348647979e-10
50,880,-2.217086183521835,1.969061980043956e-13
50,881,-1.9993222088997724,2.345222529888594e-10
50,882,-1.9342461654466767,4.765728063243835e-10
50,883,-1.5705745554352362,9.438044886481967e-08
50,884,-1.917071317108494,1.0442252386478757e-10
50,885,-1.8373630849989322,1.7811554036403574e-09
50,886,-2.054338825955077,7.0845069233315455e-12
50,887,-2.5686318611399694,4.664307346592453e-14
50,888,-2.2896953446216326,3.6645247362143246e-13
50,889,-1.7259520648611826,1.4912984678571915e-08
50,890,-2.022880046263803,2.002496385147561e-13
50,891,-2.1837772165167557,3.0054016417515847e-13
50,892,-2.2136907352670168,2.497881380408415e-12
50,893,-1.8974535505931698,2.939524730138788e-11
50,894,-1.8949731542098673,1.3697890956012397e-07
50,895,-2.0473197937385086,4.929447753215567e-10
50,896,-1.827069441101279,1.2928125824870823e-08
50,897,-2.1639291201962534,7.894293485655175e-13
50,898,-1.7155714312127648,7.997451095977185e-10
50,899,-2.1960249482848724,1.7106435549998904e-13
50,900,-2.158307912399893,1.8102212730260456e-11
50,901,-2.0078625897848568,5.523637464380411e-10
50,902,-2.0299112564473063,4.6804760570238123e-11
50,903,-2.1725741147954,5.23985045039837e-12
50,904,-1.983363480004761,4.810853774527215e-10
50,905,-1.9455149946871746,1.9494712539213047e-12
50,906,-1.5395595826136814,7.3521817965305e-09
50,907,-2.299653173212512,4.4766103573329884e-14
50,908,-2.1634949010819104,7.172580989663841e-12
50,909,-1.8374530277672827,7.575223800220658e-11
50,910,-2.077430868832737,6.134449242779486e-13
50,911,-2.4457408124254796,4.8083166890908665e-14
50,912,-2.351495692557158,3.5565606160324925e-13
50,913,-2.2569642070367593,1.954629196388791e-11
50,914,-2.0814612430494375,2.284181859275884e-16
50,915,-2.294355232314804,1.5927270883728344e-11
50,916,-2.0335044518830427,5.275738428199451e-11
50,917,-2.2957773414581544,6.888784889537414e-14
50,918,-2.177392945082649,5.291523249793337e-12
50,919,-2.310047749819327,1.8001808047538783e-11
50,920,-2.0374968938553346,8.944941237299759e-11
50,921,-1.8051250666734955,1.1669285275115262e-07
50,922,-1.8316858925006967,1.4469441048215379e-08
50,923,-2.1574026257316756,5.563700037246257e-09
50,924,-2.2661616265837567,7.745315742411998e-15
50,925,-1.6294901141511957,1.525048325209406e-07
50,926,-2.1132172145317227,2.146151656968532e-13
50,927,-1.9047554902803654,9.174883768089256e-11
50,928,-2.132389031957513,2.827972148389348e-13
50,929,-2.2706381248107945,1.5548529816235935e-11
50,930,-1.9901687457195494,1.2122296452967403e-12
50,931,-1.9990763053085274,5.766113330208389e-14
50,932,-2.1107594170924546,1.006072441123382e-10
50,933,-1.5204700567188505,2.642548424881508e-07
50,934,-1.7583022672063553,2.464634684625203e-09
50,935,-2.521085587111158,2.8908394607246744e-15
50,936,-2.0682339512361194,4.7895607351422026e-14
50,937,-1.9841531083652821,1.994684402393733e-10
50,938,-2.111972714993773,1.4000278978773225e-11
50,939,-2.1088902630770026,1.9597522023181795e-11
50,940,-1.639721232386547,2.8275356078804275e-09
50,941,-1.979528922138952,1.8679485725596426e-07
50,942,-1.8729593921043586,4.1826848776703285e-08
50,943,-2.0816664783919814,3.2162786447110758e-09
50,944,-1.7417730648253595,1.103673338422797e-09
50,945,-2.099224079156171,2.3596715291439985e-10
50,946,-2.0427623164040494,3.6457191539766628e-09
50,947,-2.1397927628916085,2.239514789084734e-09
50,948,-2.270477721171888,8.886880827576732e-12
50,949,-2.0276221935839454,5.326005499285684e-13
50,950,-1.738116934779363,1.309973258609413e-09
50,951,-1.4875151553981976,1.4332650738053659e-06
50,952,-2.151432742320252,9.040379788564104e-10
50,953,-1.886786578287885,4.116370864552004e-09
50,954,-1.5922027410722892,7.015311319956131e-09
50,955,-2.0785529591508896,1.7802483151333534e-11
50,956,-1.8146218898711561,3.963225081638996e-10
50,957,-2.1120296501850717,3.5551986768642115e-12
50,958,-2.4582117457264205,1.205123054887046e-12
50,959,-1.7182845742261934,6.412797006045169e-12
50,960,-2.454308848584194,1.1010914546718726e-15
50,961,-2.0878058782562485,4.3304876870056365e-16
50,962,-2.197911235898049,9.86044833095351e-10
50,963,-2.182735469705746,6.688195222310385e-12
50,964,-1.9094213649330918,1.657546400245476e-10
50,965,-2.284843606654123,7.677501028240804e-12
50,966,-2.0114467807960628,2.824105269177339e-13
50,967,-1.7455894219575558,8.255573946401005e-12
50,968,-1.7289210332402334,1.6333908519956197e-08
50,969,-2.0225935471172436,6.864517237671518e-12
50,970,-2.360595358727042,2.392327125580352e-13
50,971,-2.3066191543971026,3.5950451578596663e-09
50,972,-1.942399684727226,6.317830118935302e-10
50,973,-2.1396659341205684,8.367344574996273e-12
50,974,-1.9992034363446267,1.3420762390189697e-10
50,975,-2.208474106737686,2.6078122249169063e-16
50,976,-1.8740240396901884,2.99288537370523e-13
50,977,-2.0016298921163935,6.941412948549423e-09
50,978,-1.7331509329918102,8.701377353050079e-10
50,979,-2.161920469354346,3.130210209271883e-11
50,980,-2.0557507739374303,5.756601149110831e-09
50,981,-2.041837356980653,5.449647062808529e-11
50,982,-1.978066497780719,4.51012120679103e-09
50,983,-1.9036813814742564,1.2864018767905181e-13
50,984,-1.6617867160784647,1.485860189659855e-07
50,985,-1.7452408190798385,7.321335250494879e-08
50,986,-1.5409245254040949,4.214452068131996e-09
50,987,-2.4349597836561134,3.9946113870394976e-17
50,988,-1.9489038316375842,4.493816107060079e-14
50,989,-2.218005737492348,1.2770796694242217e-10
50,990,-1.6871460052476843,3.514110492135798e-06
50,991,-2.46223658094062,1.8480549868555852e-14
50,992,-2.3606060836521197,4.920788719834182e-11
50,993,-1.6946259842498907,1.4907820601611043e-10
50,994,-1.7500989182422257,4.414849545515026e-07
50,995,-2.0606186990273496,1.9117385550218853e-13
50,996,-1.9501823694189513,3.583892616069569e-12
50,997,-1.9831518208725925,4.036636636094459e-11
50,998,-1.6445326933225575,2.0056758398896236e-09
50,999,-2.116686209171319,9.23713389525048e-11
100,0,-1.9240253868022403,5.799858482495122e-21
100,1,-1.8167644766866555,6.641548984833949e-20
100,2,-1.988957780407743,1.6192515829947847e-22
100,3,-2.0473141841976235,2.4495623769385903e-19
100,4,-2.164180535169714,6.143071272915234e-23
100,5,-2.1753130428233334,3.0953106904363605e-23
100,6,-2.133301944376628,1.158755238622765e-18
100,7,-2.085713774041663,1.269998242971031e-20
100,8,-1.9830205995119323,5.0059515565881036e-20
100,9,-2.1421408681258542,5.023865398798141e-22
100,10,-1.9588692130694287,1.4530632162777882e-19
100,11,-1.8893033572402018,7.230971370832411e-19
100,12,-2.0052866143999175,5.10534749922613e-24
100,13,-2.017787527193974,3.8457277902304545e-23
100,14,-1.8258830037754166,3.6259116860772942e-19
100,15,-1.8684879279379016,3.74715534712217e-22
100,16,-2.0300011519823666,9.237881512926115e-21
100,17,-1.9276242319544536,7.605756445353256e-19
100,18,-2.2900927161287763,9.489767816808048e-28
100,19,-1.9075691037432847,1.5730138107941836e-21
100,20,-2.234214901050536,5.4397196031542595e-24
100,21,-1.9239585036498745,1.9998883046577233e-20
100,22,-2.1464620193676947,2.3234150138843293e-25
100,23,-2.2629011105665198,1.178193787685858e-24
100,24,-1.8070755742039015,3.3369230194199558e-18
100,25,-2.0103477306686255,2.4962123907938532e-23
100,26,-2.237270045604973,1.9071369187951996e-26
100,27,-2.0685716815102335,5.200322273666301e-22
100,28,-1.9777951344417772,7.811950497214659e-21
100,29,-1.977562102673419,5.617994317211556e-20
100,30,-1.8944632264593793,3.7374973809128703e-25
100,31,-1.951439094416271,2.5110377516526433e-22
100,32,-2.1657227326648085,4.2225140417856544e-17
100,33,-1.9688533037120157,3.17196315681604e-20
100,34,-1.914943727285399,3.566072217406896e-18
100,35,-2.1237211671641107,4.594741307612171e-20
100,36,-2.199798125424757,1.2907833754011288e-24
100,37,-2.2136156765108037,3.6441898127866995e-27
100,38,-1.8054511138417872,1.3114579718476071e-18
100,39,-1.8712466716060918,3.69125018401895e-22
100,40,-2.0187933586913145,1.2766870674836442e-23
100,41,-1.9690177414811103,2.642404355663239e-23
100,42,-2.086121316698377,3.4483959116725175e-25
100,43,-1.8809957649216003,5.411590911602864e-22
100,44,-2.158595658885072,1.780790923411611e-19
100,45,-1.8906570545329178,2.552208697056494e-23
100,46,-1.9621304153122363,6.61380926708106e-23
100,47,-1.778460304977112,8.077943838881087e-18
100,48,-1.9496576399071746,6.7066954860159865e-21
100,49,-1.8878213392384637,2.1289724615451677e-16
100,50,-1.9172374479159071,4.5755275591888025e-22
100,51,-2.0394316324592747,4.813462229877685e-21
100,52,-2.1689611483076714,2.8958482836402612e-21
100,53,-1.9467596736406723,2.736232763854899e-19
100,54,-1.8023888656738354,1.979111283385486e-16
100,55,-1.8706942517139282,5.780208608581849e-22
100,56,-1.9537779440496523,3.806039059051081e-22
100,57,-2.039073042884807,2.9481490077164002e-24
100,58,-2.216010788402806,9.861422759900866e-26
100,59,-1.9944431919930636,2.937669352195018e-20
100,60,-2.044631558491517,1.0539684826576648e-19
100,61,-2.071730587079678,2.035363871143926e-24
100,62,-1.7028997909776367,2.610573649885029e-16
100,63,-2.234138965580579,4.0231580531207214e-24
100,64,-2.143302072731088,2.0973138213938333e-28
100,65,-2.013529944736394,1.4267567747494212e-22
100,66,-1.9841672637299936,9.65709619954303e-19
100,67,-1.9479211644112198,3.2447458186928234e-23
100,68,-2.1033896090237443,3.916340868484376e-23
100,69,-2.330529500235688,1.7080316993301158e-24
100,70,-2.237977738981513,5.1729515982761884e-24
100,71,-2.001244479785467,3.279456251155527e-26
100,72,-1.9802001440849821,3.682432974812711e-21
100,73,-1.9844593597924138,6.251887825289143e-19
100,74,-2.032174660568508,1.090294184611153e-22
100,75,-2.0959583222149716,1.7388604865272775e-19
100,76,-1.9787609732282432,3.319950228267385e-22
100,77,-1.992043468814443,8.501879390125631e-18
100,78,-1.8961036426445226,6.264379864866178e-19
100,79,-2.065557704936242,5.656204268038685e-28
100,80,-1.9932077019050904,5.9616340467347356e-24
100,81,-2.0740528826926763,1.5420937067666543e-20
100,82,-2.0521096921339748,4.1045752743614687e-22
100,83,-2.084947969568335,1.7666198578319848e-22
100,84,-2.1262907527803803,1.0685089802700795e-24
100,85,-2.193125170400685,4.176519124729004e-27
100,86,-2.1121755569760063,2.5939304621070325e-23
100,87,-1.908384680707516,1.3421883241835605e-19
100,88,-2.02880766197982,1.825548025599812e-24
100,89,-1.8668938458238138,1.442298118323673e-22
100,90,-1.9608625257031855,1.3686612585098097e-22
100,91,-2.104666579810094,3.0099214884773183e-21
100,92,-2.009301959427507,7.449414279491325e-20
100,93,-1.7864879607652613,5.132208358256089e-17
100,94,-1.9754200056691555,3.7259857977142006e-19
100,95,-2.0350133539240964,1.9884638079261536e-22
100,96,-1.6904265660709328,1.8486641525663416e-15
100,97,-1.9132561394594854,1.6197687279470285e-23
100,98,-1.9968148191324646,7.59006999675247e-26
100,99,-2.0332561095778043,2.5363046594363396e-18
100,100,-1.9769386775703612,8.768177851993937e-23
100,101,-2.1186033364675145,9.410122215227128e-21
100,102,-2.072054024058356,4.526421897386813e-19
100,103,-2.008147506343824,3.2183084878772564e-17
100,104,-2.010379980631913,4.4759741867671104e-24
100,105,-1.964320562087635,5.8197523269415365e-21
100,106,-2.2476989887277314,4.51961976754861e-26
100,107,-2.1513796580755224,8.166045272995814e-30
100,108,-2.029474604047013,9.812943815119331e-19
100,109,-1.863652603429382,1.5771656846988844e-24
100,110,-2.1037779815669007,4.609114788058928e-27
100,111,-1.8961104544996132,7.453850069118239e-22
100,112,-2.2094848584246503,9.517503090723538e-24
100,113,-2.0247113800131267,4.209140225757512e-24
100,114,-2.000397212002432,6.928544052263133e-18
100,115,-1.8894861033475108,8.85487774150827e-19
100,116,-1.940846013749475,4.122679738151653e-17
100,117,-1.9950319412381665,1.4960166908428867e-20
100,118,-2.2810689418086323,2.0083087700173823e-24
100,119,-2.2424964468487296,5.337547822462966e-24
100,120,-2.120388692243906,3.094881457549189e-22
100,121,-2.2266469741752912,6.316149969797944e-25
100,122,-2.152835976582162,4.6706141320451874e-23
100,123,-1.9241159289184138,1.2504672986821565e-27
100,124,-2.146654439227553,3.4802947531488453e-22
100,125,-1.8068702824982044,5.142869115600909e-19
100,126,-1.9921100024233507,8.992278730550025e-25
100,127,-1.9280114004097522,1.7125870749322555e-21
100,128,-2.236490412815659,6.828621136448964e-25
100,129,-2.135408314574196,7.768538769535996e-29
100,130,-2.3051551944672397,1.104798439311202e-30
100,131,-2.1260941155392965,4.795257951164951e-25
100,132,-1.9492100042452147,1.8390745729947624e-21
100,133,-1.9838896735190517,1.2976534695261427e-26
100,134,-1.971240467646437,1.0554835586398525e-20
100,135,-2.202411779181304,2.1835127555994222e-25
100,136,-1.9708031095596583,4.290605049549791e-22
100,137,-2.009610406752304,2.2117594773255527e-23
100,138,-2.0893778647613175,1.8273861165921464e-29
100,139,-1.9834301818852635,3.1130764414120144e-21
100,140,-1.8154865454824858,1.7655581185769473e-21
100,141,-1.9913716775401475,2.0211878203939104e-22
100,142,-2.022771536364462,6.142470026637717e-19
100,143,-1.9375154671387245,3.3375800820837813e-19
100,144,-1.9745904086851418,2.449153250082489e-21
100,145,-1.9483926455227323,1.6230205057735836e-21
100,146,-1.8432181979996631,4.208122229270392e-18
100,147,-2.1491279781126646,2.755730585328821e-26
100,148,-2.0019489237706543,1.0512834081874887e-23
100,149,-2.2482483116988243,1.0368707707376135e-21
100,150,-2.0268992650134647,2.6103866805360708e-20
100,151,-2.0963396329589132,8.611403693268135e-26
100,152,-2.146113672844149,1.0811587149969994e-25
100,153,-2.164524927520249,2.2775395901715516e-26
100,154,-2.253110435363406,1.5288863631758243e-20
100,155,-1.9828760020102187,2.03534823555156e-22
100,156,-2.093008160554816,6.385216605583695e-24
100,157,-1.7252894160831715,1.7111833089180243e-18
100,158,-2.0109279919419096,2.862147486247271e-22
100,159,-2.077101194924462,4.2637101721351365e-23
100,160,-2.0397887861163344,5.588013686946328e-22
100,161,-1.830496764054356,6.1736646218933845e-21
100,162,-2.039393229789555,7.025188623094014e-28
100,163,-2.225990406600551,5.344454789732885e-21
100,164,-1.833751207559284,2.1539905048549692e-18
100,165,-2.379608016106557,5.919759777494381e-26
100,166,-2.18330061839771,3.570908585441597e-22
100,167,-1.9336005810404373,1.439863149350019e-20
100,168,-2.366853484212519,3.284357355146174e-23
100,169,-1.766178372829291,3.5412935035014734e-20
100,170,-1.8725896240489321,4.369905037508117e-20
100,171,-2.3453829506247192,7.647882756477775e-24
100,172,-1.937538391368129,1.5382727478267684e-22
100,173,-1.6044190666783544,1.2096446769798297e-16
100,174,-2.052104656277968,9.838076444994786e-25
100,175,-1.8740307248944479,2.185719135681855e-24
100,176,-1.947081752963503,9.311180608583039e-20
100,177,-2.2493684779003527,1.4712083082206078e-26
100,178,-2.175804709946264,7.645522627327799e-24
100,179,-2.019495902647421,2.753564705504079e-20
100,180,-1.831339251895363,1.6612371053813321e-19
100,181,-1.7629636868513767,2.769338860516875e-17
100,182,-1.734840192635156,1.5813652927376032e-19
100,183,-1.912889830286015,3.004798775616152e-20
100,184,-2.350945447204122,2.4989949816369085e-28
100,185,-2.19023742088491,7.77031381394089e-25
100,186,-1.7870868786076528,6.372474684042328e-19
100,187,-2.161482447234845,2.0530061569494376e-22
100,188,-2.107836845822657,1.227014627106107e-22
100,189,-1.7770366197645258,4.369577497928343e-19
100,190,-2.0417570773780387,2.3304387066162673e-21
100,191,-2.075558007572286,9.071080477753164e-22
100,192,-2.2236657374546036,3.2214000912123007e-25
100,193,-1.9302266083927595,8.964851837451397e-23
100,194,-2.134996596291672,3.866642933437634e-21
100,195,-2.1135295966038576,5.2322948495810625e-20
100,196,-1.6912903447850063,8.623117502902826e-16
100,197,-2.066358119752252,1.399283660618402e-23
100,198,-1.9638151454691792,5.395390184957383e-18
100,199,-2.1187551904144746,2.3676899061805422e-24
100,200,-2.115454635552763,7.211711067691827e-23
100,201,-1.969556057880352,7.933156875852323e-23
100,202,-2.188254554813277,4.0196955011605056e-23
100,203,-2.1110442726198233,5.5501454177779656e-24
100,204,-1.9826497789208277,5.811316564934025e-21
100,205,-2.047485983448313,8.843512056968492e-27
100,206,-2.011176204556202,2.1602430103969046e-22
100,207,-2.0966972089106104,7.232284908749301e-23
100,208,-2.1988813046569824,1.697578088608022e-24
100,209,-2.0446428289581764,1.6988384676576796e-19
100,210,-1.9353681323162908,8.025006213908416e-21
100,211,-1.8899916696082038,1.0417992333306125e-21
100,212,-1.944293905711242,1.140047875566639e-20
100,213,-2.007417398761901,4.0893881956164667e-23
100,214,-2.052606400810828,2.623958440929563e-21
100,215,-1.965217681923832,2.967579106864101e-17
100,216,-1.8287741097844732,5.3575269001144397e-17
100,217,-2.259503424400938,4.435441012040181e-21
100,218,-2.030932341799729,2.8563960588164786e-28
100,219,-1.7731855498565086,1.0911862158740831e-15
100,220,-2.339906710378722,3.4170651634522335e-30
100,221,-2.1658244998342173,2.0719953818017177e-22
100,222,-1.7490728863153056,9.397392369598136e-19
100,223,-2.2150016114578213,1.0781340085714713e-25
100,224,-1.982796864733963,5.95399690130329e-21
100,225,-1.9054527515899933,8.385351331720881e-15
100,226,-2.266587890458191,1.3860910385364535e-24
100,227,-2.1295958632960863,5.100320440342803e-23
100,228,-1.9605637013113864,1.0386406777562499e-19
100,229,-1.6428564551634288,1.8520865021295991e-19
100,230,-1.9393516888106745,3.1053700034494743e-18
100,231,-2.093942215052836,4.724444913519761e-21
100,232,-1.8604201922075552,8.633171359738299e-24
100,233,-2.084536327148557,1.1226920321376954e-23
100,234,-1.9669419576719651,8.794287335103369e-22
100,235,-2.2313561149003043,3.1058528689342036e-21
100,236,-2.0785883619075456,1.4188976119904178e-22
100,237,-2.2817537973545328,1.1341018326577492e-21
100,238,-1.830651768251058,3.969231524095311e-22
100,239,-2.094409404955279,8.855746761157599e-24
100,240,-1.901401709164876,1.9210671589810282e-19
100,241,-2.019015183117566,5.068917602254041e-17
100,242,-2.066541659066086,3.782645713935283e-21
100,243,-1.6877164400379243,3.0611091922881904e-17
100,244,-2.238236395236291,5.134013545302468e-25
100,245,-2.094945202162041,1.9191999302925952e-23
100,246,-1.869560685930197,8.83537741070871e-22
100,247,-2.0635510252276053,1.2153706412724973e-21
100,248,-2.0558865637966557,4.797984421109967e-24
100,249,-2.2073541082911,1.7463149771015142e-26
100,250,-2.076969095859315,1.3227135033719196e-22
100,251,-1.89816791914423,1.576446507184282e-18
100,252,-2.2553752345598124,1.4785914866852228e-23
100,253,-2.1036165691689304,2.1862384555983523e-20
100,254,-2.1562008576134293,8.247513617840969e-28
100,255,-2.079050554854775,3.564658862759042e-26
100,256,-2.0390285910459216,6.422788599633563e-24
100,257,-1.958712942503153,9.964770620595716e-18
100,258,-1.848620750047722,2.5391698108512096e-18
100,259,-2.282366561095267,5.98425742478216e-27
100,260,-1.8978060603864897,1.1625993539341503e-20
100,261,-1.7885724347430951,2.211279953784814e-19
100,262,-1.7278611445780951,4.3449784466966963e-13
100,263,-2.186655134890594,1.9584951318391621e-22
100,264,-2.003754615123559,4.5110192973721525e-23
100,265,-1.7903778755934923,6.016555432649515e-17
100,266,-2.026356459630386,1.971178935934616e-20
100,267,-1.9692580679470417,2.871659748495962e-22
100,268,-1.9134459580804943,2.2208132526285123e-21
100,269,-1.7645277609746266,7.684622072080864e-16
100,270,-2.331228057149124,1.3968868045815834e-24
100,271,-1.9225097421766444,2.8109507644947048e-21
100,272,-2.240616121602245,1.0406232686583115e-20
100,273,-1.9332738928157465,8.256993168472881e-22
100,274,-2.0216311083235095,5.92845757147519e-26
100,275,-2.117035521085117,1.37867648871866e-25
100,276,-1.7728114899389382,3.301076570066816e-17
100,277,-1.933882006293529,5.514542365568756e-18
100,278,-2.0132997987746233,9.88333978159015e-25
100,279,-2.063098098478969,1.0129736053567435e-27
100,280,-1.9391260830120638,1.787581470398457e-20
100,281,-1.8596034649161934,8.702965561685469e-19
100,282,-1.7538455463741132,1.2111976366506583e-17
100,283,-2.0002410072607937,5.6313460341163e-24
100,284,-2.099335896465642,9.319112440048268e-20
100,285,-2.1287937505301615,4.159258690594509e-24
100,286,-2.185402369971011,6.50098219944715e-26
100,287,-2.188227103405789,1.5494955005959025e-27
100,288,-2.0375383127934077,1.0015360980352037e-20
100,289,-2.1666599006133347,1.1704343357507316e-21
100,290,-1.6861877588826983,5.8525604074911345e-16
100,291,-2.0272824950278236,1.8614093797565614e-21
100,292,-1.9768310251815704,1.5466459530518092e-23
100,293,-2.1657765596056278,1.7542552142520294e-25
100,294,-2.072329621039925,9.361082907896437e-20
100,295,-2.14401606486597,1.2799300340969113e-27
100,296,-1.8468106482315152,1.401888145060299e-19
100,297,-2.042714614181068,8.313676623688991e-23
100,298,-1.8039471362020034,6.289164871010471e-17
100,299,-1.9313406815872227,3.635462058170574e-20
100,300,-2.0519246487625677,2.5762479295405927e-23
100,301,-2.065893167696598,1.955875119812335e-24
100,302,-2.0305846791684248,2.3400403669376033e-21
100,303,-1.941067753750243,1.4847324479486534e-19
100,304,-2.026103179201809,6.053075519607452e-26
100,305,-2.059378187989484,4.715501071431462e-25
100,306,-1.8748456047390407,1.0361365697863383e-25
100,307,-1.9927281142227802,2.371598903732184e-25
100,308,-2.074262683547972,2.2817581432842984e-23
100,309,-2.058087524457532,6.3394331248623965e-24
100,310,-1.9836638429874096,3.411761943794151e-21
100,311,-2.376103077429031,1.9691351040655113e-29
100,312,-1.864503634007745,7.080065230050936e-20
100,313,-2.2109088076471624,4.1534162741317427e-23
100,314,-2.0917412942114693,3.6988046529334895e-25
100,315,-2.0308187131674433,6.93623418429474e-21
100,316,-1.908912395496146,1.7845533805443255e-18
100,317,-1.7913764419270102,2.682873233559993e-23
100,318,-2.079182583970158,7.333353491973746e-21
100,319,-2.1595560291295177,1.0654747848195698e-21
100,320,-1.9169747453548531,2.2625732457982743e-18
100,321,-2.10882592415249,2.134944302361972e-22
100,322,-2.231142805340796,2.1445769275238947e-22
100,323,-1.8894218255600892,2.800685795162356e-21
100,324,-1.7822477964362466,1.51809821681169e-17
100,325,-1.9442387718815608,4.649666528346727e-23
100,326,-1.8519374488306557,4.0254933204802786e-19
100,327,-1.8168345710782674,1.760539862641764e-19
100,328,-1.9724512834628545,2.979127732204305e-22
100,329,-2.078980152022072,1.3276657699714276e-26
100,330,-2.0776689604551333,1.5675457692466181e-24
100,331,-2.2483157111334195,6.523420759966437e-26
100,332,-2.014360540477515,1.3124184349370053e-19
100,333,-2.13629270100558,5.6365799555710765e-25
100,334,-2.1310579412282618,4.859474150909507e-26
100,335,-1.8710729053643878,7.258183673336131e-21
100,336,-1.9775363884627684,2.1602927661228657e-19
100,337,-1.9873885713004036,9.636500919685252e-20
100,338,-1.8803855311112496,5.155429437285346e-22
100,339,-2.1159930207254094,1.0616428218414084e-23
100,340,-2.063064673763586,1.0961107113308421e-22
100,341,-2.023318590644939,2.1688400764144973e-21
100,342,-1.8870757683002033,2.780179470662025e-22
100,343,-2.05888098689927,6.4937607714982685e-22
100,344,-2.177399115521972,4.957725589582467e-25
100,345,-2.110152304661699,1.7827569588894682e-21
100,346,-2.000992663403596,2.1937510924319983e-20
100,347,-2.026496733723582,6.74893189322739e-27
100,348,-2.0612632615554416,3.210354867501994e-24
100,349,-1.9467718551244193,9.240067740675877e-23
100,350,-1.5555310270271505,2.9157557249695087e-12
100,351,-2.1492939657353345,8.467743162613316e-23
100,352,-2.28511062384021,3.9105090020961292e-25
100,353,-2.1274579633598742,6.838068510707684e-25
100,354,-1.752477902964471,5.5041246073394346e-18
100,355,-2.007111492869365,3.7553332942026557e-22
100,356,-2.148153256964661,3.3538378639591245e-20
100,357,-1.9979260660961335,2.4967689314588566e-20
100,358,-2.1621917768844874,4.853322406843241e-22
100,359,-1.8922805911651315,3.310337050212657e-17
100,360,-1.8631185447204146,5.902770267548073e-17
100,361,-2.280730732229332,7.117287139817777e-24
100,362,-1.9235466907753107,7.763845634683647e-21
100,363,-2.0262443774038994,1.2515578970810013e-27
100,364,-1.9653792494487714,7.920445308688957e-19
100,365,-2.0271132687809557,6.438452156778288e-19
100,366,-2.171764310728655,1.1865726625079756e-22
100,367,-2.0736363791413703,4.913968806155868e-22
100,368,-2.0913086439978255,2.2813748490969613e-23
100,369,-1.9416590530359992,2.1347314497537376e-16
100,370,-2.2133903457449904,1.0915830783190553e-21
100,371,-1.8775869271076937,8.309492460570275e-19
100,372,-1.9959069747308051,4.917590464842404e-22
100,373,-2.106982677368678,2.933770533559883e-22
100,374,-1.9127563263816159,5.465339324651396e-25
100,375,-1.8028253255884916,1.3280829555066885e-14
100,376,-2.029332949166638,1.7017427793856123e-22
100,377,-2.031139080497841,2.3355029098681442e-18
100,378,-1.939580224511782,2.3988840714584122e-23
100,379,-2.125962042379931,1.5182753180712702e-19
100,380,-1.706093559902775,6.753351282271591e-18
100,381,-2.087913698630085,9.305460267757225e-20
100,382,-2.1308367188571165,9.66714983870647e-22
100,383,-2.000189360434888,3.794647863369122e-23
100,384,-1.863530569677751,3.9259020798180694e-18
100,385,-1.946351567670491,1.0474991186655356e-18
100,386,-2.0041348114591857,3.4952368353623403e-25
100,387,-1.885827166841839,6.758468350059441e-22
100,388,-2.0313556119563128,2.38500952276752e-19
100,389,-2.139084646812896,1.4919792581148516e-23
100,390,-2.1272667143947563,6.541336097880397e-23
100,391,-1.9086873067139791,6.0909938775222156e-21
100,392,-1.952059524925363,1.1591281609445366e-21
100,393,-2.0424836758037426,3.046936633568709e-20
100,394,-2.1148186268985523,1.2286095355802201e-23
100,395,-2.0789017016717803,2.9232909528964e-21
100,396,-1.8894602414126558,2.2370238698623553e-22
100,397,-2.2046640144683023,7.681949239074042e-20
100,398,-2.1431326442075473,4.420215747072712e-26
100,399,-1.9249872164630686,1.5763697863143361e-19
100,400,-2.1134750094151746,3.3308994908765844e-21
100,401,-2.110183495391155,5.91427563352568e-24
100,402,-2.16946292830257,2.0651533580082804e-27
100,403,-2.067930614726518,3.4245868602486045e-20
100,404,-2.063276581462099,3.4337735183389936e-24
100,405,-2.3512264872811084,1.6436604137750728e-25
100,406,-2.147808696537517,9.880450700593299e-24
100,407,-2.022702054709973,9.469377958566354e-22
100,408,-2.0804417102569692,1.5595223065290136e-20
100,409,-1.9782388465015792,4.231992574364635e-23
100,410,-2.161655985374006,2.726440593914966e-25
100,411,-1.8627321111734796,7.309545401727705e-20
100,412,-2.0199143002502185,1.3433755010635848e-20
100,413,-2.061604394272475,3.5438783407822593e-28
100,414,-1.9912013055750224,1.0608606982462447e-21
100,415,-2.0966037304624683,1.039903916975477e-21
100,416,-1.9830838010188474,4.283848228971588e-21
100,417,-1.8337339126167924,5.503944475278229e-20
100,418,-2.154313394686314,6.83181228010651e-28
100,419,-1.9547264787974354,1.7146798297884725e-20
100,420,-1.7899662477941902,5.68627994315271e-17
100,421,-1.7835954682635293,1.4404678267681093e-18
100,422,-2.2139215859399943,1.283145993882541e-30
100,423,-1.8052831510803404,2.748896711668228e-18
100,424,-1.9096567578752834,2.99904174769299e-19
100,425,-1.8811482372515487,9.956902663353678e-19
100,426,-2.047553438105518,3.4535640720514276e-24
100,427,-1.8620045413992656,1.4133305624438992e-21
100,428,-1.8996405420014462,3.892769897550257e-24
100,429,-2.0678734643694545,1.66275342039893e-25
100,430,-1.9162429925290176,5.731477450400215e-25
100,431,-1.9259768757587645,2.393391845063363e-17
100,432,-1.9678093135595613,7.564748213344455e-19
100,433,-2.0813457882461606,5.817838461945306e-23
100,434,-1.7829952154511846,1.1173799335351712e-18
100,435,-1.897031366098651,3.449459636694033e-17
100,436,-1.969078705344212,1.8904823019574028e-18
100,437,-1.8891747647187183,7.478761548108933e-21
100,438,-2.1063487885694103,8.895782084082347e-19
100,439,-2.021125408320894,1.924679176724992e-21
100,440,-1.7962044368302506,7.865466879343611e-18
100,441,-1.9983660272440877,2.6653347393450643e-27
100,442,-2.2876615594217515,2.4273096187902057e-25
100,443,-2.0542119327418913,8.171767120244024e-22
100,444,-2.054892921605215,1.3253531221156498e-21
100,445,-1.9200931792665905,6.523391794271567e-20
100,446,-2.126678526271207,1.2634381718676983e-21
100,447,-2.2347909905734697,7.280392822027801e-25
100,448,-2.1406544449227356,4.9003787307514336e-21
100,449,-2.037156290187337,1.5111472773128497e-29
100,450,-1.7735280344910107,5.165791427122526e-20
100,451,-1.9887524101749303,3.84503279910477e-25
100,452,-1.9943920442027743,1.0507237055216249e-20
100,453,-2.2045861884691718,4.114203282645563e-25
100,454,-1.9649967829544872,9.139482286764558e-26
100,455,-2.060816257648977,2.389699664366621e-28
100,456,-2.100374623433896,1.0902984220028419e-23
100,457,-1.6386749891057661,1.2115589749134462e-19
100,458,-2.043407342249239,2.482460445816088e-23
100,459,-2.057155523601536,8.30453320723208e-25
100,460,-2.096466153163469,5.125937174115281e-22
100,461,-2.0188321157345213,1.0306131216819063e-20
100,462,-1.6808684761418933,6.958775895103887e-17
100,463,-2.1010621999271715,3.913187046958131e-21
100,464,-2.1207057101532234,1.5480005638367042e-24
100,465,-1.8136576911040176,8.58527709773831e-18
100,466,-1.8550054724853302,1.469031901582204e-28
100,467,-1.7846591331428145,3.183935713120143e-21
100,468,-2.3478338627913233,4.4043568759305106e-21
100,469,-2.024206739144229,1.1180209053652804e-22
100,470,-1.9679578675599076,4.6282931655644e-22
100,471,-1.876192769760892,4.28397009878974e-22
100,472,-2.291843312960453,3.754403094580521e-24
100,473,-2.142837775112744,3.179479754880665e-23
100,474,-1.876609390103658,4.0505141381926026e-19
100,475,-1.9883255773659254,5.60535773215823e-20
100,476,-2.2068553976429888,6.008526958509745e-26
100,477,-2.1812241181601024,1.4000062179333687e-23
100,478,-1.95819073630655,1.3159956448157122e-24
100,479,-1.871518795583337,1.8944378009084583e-19
100,480,-1.7602537696065008,3.2751638341781016e-18
100,481,-1.6861905269626813,5.075113822070372e-14
100,482,-1.9613577113116358,1.0625178573839318e-21
100,483,-2.18761936042472,2.0038521262755476e-23
100,484,-2.0093142661148438,1.6531695034409891e-19
100,485,-1.8360061334330586,3.51346401245097e-19
100,486,-2.016478685367879,3.1783812369433197e-25
100,487,-1.8545886931965274,7.659415027852973e-22
100,488,-1.8707863574329018,1.921606020939488e-17
100,489,-1.8550006772703949,1.8864206845083048e-16
100,490,-2.2605312493034724,3.0307546226280175e-20
100,491,-1.7449126422118697,2.5704185897276696e-13
100,492,-2.1275341283264533,6.573602221586304e-23
100,493,-1.9788965799433447,3.7663583171357635e-23
100,494,-2.1419114408805164,5.992982362453816e-25
100,495,-1.978456599351178,8.86868313028364e-24
100,496,-1.8874912409513929,1.6713608301585888e-16
100,497,-2.2997704864564734,8.818401258467036e-27
100,498,-2.0548622471557128,1.4977828592878227e-21
100,499,-2.225513359704939,6.309943754220911e-24
100,500,-1.6583567533670136,9.579125683395216e-17
100,501,-2.3135816475672533,6.490710396333332e-24
100,502,-1.8610734713975514,1.7004675882622468e-19
100,503,-1.987323703408375,3.437869205993238e-23
100,504,-2.107966351705488,1.4525749736852107e-23
100,505,-2.005718218494078,3.435134645063523e-22
100,506,-1.7823255499850816,2.296191761461942e-21
100,507,-2.1081282040751894,8.250605630957746e-25
100,508,-1.5706446368853761,3.176220168165025e-15
100,509,-2.05780861155003,1.427513204851407e-24
100,510,-1.8196289623317128,3.645636722688721e-21
100,511,-2.0187093893305823,5.017406774830156e-24
100,512,-2.2901222265820502,1.9843136437447095e-26
100,513,-2.14531192342793,2.2815796773591624e-20
100,514,-2.4241549874464843,1.0214727800689914e-22
100,515,-2.1519778219065486,5.294175287282531e-26
100,516,-2.138051845458575,1.2270406551595716e-22
100,517,-2.0513977063327893,6.201383098361254e-21
100,518,-2.091934481230275,3.910626761458216e-23
100,519,-1.9061886551478082,5.836343610197385e-24
100,520,-2.0250592373831537,4.918000718126286e-25
100,521,-2.087018239887348,1.526271643840424e-21
100,522,-2.1658221860033198,1.7417875649416207e-23
100,523,-2.1380932228915226,1.7154952498439555e-21
100,524,-1.4799120806596315,6.070100003927352e-13
100,525,-2.0029965959577156,3.5317839273234474e-23
100,526,-2.199888103868761,7.885239754624662e-22
100,527,-2.079737999582262,3.0683346075966572e-21
100,528,-2.350794327459643,4.504708632655486e-24
100,529,-1.9828076091762643,2.690463918827136e-19
100,530,-2.1622434281550618,1.3998687749808282e-24
100,531,-1.8106939183814266,7.840290049881739e-22
100,532,-1.8308904813511822,9.335061156295672e-18
100,533,-1.9905585174352707,6.429810611773699e-25
100,534,-1.9357264208803224,1.7540112306705047e-24
100,535,-2.026847034532395,4.7220808608710114e-27
100,536,-2.079129741424281,2.900746000617858e-20
100,537,-1.9234640293218916,4.1660166789623156e-21
100,538,-2.0245713246378347,1.246498671413069e-20
100,539,-2.0357311503148416,3.1318181340652906e-22
100,540,-2.1931589030736687,7.113054136874323e-24
100,541,-2.1665159168692947,6.149549518492673e-24
100,542,-2.1062841712479417,1.9424822281312852e-22
100,543,-1.8528210723624907,6.1577025245566616e-21
100,544,-2.08799373452329,1.3631419402769737e-21
100,545,-2.1324318057688245,7.34291897958135e-23
100,546,-2.0029192638862012,4.649722743703636e-20
100,547,-1.7223343978710917,1.6464596578439168e-19
100,548,-2.0380519137108877,6.864281148320495e-18
100,549,-2.113124495096587,1.3369306168676697e-26
100,550,-2.1296538562542278,5.000588063513938e-20
100,551,-1.811858720089135,5.978464439279585e-18
100,552,-1.818792550999694,1.5005326509616123e-17
100,553,-2.26641739499674,5.6137256472627445e-27
100,554,-1.8417003091483988,3.8520311220605244e-18
100,555,-1.9510102662620188,5.829694792486049e-23
100,556,-1.7179035058699617,2.4121473331159508e-17
100,557,-2.2708198322126543,3.3314686335332783e-22
100,558,-1.7365781770770097,2.94543286204333e-19
100,559,-1.7854848184409606,2.1066750339824043e-20
100,560,-1.867061623511117,1.9055168470600272e-19
100,561,-1.920377436585425,1.3881672868815435e-22
100,562,-1.8395615908990006,5.3282144856669125e-18
100,563,-2.0096166891686185,1.036686031211147e-17
100,564,-2.155745944537034,1.409918694083294e-22
100,565,-1.8359480403418988,2.680381143719423e-19
100,566,-2.0272383525212527,1.9266413598962214e-24
100,567,-2.0855438668756214,1.5822886258762853e-21
100,568,-1.963880866786356,4.2246430351671865e-20
100,569,-2.043813813531254,7.851648082265428e-18
100,570,-2.0747258144467713,4.764633647400679e-21
100,571,-2.039774543850374,3.721972952493689e-23
100,572,-2.2350548928053557,6.706539827633433e-21
100,573,-1.8914018183424348,2.239007913128264e-19
100,574,-2.0326096578033654,6.160933334902181e-19
100,575,-2.140938278839247,1.5667771361352544e-23
100,576,-2.039372788988956,2.1336521116078204e-24
100,577,-1.9542410411627245,3.236941611786954e-19
100,578,-1.941709836123394,3.009140209726455e-18
100,579,-1.7170862591324614,3.770843302217311e-15
100,580,-1.7454677103924157,2.8283539552685216e-16
100,581,-1.8171668394103548,4.685370478007778e-22
100,582,-2.0090148494119164,6.069807609020283e-18
100,583,-2.118618557517264,5.35560895624793e-20
100,584,-2.173455005728436,5.281942263094598e-29
100,585,-1.8713545968892404,2.4221706644624956e-21
100,586,-1.9411999972416591,3.5252533281472465e-17
100,587,-2.0857264283726344,2.825004485019947e-22
100,588,-1.9645743935141144,1.3230845047909868e-16
100,589,-2.4641101489585333,5.78242246858886e-29
100,590,-1.702451670643236,6.4083415218315266e-18
100,591,-1.9556570428352469,8.193297186073788e-20
100,592,-2.2160893192062954,1.9854948501205888e-29
100,593,-1.8379125370721985,5.420791396242771e-18
100,594,-1.9829306265072724,1.191078384301401e-22
100,595,-2.1366334111826717,1.9939122532535939e-19
100,596,-2.0245523187994365,2.7321851668539704e-21
100,597,-2.188878705181737,1.5399147735489773e-22
100,598,-1.9218796243971568,2.5273712884341487e-23
100,599,-2.1073887284214265,1.7072416844224129e-18
100,600,-1.9830157974041276,1.017098922005453e-23
100,601,-2.11459524111138,2.2783580283959767e-26
100,602,-2.062410797010773,3.015962070390054e-27
100,603,-2.197754578882285,3.1518098942291714e-25
100,604,-1.8919186450385048,8.540037675872147e-23
100,605,-2.2572301638128405,3.19279709766138e-26
100,606,-2.329275757954142,9.070844497240445e-25
100,607,-2.309376216503656,1.7442430858048847e-25
100,608,-1.7940502561954546,1.612424410653685e-17
100,609,-1.960646385199543,9.982384449283982e-21
100,610,-1.8970087569797167,9.261633201576531e-18
100,611,-1.958552009446021,6.872253391699664e-23
100,612,-2.038200228148586,7.367180501633357e-27
100,613,-2.2778851343105027,4.4844653588561585e-27
100,614,-2.400593630579909,4.541504621240126e-23
100,615,-1.8550788721913207,8.818029102584436e-19
100,616,-1.7620746294323313,1.3973787024692122e-15
100,617,-2.133185406739946,5.4705526651246935e-24
100,618,-2.1450997765276183,6.943220929219188e-23
100,619,-1.7658924005988847,7.973752841978677e-16
100,620,-1.7643746026063098,2.2787147454830226e-20
100,621,-1.9135526915577596,1.701846399752793e-20
100,622,-2.45249941835789,3.592953112055947e-25
100,623,-1.9343986437082403,1.6881402079844675e-20
100,624,-2.2055842102092456,2.315597784411775e-24
100,625,-2.132074364257379,4.6665924393230166e-23
100,626,-1.7376957485743958,6.184787852264371e-18
100,627,-1.9581023671482978,9.793035056360193e-24
100,628,-1.93396352131969,3.30457248957761e-20
100,629,-2.1036548438279983,6.534114095364405e-24
100,630,-1.8325574014499608,5.80428351509989e-23
100,631,-1.9470949517302705,2.4932385721268733e-20
100,632,-2.207449648247125,5.944975215140677e-27
100,633,-2.1548839588897453,8.256142956844585e-24
100,634,-2.0254486943657177,5.547104602393794e-25
100,635,-2.0538868816818425,8.384593689285325e-23
100,636,-2.139162905031556,2.981097175790871e-23
100,637,-1.9074168162959708,7.86417092474784e-18
100,638,-2.109851030171221,3.5922153062760566e-26
100,639,-2.245263247106891,9.588492391137731e-26
100,640,-2.129975438545861,2.3252650987977103e-25
100,641,-1.9973923183707303,1.583543037304642e-21
100,642,-2.0029227754139107,1.5516627986812885e-21
100,643,-2.1654891912402228,2.3832285703997805e-25
100,644,-2.298521355796449,1.2745784064347775e-21
100,645,-2.0348391251835647,2.4575638314106398e-20
100,646,-1.818606024664363,1.1174356725018166e-19
100,647,-2.0798809504207227,3.867884841793709e-24
100,648,-2.2522781779879884,1.7191223438989623e-21
100,649,-2.2747356060397452,2.620165661527577e-24
100,650,-2.1797497957909266,1.5199087465304766e-22
100,651,-1.8927625386288645,2.392207890283623e-22
100,652,-1.8804508264877748,1.2836081557585393e-19
100,653,-2.0941723192978827,2.2327479407119906e-22
100,654,-1.940261920097198,2.728802303160222e-19
100,655,-2.0353795108561217,1.9134706367879457e-23
100,656,-2.070694978147449,6.203026706094564e-23
100,657,-2.0442725317251167,2.2699069150830932e-22
100,658,-2.2534142547245466,3.260388030508188e-20
100,659,-1.9977939487514167,1.0279635956823239e-19
100,660,-2.2862886696238975,3.6950610137734736e-22
100,661,-2.1373571599114154,2.0212414654342277e-20
100,662,-1.90872681132055,1.1024703838301029e-17
100,663,-2.0071105698412453,1.327556453977784e-24
100,664,-2.306493126548034,8.01450598208533e-21
100,665,-2.0320899872135083,2.0031312975268527e-17
100,666,-1.930714405931612,1.218389090493488e-24
100,667,-2.158209176470013,1.7904615804893614e-19
100,668,-1.9636740599132585,3.8804773327043237e-22
100,669,-1.9989874716683005,4.594981327251668e-21
100,670,-2.0125265950515185,3.160246248958401e-20
100,671,-2.14205365535176,3.472220940795722e-27
100,672,-2.0035364451168665,5.527213046876851e-20
100,673,-2.0840277755735954,2.2520116117717815e-25
100,674,-2.296470372388791,1.2118103189339248e-20
100,675,-2.1146247343201887,2.6399434979766363e-22
100,676,-2.1256761852882375,2.0889402267671267e-21
100,677,-2.2074360393907586,1.188788782897579e-29
100,678,-1.908326502326152,1.8377959452443756e-20
100,679,-2.087135582121741,1.3894442678483416e-22
100,680,-1.774600377660267,6.229068543511791e-19
100,681,-1.9279342461361697,2.891975775856431e-18
100,682,-1.8500351908396295,1.4101942443498394e-19
100,683,-2.143747408084156,8.985620270306277e-20
100,684,-2.0291001532057473,2.8525754776168148e-24
100,685,-1.8997158497246813,2.6506837254958196e-23
100,686,-1.630530763380154,1.2313362280198941e-21
100,687,-2.174505869662945,2.4610931320757712e-24
100,688,-2.225714121421568,2.5149093781723522e-30
100,689,-1.9778851651400178,3.2358783084595576e-20
100,690,-2.230293610487421,9.117701109895545e-23
100,691,-1.9748656559966937,1.2032660824574944e-20
100,692,-2.208507449222516,3.8764687506382253e-22
100,693,-2.391105532907128,1.2635482336084199e-24
100,694,-2.0515366077683383,6.514350000329809e-23
100,695,-1.800828425689395,2.6608939942263158e-20
100,696,-1.9855902867680797,1.267471634160524e-24
100,697,-2.101890839950568,1.3869360580569537e-21
100,698,-1.9491389526990135,1.0564387268847043e-23
100,699,-2.01963421331172,4.0325050743771764e-23
100,700,-2.109930556889216,1.789548307639624e-20
100,701,-2.3751814276870293,9.344258661260657e-23
100,702,-1.9859842636057854,1.969355163465944e-21
100,703,-2.0674550713953543,6.558705637101306e-25
100,704,-1.8086496190797474,2.7843338199766193e-17
100,705,-1.9965194897771381,4.766890742960305e-21
100,706,-1.9229734870458906,5.9533319232938126e-21
100,707,-2.1429514765625903,1.7507456093977373e-21
100,708,-2.007319719723357,1.3915813474652385e-22
100,709,-1.7467086069365916,9.170218456840704e-20
100,710,-2.239805928514893,1.5943362912496245e-26
100,711,-1.9861777513380838,6.495565236607833e-22
100,712,-2.235809386833945,1.928776615247151e-26
100,713,-2.1370269142062464,7.385483346227106e-21
100,714,-1.979463231987662,1.9431220837286706e-24
100,715,-2.1129709972807262,2.5774502121066408e-23
100,716,-2.0649264316780247,7.122583349400597e-26
100,717,-1.812948446290024,1.8823383792641053e-21
100,718,-1.9889074712821158,1.6098194632552973e-19
100,719,-1.8695084291349433,6.602694679922236e-18
100,720,-2.080605861382411,2.103276901357844e-20
100,721,-2.1865314887359055,1.1576505422457836e-22
100,722,-1.906906861760647,2.2549103182745253e-20
100,723,-1.926032289328873,2.399272716033068e-22
100,724,-1.9844680214959656,1.9435469068645726e-23
100,725,-2.0961086482355338,1.1027033096540469e-20
100,726,-2.1992828600794407,2.3148007020998015e-20
100,727,-2.4224728340226402,2.1791059434858464e-25
100,728,-2.1111919460868744,5.923920422169117e-22
100,729,-1.8905387675660092,1.8754140325512788e-23
100,730,-2.0644871416942747,6.841327948239267e-25
100,731,-2.056191301522995,3.8182881337240315e-22
100,732,-2.186572510586136,1.1739483632541406e-21
100,733,-2.1076032084240843,6.5248983464944335e-24
100,734,-2.179727266914413,1.410012591316542e-23
100,735,-2.231946851380541,1.2435619057100423e-23
100,736,-2.0222912460542855,2.6991288606276774e-18
100,737,-2.3690326393875427,1.2894197636780372e-26
100,738,-1.9535156236964637,1.5389405812487746e-22
100,739,-2.0249586680700515,6.175346431899721e-28
100,740,-1.7233864326574269,9.359082070864095e-15
100,741,-1.9873390060022729,1.1028631162652543e-25
100,742,-1.7953719253719154,5.683132288882496e-23
100,743,-2.0264807648082073,2.1495000824302946e-25
100,744,-2.1893727367925617,1.1422611654672079e-23
100,745,-2.152574238845749,6.982112933400965e-23
100,746,-2.033330324562793,3.3321026978775617e-25
100,747,-2.158968319459598,5.277751961129991e-26
100,748,-1.7702863574141627,6.115901081771411e-16
100,749,-2.3229176161421874,3.0380859454706232e-28
100,750,-1.7750441163061739,4.379747430158113e-22
100,751,-2.160116454092206,5.568814739868081e-23
100,752,-1.87444670586276,4.324209063487436e-21
100,753,-2.2488244939972803,5.726991112237864e-23
100,754,-2.1292805356126587,1.446372008189249e-25
100,755,-1.895769601908655,3.513363454510775e-21
100,756,-1.9705335183520463,8.140598122504068e-24
100,757,-1.8788901758717822,4.3816111157509594e-20
100,758,-1.863930200394301,1.4360753577410562e-18
100,759,-1.8503076885460725,2.5450316997381704e-21
100,760,-1.9427621381129754,2.9866058347550887e-23
100,761,-1.9868206693616983,7.098101886640537e-19
100,762,-2.1708602492999383,5.208599913844589e-20
100,763,-2.179693281098637,3.9594023934476366e-25
100,764,-1.7988818619667217,3.157143984211512e-22
100,765,-1.8832575809458962,3.285897041473773e-17
100,766,-1.8182123297786648,4.960015394125147e-18
100,767,-2.273171962687919,7.35566443230898e-28
100,768,-1.941289682610848,5.500886178459249e-25
100,769,-2.144554495032425,1.6612982888842023e-22
100,770,-1.956379765339288,4.90461480894471e-19
100,771,-2.011886355912293,8.442941884004094e-21
100,772,-1.9305481210674698,9.842690186326529e-26
100,773,-2.0527074100825162,1.516687726929286e-20
100,774,-1.904605309437919,3.25096144985584e-20
100,775,-2.159628929267896,2.1632353260862014e-20
100,776,-2.1087171528094286,9.521533934804572e-25
100,777,-1.9047641671106064,2.8756741573021777e-17
100,778,-2.1769069992599146,2.4486252034787575e-22
100,779,-1.9366713942976768,1.2220366976696476e-18
100,780,-2.1786356282145434,4.0681616535672173e-23
100,781,-1.8510168289306819,3.197943596549979e-19
100,782,-1.8226918097834695,3.7697064178977653e-19
100,783,-1.9232735207279106,1.4514090075621468e-22
100,784,-2.1234207004728765,1.8599702290753314e-24
100,785,-2.098997665573342,1.590351500311965e-20
100,786,-2.088942078914288,5.468242845416037e-23
100,787,-2.1420047475865402,3.429330590157515e-21
100,788,-2.004669619450345,8.793225148709124e-20
100,789,-2.129551594411554,1.0930423621622826e-23
100,790,-2.0434022080328083,7.980065590378514e-24
100,791,-2.120746211594576,2.141927823324695e-28
100,792,-2.0188695180032665,2.9670231170127667e-23
100,793,-2.093929942481328,4.1306312732705285e-19
100,794,-2.194211451941425,4.823334683607237e-24
100,795,-2.194430237209928,1.3768903000801046e-25
100,796,-2.0050402331367527,5.9834008009178216e-24
100,797,-1.6681404279135004,1.2717819346322927e-21
100,798,-1.7524442765580872,3.731878121995084e-17
100,799,-2.095193979135864,2.0641214039114477e-24
100,800,-1.9324717556578097,1.0315022802436925e-18
100,801,-1.8096018699298844,2.102816331217716e-21
100,802,-1.9808252254911016,8.090757739573461e-22
100,803,-2.012798834328037,1.4249865851990038e-19
100,804,-1.817631083757444,1.2026036757676802e-20
100,805,-2.0478648827004244,1.215464242981148e-21
100,806,-1.906571233385483,2.498514246612007e-22
100,807,-2.12390632102378,4.052909664401667e-23
100,808,-1.9407968569770704,4.421865081058171e-27
100,809,-1.9275577952573677,5.861481883518795e-23
100,810,-1.8507142842175472,1.5282816581563477e-19
100,811,-1.9909112676041616,1.2166907128847054e-22
100,812,-2.2569513569568054,1.8848153306112518e-22
100,813,-1.9795479459322083,3.330337106383401e-20
100,814,-2.0167786415904096,7.92317525234882e-22
100,815,-1.7914760113951615,1.2709858162488773e-20
100,816,-1.950555754682778,4.000476444487617e-17
100,817,-1.9082755546969539,8.079555968388044e-19
100,818,-1.7671026555722475,7.750420882643471e-21
100,819,-2.0949102158597315,3.866230538391311e-26
100,820,-2.121132725616654,8.634966991788472e-27
100,821,-2.379461897012196,1.5865771822343525e-31
100,822,-1.8452799655285395,1.6650513791485904e-18
100,823,-2.076171483369765,1.155418183185231e-19
100,824,-1.8577560511116946,5.704986455106949e-21
100,825,-2.113462062365654,1.1809776629663162e-19
100,826,-1.7291934724392304,1.822035857972497e-17
100,827,-2.048039737629778,1.020596515585653e-22
100,828,-2.2598797262287222,2.957595560662593e-23
100,829,-2.293601831599811,3.3261471654608544e-20
100,830,-1.8869660010843639,1.2412191412554373e-19
100,831,-2.0256412323232125,4.169934843717577e-25
100,832,-2.0893629571693078,3.01577876162677e-21
100,833,-1.8174584731356056,3.037524856373409e-18
100,834,-1.982748341968728,4.5887355520565704e-24
100,835,-2.168380023384973,1.583787062611968e-21
100,836,-2.2607545942391685,1.1828284746670089e-26
100,837,-1.9563420331189754,1.355985489998129e-23
100,838,-1.9933837248504824,4.1506852012433187e-26
100,839,-1.6325991069725339,9.0865107930238e-18
100,840,-1.998313013348274,3.0757273025379324e-21
100,841,-2.207556005668557,7.459082561261577e-26
100,842,-1.8088666604146173,3.5223540475813966e-21
100,843,-1.9301314469191242,1.8935638003615942e-19
100,844,-2.020820452097988,9.686918002510657e-26
100,845,-1.8383519045278165,1.0001112713627669e-16
100,846,-1.9951666600190512,2.648271669321814e-23
100,847,-2.088214425942745,2.1544997447069755e-23
100,848,-1.9906540815751654,1.9056006664658957e-21
100,849,-1.9847849072767936,1.124348624390482e-24
100,850,-1.981550379506742,5.630962613320592e-24
100,851,-1.871201031994044,5.303956217571056e-17
100,852,-1.6870929439259923,2.26997244877471e-16
100,853,-2.0377428077623323,2.3190588098262706e-20
100,854,-2.0608490851061347,4.278325022348766e-23
100,855,-2.0853214587185436,2.9895625605723173e-22
100,856,-1.997660585969272,5.723189123537115e-22
100,857,-1.9590032384328193,4.416753531657488e-26
100,858,-1.8317658930558096,1.1536843892120089e-18
100,859,-2.0274146497115186,2.5189972128426966e-23
100,860,-2.14088448891283,1.1167531307799515e-21
100,861,-1.9163778037504242,3.1400408024469005e-21
100,862,-1.9217545135195238,4.7422711903365824e-17
100,863,-2.240619145188459,1.6043725724657406e-28
100,864,-1.8725485309609091,2.6310592360447416e-17
100,865,-2.013354597352885,1.3937420157998252e-21
100,866,-2.1540471535943126,8.522685580578706e-21
100,867,-1.9168886228195667,1.771462601038951e-19
100,868,-2.1644908728803403,2.9492744406840727e-27
100,869,-1.9358824908241568,3.7776050419413755e-19
100,870,-2.144542076377312,4.802253154986655e-24
100,871,-1.8961532412256883,4.92829449815119e-18
100,872,-2.2306237505115227,2.684647620935181e-26
100,873,-2.2393223950507757,2.333908716110666e-22
100,874,-1.9390420458388977,3.682142074793524e-19
100,875,-2.311845896708527,2.0040120515023307e-22
100,876,-1.5226035980087635,1.0485417166770398e-12
100,877,-2.0173448175102546,1.5987610987790585e-22
100,878,-1.9789268595890377,5.921352954707755e-19
100,879,-2.0684996197787235,7.453781705296163e-24
100,880,-1.7600002855908299,1.1021267205209065e-14
100,881,-2.0463068245556064,9.856064092012105e-25
100,882,-1.9071759947689344,1.579516271413211e-22
100,883,-1.9554984325706712,7.23538556934983e-18
100,884,-2.2678974585795837,2.139651546743425e-25
100,885,-1.9457852192180685,3.12085420974884e-19
100,886,-1.9376453086992598,4.100188854013335e-20
100,887,-1.8114317970999467,6.757584927378126e-21
100,888,-1.9878007084474687,5.551875224507583e-24
100,889,-2.301204121589131,2.2992062556549284e-24
100,890,-2.1083910199574545,6.128123786094567e-22
100,891,-1.8735760887341009,4.089675595423728e-20
100,892,-1.7707521871220973,8.921158064637668e-18
100,893,-2.1959934605673928,7.37889841569945e-24
100,894,-2.159133219982823,2.126828142675742e-24
100,895,-2.1476005908126643,4.8032087484080286e-26
100,896,-2.106734217631632,1.4241380902762614e-27
100,897,-1.93474379293579,1.0364321862300447e-20
100,898,-1.9024598971671765,3.7793237079211875e-23
100,899,-1.9998516571381266,1.2848129941238062e-19
100,900,-1.9929695996447627,3.353474146716429e-26
100,901,-1.9838383091870142,1.4789629948092673e-21
100,902,-2.0770079129386794,7.8984423018890495e-22
100,903,-1.836124978041541,3.259016728201544e-17
100,904,-1.9426244209948367,2.7120721776048474e-22
100,905,-1.9658671979163698,1.75895009611029e-21
100,906,-1.9644638292913337,6.1300722531349185e-25
100,907,-2.2135418033570247,3.4522027116626983e-26
100,908,-1.8193319482034243,1.2625801635747084e-18
100,909,-2.0170946902626747,1.9347072694744832e-21
100,910,-2.126087707210792,2.8435891896634227e-22
100,911,-2.447688483247492,8.431118830539497e-28
100,912,-2.026491797004189,4.6538437000841614e-21
100,913,-2.0945702286313725,1.7651178687341044e-23
100,914,-1.9367516645551675,8.576391231533103e-23
100,915,-2.115748961556111,1.3328391899517216e-25
100,916,-2.271810571194914,1.2134560995444048e-27
100,917,-1.8807812983832566,9.086230202444251e-27
100,918,-2.1435593200205183,7.418044378558567e-26
100,919,-2.1335524602393825,4.253118558638219e-25
100,920,-1.8040326585618036,5.032662936137973e-21
100,921,-2.093512171131918,2.0764243914868447e-24
100,922,-2.035505919989405,1.4014909562286225e-26
100,923,-2.2678802543731758,6.384014176217043e-23
100,924,-1.8774595923185862,2.660295462680345e-23
100,925,-1.920427642343034,4.740190369408178e-25
100,926,-2.2632592384401606,5.867220806815717e-27
100,927,-1.9831918800029458,2.0767713405527403e-18
100,928,-1.987551777650551,1.5239308660780252e-23
100,929,-2.155715635242024,1.284916229465026e-24
100,930,-1.9028570884876412,9.024454663021002e-23
100,931,-2.2336785861731174,3.7475697163791764e-19
100,932,-2.1274831959728653,2.72185490935456e-23
100,933,-2.195312737900122,1.330404220189532e-24
100,934,-2.0866962613087825,2.3303461546187133e-23
100,935,-2.1172562548473923,2.9015611854937246e-20
100,936,-1.809901300441921,1.5811692859252711e-18
100,937,-2.2772957255841924,7.546264432592622e-25
100,938,-2.112685282409023,5.381157128996299e-22
100,939,-1.8588026653326004,1.4253311196558494e-20
100,940,-2.2419817283357695,1.1160634144103628e-22
100,941,-2.1880839038778506,1.296197528848206e-29
100,942,-2.1427841062438073,9.892935424415982e-21
100,943,-2.043940563375953,4.664577286473648e-20
100,944,-2.1938377167862937,3.570612060886678e-25
100,945,-2.019450705513812,6.142681100270091e-22
100,946,-1.9211379581911814,1.5564184671392323e-19
100,947,-1.9645847344707983,7.850619530353793e-27
100,948,-1.9619995258589995,5.59686517244617e-23
100,949,-1.7161223573209572,1.3044151175667338e-19
100,950,-2.277604798656962,2.652634948296106e-21
100,951,-2.0976582645885546,2.821260860102717e-28
100,952,-2.0847820632886,8.855819452287434e-26
100,953,-2.1126916961839575,1.7614692131061402e-28
100,954,-2.0801162995301503,3.0430748404419234e-25
100,955,-2.040996261524608,4.328164357921976e-22
100,956,-1.9868176401195354,1.7036910393319602e-23
100,957,-2.0563306016584413,3.5678274874729866e-23
100,958,-2.217326854237651,1.043545348610813e-25
100,959,-2.1578945882958713,5.6291994355589785e-27
100,960,-2.361519633333965,5.07159149960907e-27
100,961,-1.9249801190456273,1.3428236809035148e-16
100,962,-1.6029808084009307,2.9779832563962417e-15
100,963,-1.9796221340327653,4.1429777853411405e-24
100,964,-1.9493011034771222,1.7417953890595293e-24
100,965,-1.9542382920564236,2.866426185515659e-17
100,966,-1.804520424846186,3.716199032204369e-21
100,967,-1.9134779974658764,2.9921027852118344e-20
100,968,-1.9598065723140632,4.542332747601112e-23
100,969,-2.1732438134940626,1.2446993296071184e-23
100,970,-2.0452024177958483,8.687142677197812e-23
100,971,-2.0068039397685045,1.0724005906263577e-18
100,972,-1.9417418082131563,1.1822403534790338e-25
100,973,-2.1331659323757854,6.837207088138996e-25
100,974,-2.101578418407909,1.03406687343691e-24
100,975,-2.174151143098702,2.074418860434301e-25
100,976,-1.7147562724083727,5.88871506408458e-19
100,977,-1.7390297903726042,2.4596881661715307e-19
100,978,-2.0677361185122463,6.695929824449754e-27
100,979,-2.295805567035541,1.3665739144641417e-24
100,980,-1.7842652756641693,2.486048345590985e-15
100,981,-1.7873153754139182,5.3835919509243556e-20
100,982,-2.125249504812329,7.974834344839959e-26
100,983,-2.1267774041101744,1.8511400567761796e-23
100,984,-1.9077845900180845,2.1469324435790697e-22
100,985,-2.1583799629218063,8.3979038098497e-27
100,986,-1.967480485375975,8.492476124941485e-20
100,987,-1.9631427017576986,2.5324332381287606e-25
100,988,-1.9460982403468092,8.929644136132091e-20
100,989,-1.9732017899786056,2.860513957733057e-23
100,990,-2.1501372727011168,5.968198422001588e-25
100,991,-2.011035153131223,1.896386618100872e-24
100,992,-1.6863396374284951,1.1617656025677169e-17
100,993,-1.7337182487730134,5.2419917331692e-18
100,994,-2.0284234105664565,1.0773827082423283e-21
100,995,-2.0568208539354402,6.570416450538833e-20
100,996,-2.104874726501288,1.0119305889795334e-19
100,997,-2.146936681772421,1.1654487754115668e-27
100,998,-1.9636419578803377,2.695655508199538e-21
100,999,-1.913176927982664,9.93889559011186e-19
200,0,-1.8393013447001314,6.658442035657691e-40
200,1,-2.033237968055439,2.971011451587582e-35
200,2,-2.1384626559331457,1.039609740107559e-46
200,3,-1.850111972337558,1.4769739863158246e-38
200,4,-2.090894943528731,4.8046796016601584e-49
200,5,-2.0233253380307747,2.963644117214031e-43
200,6,-1.966669532079199,2.3034430184276253e-41
200,7,-2.0822753073031572,5.84502420210838e-49
200,8,-2.0166520557353564,2.068875412314967e-46
200,9,-2.155839177196051,7.908208115197846e-45
200,10,-2.074853719565964,2.810063064826665e-45
200,11,-2.00893827953118,1.6220386504986453e-37
200,12,-1.9508314063749177,3.571596040397604e-45
200,13,-2.155986974034419,1.7845166316603573e-48
200,14,-2.034117439011262,2.895648534407885e-47
200,15,-2.066892226476959,4.3460030518446743e-41
200,16,-1.8201165807693274,1.079923274461465e-34
200,17,-1.901725634027689,1.1913158804199229e-35
200,18,-2.1021460683781035,1.828905560086329e-44
200,19,-2.082506501446624,6.890241175463894e-44
200,20,-2.1007054323700034,4.8881611719537566e-48
200,21,-2.112646421809546,1.0280732101353093e-44
200,22,-2.037232725942034,2.0207307661438753e-46
200,23,-2.0557830386547815,1.1723872158913194e-42
200,24,-2.134663235276032,1.9902734427418736e-48
200,25,-2.0775873226055035,1.3735919463684323e-45
200,26,-2.124603003042578,5.520219448212635e-46
200,27,-2.178017888684751,7.281779593856641e-55
200,28,-2.279873263771984,1.0049265889647337e-49
200,29,-2.0064946489033053,2.6205591265789773e-44
200,30,-2.1164071025311255,2.6804492511473987e-50
200,31,-2.159803723787972,1.9063562752714716e-38
200,32,-1.9218229545849805,6.87808501785266e-40
200,33,-1.962759332908755,7.862752660297582e-39
200,34,-2.1327355964343564,1.5860521920846395e-43
200,35,-2.1748292335256876,1.1122383808279466e-45
200,36,-1.943872245508297,2.6008331630055217e-42
200,37,-2.0509987394936475,8.901923151461561e-41
200,38,-2.0535725473569686,2.885963253392781e-48
200,39,-2.080635315151686,9.417225961793476e-49
200,40,-2.1247991780382494,2.405750538478091e-46
200,41,-2.0917994326084948,4.1820829670472395e-46
200,42,-2.077122096087117,8.00157132129968e-44
200,43,-2.1488111832653614,5.1916475928024054e-45
200,44,-2.06651519511371,4.336733326221037e-50
200,45,-1.9669477807015907,1.9605777134694953e-50
200,46,-1.9437970319765752,2.4421322846137953e-42
200,47,-2.053013170541167,1.8252079040502546e-46
200,48,-2.0724767941078213,1.4394981754835076e-43
200,49,-1.9920230526886327,5.028760370028929e-41
200,50,-2.2188491578335165,1.0580370050865348e-47
200,51,-2.1850791834645387,1.5703503407899114e-49
200,52,-1.9533136806751399,6.458253731710301e-41
200,53,-2.0220474882928254,5.2651484072974314e-45
200,54,-1.911544107942528,4.358696010112436e-36
200,55,-2.1325855646749456,6.700967205948722e-49
200,56,-1.9346071342807685,6.993974587298191e-41
200,57,-1.8442190033816432,8.865716744759763e-36
200,58,-2.075152555725481,3.06655305853591e-48
200,59,-1.8933601933475934,1.939834697534285e-42
200,60,-2.0794498779915793,2.6989607574963546e-40
200,61,-1.82768445682533,7.978505809572912e-43
200,62,-2.0771266299496025,6.569163019624925e-47
200,63,-1.8853410599780238,6.560118912433104e-38
200,64,-2.0620003673811897,3.185396736638011e-42
200,65,-1.9229203868948916,4.26019393793601e-46
200,66,-1.9470374367100138,3.043921572736237e-40
200,67,-2.0171079036227786,9.52817364334961e-46
200,68,-2.0218163743989495,2.3788453685889625e-43
200,69,-2.070713829815415,1.3709663079461952e-45
200,70,-1.9182364139107895,3.3215141191036724e-42
200,71,-1.8700023828014878,1.117721329132884e-47
200,72,-2.011500844082912,1.1658514695491905e-48
200,73,-2.1314517676618,1.6431320402516741e-46
200,74,-1.9599872566373806,2.871584962107689e-47
200,75,-1.9288892763403584,5.573698345763068e-43
200,76,-1.8751982933333053,3.6321048076890054e-48
200,77,-2.069851217197508,5.204143236671154e-43
200,78,-1.9735785772959655,4.042659937234518e-43
200,79,-1.920921923458744,2.174346327942549e-36
200,80,-2.004618874218486,1.2214866660945776e-42
200,81,-2.2134779836288327,1.2585756104610707e-53
200,82,-2.1151890927479897,8.025731387117058e-44
200,83,-2.0100284127513692,2.795430857906161e-43
200,84,-1.811716169732808,7.424292578551291e-38
200,85,-2.1764383230575444,1.8366228067134429e-50
200,86,-2.0017642519318777,7.35295030728479e-42
200,87,-1.9373123105027306,6.9019605617389076e-40
200,88,-2.0189984365569016,8.830154309506022e-43
200,89,-2.048950089765344,1.9858723023445035e-47
200,90,-2.1471764730432383,2.0027516101801122e-41
200,91,-2.064181328226393,1.1689831998535425e-44
200,92,-2.048722377620509,1.6005725462623942e-48
200,93,-1.8402940854529666,4.188508850695529e-40
200,94,-2.2899927856877342,9.35459002738735e-53
200,95,-2.1990984804722373,1.75075859339953e-52
200,96,-2.0191835723749305,4.1885283499066955e-45
200,97,-2.027170150495156,3.7951650881516775e-43
200,98,-2.038983015026658,2.287390872416664e-40
200,99,-2.042835832388988,1.848805114022418e-41
200,100,-2.1206189910497155,4.4879731701373657e-45
200,101,-2.0613050523299368,7.871016507672434e-36
200,102,-2.0929456779547744,2.2060876939079844e-39
200,103,-1.9385443527367334,5.426934531307686e-39
200,104,-1.9396238997787405,1.3600259165180601e-43
200,105,-1.8691963069955593,3.9114455478222096e-39
200,106,-1.8517229807286508,5.305477001830226e-32
200,107,-1.96107482946854,1.4551194222430817e-38
200,108,-2.0292082881307074,1.2753059855320086e-40
200,109,-1.8952627920546092,6.1024583396628896e-46
200,110,-1.96626188538945,1.6448183067794567e-39
200,111,-2.003537084307318,3.2778298284413704e-43
200,112,-1.9925134877221273,3.4237119827029804e-42
200,113,-1.9799458262912442,3.69084857289178e-39
200,114,-1.868925024927087,5.992028043612932e-43
200,115,-2.0301818832209904,1.644932686206813e-38
200,116,-2.0302296380065545,3.073089313476253e-44
200,117,-1.933907541720747,4.840814007461545e-34
200,118,-2.153335728994538,1.281562833837534e-44
200,119,-2.0424072472158565,1.7875159359338997e-41
200,120,-2.1392210075943936,1.2872918029281208e-45
200,121,-2.0635082645433034,3.3706552751728583e-51
200,122,-1.9291843526719132,1.1999115253655935e-39
200,123,-2.0254232959645098,1.8479408636049182e-44
200,124,-1.9853033395774293,4.742662271060403e-41
200,125,-2.041228615096289,5.423521536087878e-48
200,126,-2.1500657176042033,3.872741044772381e-45
200,127,-2.03734081670036,5.976064937184484e-44
200,128,-2.1069322663094647,3.0600341413380817e-46
200,129,-1.9168835339177583,4.618439778581462e-43
200,130,-2.0427689375639444,9.602105836286552e-40
200,131,-2.077823794245977,4.186663792245348e-45
200,132,-1.9582490487705941,1.6173242810442303e-47
200,133,-2.0392304082168184,1.5823303588601455e-43
200,134,-1.8898966743395507,1.9376412919290754e-40
200,135,-2.1729571801426317,4.795476586567587e-50
200,136,-2.0096297983897893,3.202739531259263e-44
200,137,-2.090771019339658,6.695682228724541e-47
200,138,-1.9603654334491338,1.832019596907724e-46
200,139,-2.0396990026875956,1.7036767969837666e-48
200,140,-1.9683336831835776,2.0391118135933935e-43
200,141,-2.1216136532400016,1.043628861142619e-49
200,142,-1.8778419403485866,4.922879231490355e-40
200,143,-1.92784448407091,4.1970911197004454e-41
200,144,-1.9506239984296636,2.3762304555064346e-39
200,145,-2.001259867970572,1.0975299305203159e-46
200,146,-1.9619496699287273,3.103899296303516e-39
200,147,-2.0764656329801685,1.8826481782328527e-39
200,148,-1.7422140216528623,1.4619391388091692e-41
200,149,-2.060650750038091,6.094741071009596e-44
200,150,-1.961736539693339,4.207389797929803e-38
200,151,-2.113312215132095,3.6333988039102683e-51
200,152,-1.931851553688432,4.017770955491663e-42
200,153,-1.862614236865185,7.733898895393815e-40
200,154,-2.116390417866805,2.053280057663085e-44
200,155,-2.040332937769592,9.39760389746568e-42
200,156,-1.788859075186191,6.837025585348508e-39
200,157,-2.039715249747932,8.056458854600965e-45
200,158,-2.0770389624444654,5.183930289949375e-50
200,159,-1.8998331984496053,1.439824934544196e-41
200,160,-1.9187419660595397,3.515561006211955e-37
200,161,-2.0649960019389964,2.0882444653817214e-43
200,162,-1.901289353530701,2.041343101192295e-39
200,163,-2.077664688188804,6.680342772375221e-50
200,164,-2.1067443381051962,1.883502979726561e-51
200,165,-1.8622483901325184,6.775001233353295e-47
200,166,-2.037724261995118,1.4594667831116459e-43
200,167,-2.039581288798967,3.408528904765508e-41
200,168,-2.0195737253165973,9.461205263136592e-44
200,169,-1.81005209688061,1.5885048365420442e-34
200,170,-2.0375178790943966,7.393629155026651e-42
200,171,-2.0958833613241117,2.4952800067884556e-44
200,172,-2.1472262781130587,1.387521062515658e-43
200,173,-1.9580546031278434,3.0215093726330322e-40
200,174,-1.8747074806517077,8.123441655636848e-41
200,175,-1.9001244141151163,4.730228006545064e-42
200,176,-2.021029016694806,2.044159104422587e-43
200,177,-1.9686882907195349,1.982940373300776e-46
200,178,-2.086175807064155,9.374323723846083e-50
200,179,-2.024837717228519,7.803807487418e-45
200,180,-2.160520552115229,5.5334418741603436e-43
200,181,-1.9285429922574933,1.0213800126904916e-43
200,182,-2.0304380073857464,1.7679234407803152e-45
200,183,-2.0078139151829895,1.4565067179214159e-38
200,184,-2.158084883511587,1.4463825814278867e-44
200,185,-2.0645461782807244,4.75890161500196e-44
200,186,-1.9528794516923353,9.346362385601996e-46
200,187,-1.8931141983338051,1.0817238800278473e-43
200,188,-1.935980119129563,1.4481591178496835e-46
200,189,-1.9662658347351432,3.441785327835225e-46
200,190,-2.129949831699623,2.4382467729850595e-48
200,191,-2.098968461990747,8.761190014298146e-45
200,192,-1.9397636350591636,3.593883366735913e-46
200,193,-1.8563947813804456,3.2552077518793247e-41
200,194,-2.2486954907398964,3.0075806578755554e-50
200,195,-2.101478946127707,3.3878488465552093e-44
200,196,-1.9600263955942694,1.891127621840572e-46
200,197,-2.1074667014709654,5.0665961925618956e-45
200,198,-1.8948795778674672,2.453977078597121e-38
200,199,-1.9479322470638012,1.3110697136452553e-39
200,200,-2.070831847444037,2.163605416856467e-45
200,201,-1.9436316109894438,7.578491829404643e-38
200,202,-1.9386300492415298,2.0009707531131233e-42
200,203,-2.029467004989553,6.0415728799760575e-46
200,204,-2.115712798352189,6.448933782514772e-47
200,205,-2.0011599700782448,8.962380054211244e-39
200,206,-1.7936386217372702,3.724564076817693e-39
200,207,-2.1104962267490617,2.6204045975768756e-45
200,208,-2.1089052727716107,9.86109587029981e-47
200,209,-2.067412896859995,3.910897709539054e-48
200,210,-2.005838857959758,5.222027599080585e-41
200,211,-2.1524006992187115,2.7931376684793264e-53
200,212,-2.094491126357669,9.18981382757976e-44
200,213,-1.995465841799506,4.4800600419787615e-44
200,214,-2.1124590482473504,1.7543183934929365e-46
200,215,-1.9739638207370973,4.936913588800409e-44
200,216,-2.130118361646754,1.1523338838518847e-47
200,217,-1.9792276105244477,5.742390985514098e-42
200,218,-2.038649578847455,1.0147753996223856e-42
200,219,-1.8895807783454117,8.341331442702694e-41
200,220,-2.3306799535667215,1.5903794736954733e-48
200,221,-1.9804081943285947,6.988994605766013e-43
200,222,-1.920521369219025,4.75581326319804e-38
200,223,-2.062863295602173,4.1953742242748034e-45
200,224,-2.063875119518867,1.4515644153348903e-50
200,225,-2.058540378296831,3.7253186373232766e-44
200,226,-2.06344181701789,7.558427944164949e-56
200,227,-2.122053862585977,2.0741621694779804e-47
200,228,-2.062938598519353,2.6101532630355926e-45
200,229,-2.034870313694726,1.2496018102210147e-41
200,230,-2.078586462891052,6.402568902745272e-43
200,231,-1.9714462969447197,4.3092925051787786e-42
200,232,-2.115949383051487,2.1092578669123668e-42
200,233,-2.011000344713585,5.1687703092731204e-43
200,234,-2.0065402138826958,3.4477815507328133e-42
200,235,-1.9528054521984544,6.662364345386633e-42
200,236,-2.0001914282012603,4.3872199472051936e-48
200,237,-2.03270980205325,1.1567474426596025e-41
200,238,-1.980321692825708,6.095496864250067e-36
200,239,-2.0410082041705255,1.6763358400579345e-44
200,240,-1.9456653622205486,2.4932574964941235e-40
200,241,-1.9896629708186628,1.7435374780892656e-43
200,242,-2.0111462577781776,1.1082539699542188e-44
200,243,-1.9909256959588646,5.04556174834787e-42
200,244,-1.9688305607616217,1.3675771227859693e-46
200,245,-2.050509642989775,1.5501013425177035e-40
200,246,-2.068563145351945,2.67932927572974e-44
200,247,-2.099837876748749,3.8506906293689315e-43
200,248,-2.1389046957300737,5.039927241905246e-49
200,249,-2.0117183470651225,3.668948968337468e-43
200,250,-2.086533845882265,1.286552432360697e-42
200,251,-2.0975738923600282,2.256504868740069e-47
200,252,-1.962154401956889,1.9838166235024078e-44
200,253,-2.0692613580072283,2.8596078374511232e-49
200,254,-2.1060357015830036,2.811404233961186e-45
200,255,-2.0808707852366233,1.2011051896964305e-39
200,256,-2.116170842711231,1.479440502025966e-44
200,257,-2.1895093182260537,1.6078841358233876e-44
200,258,-1.917046315915261,4.556824883533354e-44
200,259,-2.0594385165467113,1.9472047827198703e-45
200,260,-1.9469608043749211,4.005589528682317e-42
200,261,-2.032667882904126,2.577216441807742e-43
200,262,-2.139504601162847,7.564855375943403e-45
200,263,-2.125538010690148,7.687574125500487e-45
200,264,-2.0766351749882475,3.15454561699705e-47
200,265,-1.8873274131198334,3.7143932008188116e-37
200,266,-2.184962692793067,4.663475597194423e-53
200,267,-1.9459484726109002,1.6279154153935865e-38
200,268,-1.9880453538554956,1.0155134543710266e-44
200,269,-2.173330410994639,3.196180062437685e-53
200,270,-1.7888672533954608,1.529198350043599e-38
200,271,-1.8694998241910863,2.1079243567058048e-40
200,272,-2.206974880867369,3.332230524930906e-48
200,273,-2.084016658772354,4.470142194663938e-46
200,274,-2.1508253210015233,4.066744207301801e-42
200,275,-1.726661382386773,1.2227835082580884e-35
200,276,-1.936432902742225,2.5453844851389544e-39
200,277,-1.9789782539821168,3.580062054658869e-44
200,278,-2.15804139468238,2.3643029194219827e-46
200,279,-1.924014105992109,3.2141124818507577e-40
200,280,-2.0529062151222606,8.55566293596995e-47
200,281,-1.99380207281859,4.093536100082621e-45
200,282,-2.2345296011611175,7.42522325773171e-46
200,283,-2.14298189075937,6.275862477908267e-47
200,284,-2.097377887239463,2.52188356381228e-52
200,285,-2.1191539322709385,1.0818094799565245e-49
200,286,-2.158200877595025,2.215200939382201e-48
200,287,-1.9267300723575884,6.681861818109892e-39
200,288,-2.0643213650796755,6.54419066560583e-44
200,289,-1.9878738695525326,2.472375456271307e-46
200,290,-2.060001791858774,3.911294583703603e-48
200,291,-1.8202886076969902,6.0184951817139645e-37
200,292,-2.0834157195339813,7.165869710630487e-44
200,293,-1.9546428078919575,2.404552257207001e-44
200,294,-2.108137879770843,1.1501242511195492e-43
200,295,-2.148949098638713,2.9758199815084934e-48
200,296,-2.099574036440412,1.5310771795400808e-41
200,297,-1.8980624346074375,2.0084748200256737e-38
200,298,-1.7518421804722513,5.239207523941947e-33
200,299,-2.0065069906412276,6.516627243527594e-44
200,300,-2.0532793665126166,1.2634833387900899e-46
200,301,-1.9849853070791559,1.6241082401584847e-35
200,302,-2.072526342793842,5.946149064003294e-46
200,303,-1.835153643863646,2.965982471124363e-35
200,304,-2.1919173910070535,2.309282356229394e-44
200,305,-1.7808724610637974,3.155809266327423e-40
200,306,-1.9603653801144434,7.401550015784571e-39
200,307,-2.0575230562557447,4.978341270037869e-41
200,308,-1.8886334589089833,2.801741168983583e-42
200,309,-2.01811952920471,2.1600346636617102e-45
200,310,-2.162907876234166,3.938216292821532e-51
200,311,-1.8089925875945667,2.1166764621325026e-41
200,312,-2.074147482440158,8.109533463543582e-43
200,313,-2.024758587682589,3.7296601945385334e-44
200,314,-1.913180565166722,7.282212554343055e-39
200,315,-2.0878518430226425,1.1680041148493541e-39
200,316,-2.284491830533401,4.4838415546239856e-51
200,317,-1.9054178463191107,6.659433042202942e-39
200,318,-2.0382580219533013,6.21417606515069e-43
200,319,-1.9645201001844717,3.927288273262359e-43
200,320,-2.0505470559304406,1.5558862204956178e-43
200,321,-2.060807222695349,1.33991207297246e-43
200,322,-1.9100893803757728,3.0837228056199233e-40
200,323,-2.0213700307531965,1.6685182211097905e-41
200,324,-1.8261655272156379,7.890567439166107e-38
200,325,-1.9441650049031685,9.763535172206446e-40
200,326,-2.191017853592914,1.4391273111234474e-55
200,327,-1.93537575581162,5.717099257347691e-41
200,328,-2.2011823775118797,3.7868033886127335e-48
200,329,-2.0687645149072287,5.18820632927363e-44
200,330,-2.2038057285963486,5.558812077852225e-44
200,331,-1.950293941379842,4.612069335134345e-43
200,332,-1.901528310591904,1.0122721864337388e-40
200,333,-1.8981940623455396,2.6213595659930314e-38
200,334,-1.8516639509219521,6.805479719075558e-41
200,335,-1.9455167479460371,5.4296369937201605e-43
200,336,-2.0065902418807235,1.2208151679808708e-42
200,337,-2.092692959140323,4.5907075234237805e-42
200,338,-1.8534235590455204,2.3676258035117797e-39
200,339,-2.081178160757063,8.316431983605476e-49
200,340,-1.988693311433206,4.9864261806524494e-51
200,341,-2.0825731921495922,4.3440756981283996e-42
200,342,-2.05082151074029,3.803515980775068e-48
200,343,-2.062365245636691,2.5813341506770475e-47
200,344,-2.0565600053467694,3.190296863108088e-48
200,345,-1.91566699927204,7.024338741415614e-39
200,346,-1.936964584434187,1.7381912743078516e-38
200,347,-2.095106229813453,1.7431289349976515e-43
200,348,-2.0556297212638555,5.287268107965122e-42
200,349,-1.9336842912267596,3.778193927483292e-42
200,350,-2.00118759337812,7.361787785811028e-42
200,351,-2.0304744276497786,1.223044482464617e-41
200,352,-1.9458789892125186,1.3603739034533054e-36
200,353,-1.94322293199372,8.403381831527443e-40
200,354,-2.0357258339021422,4.310273267603476e-47
200,355,-2.1346803128929537,4.315138113033477e-44
200,356,-1.9606551000087409,2.671831751587682e-47
200,357,-1.949832763328871,4.433278891350548e-42
200,358,-2.034528588953896,1.498672921850913e-44
200,359,-1.956110360775428,2.9031937461716168e-36
200,360,-2.0696584034980265,4.2016516476633004e-44
200,361,-2.2266595396564144,3.152338844253387e-50
200,362,-1.9905925833778984,2.624960120575673e-37
200,363,-2.040233002648211,2.239727317062542e-49
200,364,-1.9938301874218167,4.368497233984369e-50
200,365,-2.1675291678073654,2.7313676212388503e-49
200,366,-1.9821162150619376,2.1428915525709247e-45
200,367,-2.011298700491608,2.211231686825135e-38
200,368,-1.9117263268488172,2.485111724914679e-34
200,369,-2.094917120713893,1.5891203731684463e-50
200,370,-1.8449068364752623,7.487984388105727e-41
200,371,-2.1349163381491145,8.196216653353447e-48
200,372,-2.0437783038399804,8.069501965590274e-44
200,373,-2.0807413347968406,3.1621771371067634e-41
200,374,-2.033563081449489,5.664360606326986e-43
200,375,-1.854896267465028,1.1456224852933918e-42
200,376,-2.0447945522796056,7.5834630232127e-42
200,377,-1.8961473926091017,1.1229087807760103e-33
200,378,-2.037473984627373,2.028645718417645e-43
200,379,-1.8706552308648217,1.5061647063834655e-38
200,380,-2.035422795560132,3.5576828917391336e-39
200,381,-2.308628917582171,3.916367462104273e-52
200,382,-2.0969577169108335,1.4821415098231145e-48
200,383,-1.9486101325888638,5.5308851167161174e-43
200,384,-2.1139862157958493,5.076261553984464e-48
200,385,-2.097487540591146,4.1426607879785695e-46
200,386,-1.8413261510683148,5.9330027076294805e-33
200,387,-2.010120630322591,1.5366567233808354e-41
200,388,-2.1093846666653047,2.286403375682962e-44
200,389,-1.8828139737352672,8.394839743136163e-39
200,390,-2.0586442386637325,2.1867965269711693e-40
200,391,-2.1081060612416422,7.420127449770075e-48
200,392,-2.117196182274454,1.0075141242626939e-41
200,393,-2.1309249382781106,9.216727006846009e-42
200,394,-2.110588527714862,2.5668221765874226e-46
200,395,-2.048716156469424,1.5540604910278737e-45
200,396,-1.9136598658106863,1.603409695114082e-38
200,397,-2.002412241807667,3.4950487260654024e-43
200,398,-2.104486377665106,1.6515180487374449e-43
200,399,-2.0640663338771112,1.704906193213408e-48
200,400,-2.0323165737085542,1.1673212694941573e-42
200,401,-2.0496479352566803,4.579713948929939e-44
200,402,-2.0079140766892127,1.2933683964773273e-42
200,403,-2.1444111950498153,3.7186054976009784e-44
200,404,-1.9671233647086597,1.3061101119200554e-36
200,405,-2.0987595646539834,2.7544499939280888e-46
200,406,-2.0498816021307062,3.6091014550261136e-47
200,407,-1.9720991444190625,2.5434606310680136e-39
200,408,-2.008776131231966,4.8711622855712595e-47
200,409,-1.8271504488040016,6.099540222873486e-41
200,410,-2.1556292460900366,2.566612699593432e-44
200,411,-2.1110263292698006,3.1584991385689216e-47
200,412,-2.0786887501919526,7.362044124347484e-44
200,413,-2.2739230321110897,8.346141053086375e-51
200,414,-1.9709182554614957,3.150280122038739e-44
200,415,-2.187533026028424,5.415321848033128e-48
200,416,-2.102111960088698,1.0917281537476543e-41
200,417,-2.099256389983802,1.8463894340774273e-47
200,418,-2.223698219742724,2.817165040102229e-49
200,419,-1.9112987579573915,9.375684801372337e-39
200,420,-2.0320379790256515,2.2845694018910673e-43
200,421,-1.7694841746802332,5.135810697025723e-38
200,422,-1.7803614389237419,1.750579386105565e-37
200,423,-2.0832617575838155,6.907978245152973e-48
200,424,-2.0566569458862665,6.390363412813689e-47
200,425,-2.00383972933772,2.5957124306964746e-42
200,426,-2.0171622380838663,1.3762868952120756e-39
200,427,-2.0159652718097982,6.1509771716197946e-43
200,428,-2.146349967957117,8.154283318113418e-47
200,429,-1.9612190792903954,1.0229910007233104e-48
200,430,-2.054545925223028,9.953183321254626e-43
200,431,-2.2268330746826193,3.1599677724336033e-46
200,432,-1.969454575375539,4.325771842922763e-43
200,433,-2.196137995309704,1.1519250250946714e-47
200,434,-2.1041536858673853,1.663615689202468e-48
200,435,-1.9967265224597721,3.644781298158534e-45
200,436,-2.1203624916567296,2.724227417146072e-41
200,437,-2.051526377277689,1.3378412115073283e-43
200,438,-2.05770354202188,1.5032050601031454e-42
200,439,-2.0198029310657386,2.699600135382995e-46
200,440,-2.031833841383154,1.561999459898958e-42
200,441,-1.99780146100223,3.0726230178113503e-40
200,442,-2.059635672336843,7.044449710146767e-39
200,443,-2.2692786199928783,3.081951380078521e-51
200,444,-1.9618352202533353,7.108198904291707e-43
200,445,-2.0458423537621266,3.276920497657152e-49
200,446,-2.0213143722048645,1.986189310875718e-40
200,447,-1.846275203225245,5.7159300831972004e-40
200,448,-1.848852614744363,2.5813982505851496e-37
200,449,-2.06218437942064,6.935570470395161e-43
200,450,-2.0685804347626586,5.495888098052129e-45
200,451,-1.8927245539269215,4.5009919931408575e-36
200,452,-2.005463283009881,9.620754148052473e-47
200,453,-1.7808337509184726,1.3470522133849078e-37
200,454,-2.1847020911671233,1.2724013203994594e-48
200,455,-2.04333961862978,2.5099389891715823e-46
200,456,-1.8949837484447123,3.0553349323294003e-41
200,457,-1.8268067874264702,8.826621837418516e-36
200,458,-2.2264218399242557,3.0357506095648503e-46
200,459,-1.9894907208965673,1.6496290950741071e-43
200,460,-2.103054031995021,1.6309239318346334e-43
200,461,-1.9522101272569916,1.1477122125777675e-41
200,462,-1.9965134136317415,1.4670567741527316e-41
200,463,-2.065216648132754,1.6567958245695446e-40
200,464,-2.0650902048687287,1.2267371125772771e-42
200,465,-2.097431280414937,1.589441065555293e-49
200,466,-2.1240650882605765,2.0791697701716917e-47
200,467,-1.9007514520757116,1.1813801180725081e-38
200,468,-2.056014755318932,5.942773300657507e-47
200,469,-2.0911231649806146,2.148497442050959e-40
200,470,-2.0242650573417897,2.44830193822424e-47
200,471,-2.008880224002122,8.035983172055782e-40
200,472,-1.9077579303692875,5.161784566540094e-45
200,473,-1.9469153628393965,2.7520685754211455e-35
200,474,-2.0805160105203697,1.0538647121014124e-46
200,475,-2.0538354974014323,7.227174182082166e-43
200,476,-1.8763260216621234,2.042857954288701e-40
200,477,-2.0165008904149717,2.3882054636076047e-41
200,478,-2.0093211591442133,7.494763183698246e-46
200,479,-1.9825132081202046,4.1973607300674896e-42
200,480,-2.0273223739882003,5.715939568353939e-41
200,481,-1.9460518086892087,1.0467549870356441e-41
200,482,-2.055146834908573,1.21774588210198e-45
200,483,-1.9427424893974141,3.381604497226395e-42
200,484,-1.894478346843357,2.0682558289448336e-38
200,485,-1.9878017786168778,5.872863172945211e-41
200,486,-2.0078070680280318,3.142729564964665e-39
200,487,-1.9799282994211085,6.721864409830298e-44
200,488,-1.8848316331968924,1.118053311363195e-37
200,489,-2.1242656337423567,4.505556532360355e-55
200,490,-1.9296260216952055,5.104935657212692e-41
200,491,-1.929198345161459,4.378986737231091e-42
200,492,-1.9800603880549055,2.7233576474222408e-39
200,493,-2.0112832312002,3.930644905891518e-41
200,494,-2.0212794684270694,2.5409387570029312e-43
200,495,-2.0374004677238826,6.611791137794849e-41
200,496,-1.8681361515693844,1.2601670181303314e-40
200,497,-2.1288299170223706,1.9905347284105767e-52
200,498,-2.0729079416490457,6.56578288527689e-41
200,499,-1.854873860843104,8.027093807980853e-36
200,500,-1.8727914743760712,6.43643105297407e-37
200,501,-2.102385546675432,3.551847694421265e-49
200,502,-1.8751852618627405,1.0271633796499208e-40
200,503,-1.9118361365994385,9.386833253534173e-42
200,504,-2.0579512137530163,5.4119831975981603e-48
200,505,-1.997053065232949,2.217511176699895e-43
200,506,-2.0890963812544445,2.852594006869905e-43
200,507,-1.9553380160272713,3.560784812331396e-43
200,508,-2.1832182814707375,5.254205798522052e-50
200,509,-1.9775317347393173,2.885377704759682e-36
200,510,-2.038862754809804,1.546885916446305e-45
200,511,-1.9742094979623142,4.289917281895882e-35
200,512,-1.9990851575836395,6.709609448823724e-41
200,513,-2.1807537722122943,3.5840019544985e-48
200,514,-2.040273160547181,1.657076474481309e-44
200,515,-2.1165536044357536,3.928992028472524e-44
200,516,-2.1628247700781253,2.0571366489022788e-43
200,517,-2.07071937876818,8.540611357976646e-46
200,518,-1.9534471305998018,7.609965271826449e-42
200,519,-1.9510632210216219,3.515835141507983e-41
200,520,-2.102057424656132,7.619981678476841e-50
200,521,-2.071263785449675,3.7109761819489504e-46
200,522,-1.7983315253979217,1.0784970294265181e-32
200,523,-1.9572888952322272,1.3096679051503575e-37
200,524,-2.021898059500031,4.669997273378909e-40
200,525,-2.073742956155379,2.787252796474441e-43
200,526,-1.9346789578627694,1.4884009751778541e-38
200,527,-2.138360735104099,2.1327248830550144e-47
200,528,-2.038974609242998,6.8654894019215505e-46
200,529,-2.159287465220846,1.3351281057445715e-57
200,530,-2.0520835461817244,1.4014035046091373e-41
200,531,-1.7732915623544452,9.591205491729778e-39
200,532,-1.9497828362503205,8.160236856411038e-45
200,533,-2.176782587289564,3.972576926029774e-48
200,534,-2.002152455481479,2.3041747342632532e-48
200,535,-2.052374849142864,9.202458413998381e-44
200,536,-1.9494563263973825,3.008359944103497e-45
200,537,-2.0736107575183897,9.263232278485614e-49
200,538,-2.021723367646726,1.983130634471992e-41
200,539,-2.001912667650873,1.6548455856643212e-44
200,540,-2.1672120625365876,5.107256944219035e-46
200,541,-2.0169739606951733,2.3141737420747533e-46
200,542,-2.1232088026279765,7.77421844171484e-44
200,543,-1.9416343220551147,2.2090136458157104e-41
200,544,-2.174218411781986,2.4225750252318563e-47
200,545,-2.071320284344581,1.2954470866451733e-42
200,546,-1.9158498724308721,7.578307093750537e-46
200,547,-1.9355970279030013,4.1445593895441426e-42
200,548,-2.182221550495724,1.4828161729774755e-50
200,549,-2.057725631655676,2.256708454188862e-41
200,550,-1.9692826094520601,1.4501385308137244e-40
200,551,-2.239970316593432,2.700711137957402e-51
200,552,-2.0431129280929943,1.3833569768983478e-38
200,553,-1.8439991383892833,2.1553329939969313e-44
200,554,-2.076790791025042,1.3601131401208038e-46
200,555,-2.13353803021964,4.2004404196422256e-42
200,556,-2.0234501249123378,2.7445120101067e-44
200,557,-1.9686483452617782,7.312844910471123e-47
200,558,-1.9797491165968166,3.512790392601432e-41
200,559,-2.059466479141678,2.7543603429687155e-43
200,560,-2.1781321483113825,6.883443297120916e-54
200,561,-1.8754367355511752,3.0986926346990525e-48
200,562,-2.0762279180116963,2.8446966379562232e-52
200,563,-2.031258629121849,1.0277791453910518e-42
200,564,-1.9984091622025089,4.722020583070765e-40
200,565,-2.090903466919002,4.6958826885931235e-45
200,566,-2.008017671912313,3.235664268009744e-45
200,567,-2.127046111939242,1.853987419540415e-48
200,568,-2.0671550344661673,3.089660484728903e-45
200,569,-2.0428877534159318,9.213304442756567e-43
200,570,-2.005307958241457,4.651965338530174e-41
200,571,-2.035698159620482,2.6010723218111657e-49
200,572,-1.952007919618583,2.7310454552914526e-45
200,573,-1.9110909435294126,1.965204282795649e-39
200,574,-1.9439347846664798,1.401363114414993e-41
200,575,-2.031260015749754,1.103197435444592e-44
200,576,-1.963422611535396,6.697114729345745e-40
200,577,-1.8535788372728081,1.6936060190360991e-40
200,578,-1.947012564684223,2.6262248469546106e-42
200,579,-2.044045754504337,2.6641350461761677e-44
200,580,-2.000400619814651,6.974144084482349e-38
200,581,-1.9955323010725454,2.634420879561542e-44
200,582,-1.9613268376440205,1.8218601304490336e-45
200,583,-2.0924073264983996,2.8071326022922348e-46
200,584,-2.1508272523542367,5.952917557185749e-43
200,585,-2.1276323068285645,2.7754601476333486e-47
200,586,-2.041591926481959,3.410632476606976e-45
200,587,-2.0647353376898296,2.6633496379490728e-43
200,588,-2.0159816115686677,2.1883941746377185e-48
200,589,-2.0237049553415494,8.13170011651998e-43
200,590,-2.1830303077877984,4.337654431434084e-51
200,591,-2.0865223412242404,6.158758740481808e-45
200,592,-1.92340953755272,1.92383345430236e-39
200,593,-2.009621363799659,3.765703450670452e-42
200,594,-1.909709152469329,3.6561255611951997e-34
200,595,-2.009984713957313,1.4245832044158408e-42
200,596,-2.019675854963295,6.620430548296052e-49
200,597,-1.869328908018999,1.7140269978418662e-39
200,598,-1.973805625614565,1.2851748990029734e-41
200,599,-1.9852797765379364,2.8707093715126584e-44
200,600,-1.8462319886242025,1.37182150653498e-36
200,601,-2.0526129651571035,3.124032490290409e-42
200,602,-2.0095553522018914,2.78916858298198e-48
200,603,-1.852962881755655,6.698279603117882e-39
200,604,-2.0973251284686922,5.813800119744134e-48
200,605,-1.9600847072449001,1.2007571361445313e-44
200,606,-1.954607147064408,8.330870157511349e-38
200,607,-2.052159576986277,6.036515666434479e-39
200,608,-2.051428509991905,1.1916288530116833e-46
200,609,-2.041479990085196,3.483525425628817e-45
200,610,-2.015703704688856,7.020609136266552e-45
200,611,-1.944304994607445,1.6028193164796154e-37
200,612,-1.9939102454516489,6.750704740472582e-43
200,613,-1.9992215165218141,8.948546830363275e-48
200,614,-1.9472497506912783,1.1246174309841775e-42
200,615,-1.9754769423135716,5.636299418904389e-44
200,616,-2.0033114964359795,5.909436053206436e-45
200,617,-1.9582641236008724,8.718414768764315e-43
200,618,-2.1921908146844933,8.844787715507439e-48
200,619,-1.954390930028647,4.231446165390332e-41
200,620,-2.071840466152464,5.622680354580515e-45
200,621,-2.0999291212085147,2.7855145986260956e-47
200,622,-2.1057733505180183,5.2893361235585224e-45
200,623,-2.098202377629967,3.1434945823301485e-50
200,624,-2.193884419068513,6.146837136199257e-48
200,625,-2.033077355119598,3.019357418684159e-49
200,626,-2.0662699644855946,4.756127980036945e-45
200,627,-2.131417175999762,9.145305028328592e-42
200,628,-2.2569785763648644,2.5612334738374485e-51
200,629,-2.0182086140053555,2.658695920791163e-45
200,630,-2.0036881585339925,6.196059218950059e-47
200,631,-2.089518787605467,2.8312609651850396e-47
200,632,-2.0229998128347653,1.7377454376710923e-41
200,633,-2.207220947137933,1.076110426052844e-45
200,634,-2.0708727000919485,4.476152981094705e-47
200,635,-1.9074480668871603,4.4325282679366357e-39
200,636,-2.1555440882970203,1.6434709325550225e-42
200,637,-1.92186156369268,1.6046148381920884e-41
200,638,-2.022074334998523,1.3256204508018003e-44
200,639,-2.027944533488755,1.6533739187810963e-45
200,640,-2.051077572675265,3.337991560362937e-42
200,641,-2.0522484757586845,1.595857804780108e-42
200,642,-2.0877806753496646,2.6304210468168228e-40
200,643,-1.9777240892466832,1.3155655855631902e-41
200,644,-2.019801624709605,3.721063586158867e-47
200,645,-2.03632160408252,2.0649206235843273e-41
200,646,-2.0896832634839093,4.2861859391293657e-44
200,647,-2.0676337073911464,3.469267552560611e-45
200,648,-2.0558748981163495,8.521363597988546e-49
200,649,-2.22738840047138,2.9004082765426093e-43
200,650,-2.1373906711008352,5.51359486860588e-49
200,651,-2.002060552979943,7.523099845721716e-48
200,652,-1.8495511461886265,1.3180005372987928e-43
200,653,-1.9114617700832754,4.703412896793294e-45
200,654,-2.009975470867923,1.9456887954741495e-44
200,655,-2.1093849530468622,5.164862786875285e-47
200,656,-2.0357079375320764,1.0264475722501233e-40
200,657,-2.0687895944370425,1.4817995222106733e-44
200,658,-2.131776348053256,5.821726703236639e-48
200,659,-2.0630435374091203,2.7343566533916486e-42
200,660,-1.8452446751485105,1.1654655727411968e-39
200,661,-2.1188007746030877,3.2576533189877967e-47
200,662,-1.9157603685559925,1.6181250530229207e-40
200,663,-1.9633941514756188,2.80453487366058e-35
200,664,-2.0929332087895887,4.308346012582534e-40
200,665,-2.0691342120375786,2.233076077874577e-43
200,666,-1.870960096181716,8.615115875785631e-38
200,667,-2.091420409099163,1.3365276699968959e-41
200,668,-2.0350565925770168,1.3038279539260508e-38
200,669,-1.8806514056255441,9.516883910665028e-41
200,670,-1.969751455600452,6.853747479148139e-42
200,671,-1.989105956536175,7.574351915328168e-41
200,672,-2.0612622241896785,8.591550950239646e-50
200,673,-1.8560018523884123,4.80247721571568e-39
200,674,-2.0171514755697704,2.1561682012472773e-43
200,675,-1.8587226525460556,6.564246645246528e-36
200,676,-2.1079000084484765,2.2386549243411408e-46
200,677,-2.1197530744430004,7.871004103376168e-42
200,678,-2.079906414954059,4.216486284262667e-45
200,679,-2.175157902894875,2.667668063574399e-45
200,680,-2.045764595763152,1.4446268497630704e-45
200,681,-2.106937090261556,6.709414426828787e-50
200,682,-1.9744865417159527,1.2383392430080738e-40
200,683,-1.9238028181549476,8.953551054879493e-44
200,684,-2.0430180244989433,1.3826804074547694e-47
200,685,-2.100612856091736,9.37812539334214e-45
200,686,-2.019713928801525,1.4545961740164457e-44
200,687,-1.9752682780370616,4.940079501200191e-40
200,688,-2.1132050816340016,3.522195794249949e-41
200,689,-2.057886751792413,7.570776213290167e-43
200,690,-2.171070388094149,1.719850712296543e-45
200,691,-1.9604159245937183,5.00428538570914e-40
200,692,-1.9074812907892271,2.4929553885024456e-42
200,693,-2.1826082532664737,1.0285480628828902e-47
200,694,-1.963840099930687,3.728783032348083e-43
200,695,-2.056794114428514,3.4902629466893964e-37
200,696,-2.0045002973033252,1.5739246100751912e-46
200,697,-2.143003457374374,1.3094195317738951e-45
200,698,-2.2267702733344263,1.4923708568753415e-46
200,699,-1.9957152367092794,1.5927513564034828e-39
200,700,-2.036865079780786,2.5749581146995452e-39
200,701,-1.879354871116961,1.6112823113525612e-41
200,702,-2.212819255196747,1.865774484509786e-49
200,703,-2.165765799630515,5.606411163323082e-50
200,704,-1.9503291724940706,8.788154696874144e-38
200,705,-1.9818470789630416,5.115849339118733e-38
200,706,-2.1212270275157303,1.4724151035026156e-46
200,707,-1.9335828225675042,2.0166406738574335e-40
200,708,-2.1188607340992265,1.9377717521049885e-49
200,709,-2.1414009838598247,7.124093391448941e-45
200,710,-1.9836198045277929,2.270554722945905e-44
200,711,-2.020479357662005,1.927859981451533e-44
200,712,-1.9707825647150967,2.5924661588151074e-44
200,713,-2.2463246344208496,1.167592536704377e-52
200,714,-1.9686982277926797,4.7668614950618166e-48
200,715,-2.0651999094646474,6.172091735022492e-41
200,716,-1.819871833739203,1.8362373727875763e-41
200,717,-2.1133962042595646,8.048780835427566e-45
200,718,-2.0004747966376657,3.766321258289791e-42
200,719,-2.0174156984076266,5.1475262122921304e-45
200,720,-2.2711684716556526,1.1429738931359553e-47
200,721,-2.0783017787185907,1.2563963608101491e-43
200,722,-1.9668881186496217,1.43760970838793e-47
200,723,-2.044941382113187,8.986712147681859e-48
200,724,-2.070968445756649,3.683266605350417e-43
200,725,-2.299131343572429,7.006294656440313e-52
200,726,-2.0279004450438913,3.2468651757870003e-43
200,727,-2.0311037391402227,1.6129767135249296e-44
200,728,-2.0229139132553193,8.693387271174252e-41
200,729,-2.015518569905682,7.48782334908025e-44
200,730,-1.9173584179142775,3.5158734454200404e-42
200,731,-2.2338920829501783,4.655762164993038e-49
200,732,-2.1492054252388755,1.2558409565510053e-48
200,733,-2.019581374179597,7.85095759926618e-46
200,734,-2.0036836561255917,1.9816362391745736e-39
200,735,-2.043961649587475,2.7170879194372377e-41
200,736,-2.040631916535464,4.3555297402507985e-45
200,737,-1.9222361218773454,1.0124677532683048e-41
200,738,-1.9090746275461967,1.0712572923499916e-42
200,739,-1.8863975060755394,2.4425807285028543e-35
200,740,-2.034963013431568,6.477406471727917e-44
200,741,-2.055104116277808,8.414905757067597e-47
200,742,-2.134240464491578,4.509944055467739e-49
200,743,-1.914366314764969,7.771786102525998e-38
200,744,-2.0077663960004264,4.1094586790020365e-42
200,745,-1.952793446454173,8.789299195963139e-40
200,746,-2.144897874821048,1.7819016107278028e-46
200,747,-2.1049017553024596,1.648695360849226e-49
200,748,-2.037007896057153,3.3394646819077714e-47
200,749,-2.16710198925019,1.5776388635404312e-55
200,750,-2.0895693886964573,1.1828758152098214e-40
200,751,-1.9852268519206904,1.874197123034641e-39
200,752,-1.925556996781867,1.8169051407222122e-39
200,753,-1.9536032003146913,2.9366287048442756e-46
200,754,-1.991457581032769,8.42757101803671e-45
200,755,-2.2386297471428414,3.366819378443076e-48
200,756,-2.1564433561150205,8.419023604216635e-46
200,757,-2.025708679098389,1.88235147665813e-49
200,758,-1.9336792633262068,5.3444017747530674e-42
200,759,-1.952056173354487,1.7328207040391303e-43
200,760,-2.1569626266865694,5.894607823274533e-49
200,761,-2.0432056178719114,6.9523133734404e-52
200,762,-2.0379648187195976,6.377328738943226e-43
200,763,-2.0827449213144558,2.4579597991664963e-45
200,764,-1.9552740469629857,1.512525858678879e-42
200,765,-1.9774118390166455,3.618185243340098e-42
200,766,-1.8031838055136173,3.2801003703439037e-39
200,767,-2.190926461524734,4.505997248906608e-51
200,768,-2.055382478315785,2.5421649874869974e-36
200,769,-1.9642397478587927,2.234339774925171e-41
200,770,-1.9025789981365788,6.963187407468783e-38
200,771,-2.1567380237301377,1.3892701824556275e-47
200,772,-1.9951044565019798,1.658848601395375e-44
200,773,-1.978487692744074,6.350932883378868e-39
200,774,-1.8995995360932891,4.490393003150439e-44
200,775,-2.090616667994585,1.6599826514904648e-46
200,776,-2.117722515003935,7.762221633299272e-51
200,777,-2.057157305801817,2.5199421830297885e-49
200,778,-2.0453878268532524,4.674222911697666e-42
200,779,-2.017492743543208,1.7550882033140745e-44
200,780,-2.017377645262594,4.311093132769202e-38
200,781,-2.0042662717875723,3.96324280110025e-42
200,782,-1.855814054715001,2.2639764784988795e-36
200,783,-2.1226346497905686,3.9654764819992753e-48
200,784,-1.8312631694533854,3.402417167399016e-38
200,785,-1.8589187496350545,1.3610101142240526e-36
200,786,-1.8766071308409549,8.991255525882988e-41
200,787,-1.9090834774192036,2.5838368164933665e-43
200,788,-1.9709809835765055,3.985650440691447e-41
200,789,-2.056011348473149,4.950399191037562e-39
200,790,-1.9559684754351965,9.510320156631506e-39
200,791,-2.0181721284288034,1.0367089678024197e-38
200,792,-2.1127853972985955,6.708763924036966e-45
200,793,-1.8941969358699788,2.5393707189759106e-37
200,794,-2.123889105442613,6.316229731372149e-44
200,795,-2.083812793310739,3.3154412670374085e-45
200,796,-2.048215710349556,6.927257868284325e-43
200,797,-1.9960529646194454,5.557656278181439e-45
200,798,-2.098274753168077,1.1550828415762966e-44
200,799,-1.9224637543290184,5.704843794532892e-41
200,800,-2.0625267264291924,1.068200948380133e-47
200,801,-1.9940780774841151,2.8042907118090304e-45
200,802,-2.0603823468182565,3.106928083917984e-41
200,803,-2.1048026988427306,2.748304106985635e-42
200,804,-1.953756813593876,5.410835313587586e-39
200,805,-1.8849633137559714,4.4625870457752576e-41
200,806,-1.9987025950580977,6.531605439155772e-45
200,807,-1.9371421904924322,7.202227475307676e-41
200,808,-2.192992161517336,2.990749405042756e-48
200,809,-2.112911904192834,6.881261099924413e-45
200,810,-2.063324400345132,7.59271027385683e-43
200,811,-2.0817394425426246,1.82766773379851e-43
200,812,-2.202661760832953,4.7305939971859744e-45
200,813,-2.072463873563297,8.476534725647703e-48
200,814,-2.2976577355240364,3.0418329132718256e-53
200,815,-2.021422019461774,2.2655895519636268e-39
200,816,-2.0190921682637937,2.298988343201853e-45
200,817,-1.9951825681477189,1.5326827480624888e-44
200,818,-2.037768041203253,7.2913110154991825e-50
200,819,-1.8772822671319913,9.511692135302734e-44
200,820,-1.9664576052917164,7.496230630628017e-43
200,821,-1.9554936724198981,2.512014829183461e-39
200,822,-1.9001235407991972,5.762734982202765e-39
200,823,-2.0226257414783655,5.258931687390658e-40
200,824,-2.0110796078242474,2.5701346725352504e-50
200,825,-2.0938820650032968,1.930821621726696e-42
200,826,-2.1638370524026085,4.1983840974235744e-44
200,827,-1.899271967732611,1.9872174028392726e-39
200,828,-2.0086761599911513,4.0802268821398496e-46
200,829,-2.0145335846582375,8.680994890725042e-44
200,830,-2.1876331680078396,2.9257474438718593e-48
200,831,-1.9652215453961581,2.823486327906389e-39
200,832,-1.964905725618049,2.3750346393087536e-38
200,833,-1.9684431812828729,1.039641270623535e-37
200,834,-2.034131643484427,5.225280780056277e-44
200,835,-2.1573457478605764,2.3408121549427926e-51
200,836,-2.009076073639662,1.2082610652898202e-37
200,837,-2.1077628912112303,1.0019176267003657e-46
200,838,-1.9616547933938966,1.9893644534626115e-44
200,839,-2.1553692218643157,9.355850295656277e-51
200,840,-1.8971378115614623,8.977474703499214e-36
200,841,-2.116513538537279,3.319064516365047e-42
200,842,-2.0279356374094606,1.959030906577696e-43
200,843,-2.141027538683635,6.62960068581662e-48
200,844,-1.8929771575060386,1.222380852473865e-38
200,845,-1.8837693046074264,2.626867381795787e-42
200,846,-2.0581738066675843,2.2210016732556214e-44
200,847,-2.1063024970835107,1.4554013848874828e-41
200,848,-1.9261929667200244,7.171905236058049e-39
200,849,-2.029572701146849,9.87798289955435e-42
200,850,-2.1244339358733297,9.704875489430108e-45
200,851,-1.8358149945256645,7.750737631297144e-36
200,852,-2.11985494740214,1.7169407448385944e-52
200,853,-2.1310927623269897,5.991215049810283e-44
200,854,-2.054113558087545,9.665719562596721e-46
200,855,-2.0779534019455728,1.7189919535978311e-43
200,856,-1.9049735531013,2.5932873872703897e-37
200,857,-1.8462386538902624,9.487002152928026e-39
200,858,-1.963374001010604,2.5603545682151325e-42
200,859,-2.0336265295895117,1.8332792360560403e-39
200,860,-2.026969941104042,1.4438161833046324e-39
200,861,-2.015514998354682,2.1502339334009175e-43
200,862,-2.257660740720862,5.623621521407657e-52
200,863,-2.0950254512324857,7.018007564985783e-45
200,864,-1.9837038625867018,5.3532320529833896e-46
200,865,-2.1979842521280286,6.805441578925608e-49
200,866,-1.9890807604267478,3.210908088243621e-40
200,867,-1.9379038877772725,6.451404178507917e-39
200,868,-1.8399313307850402,1.4111367895823196e-35
200,869,-2.11731669543337,3.38299144775441e-45
200,870,-2.0891146817564703,1.6249315845923796e-45
200,871,-2.0082491169496004,1.9939280708397275e-42
200,872,-2.1970662650210544,9.801886782140312e-56
200,873,-1.9733097828331063,5.2360349609260214e-42
200,874,-2.00885725284442,1.2093009732012459e-43
200,875,-2.030127826900512,9.704106809409575e-46
200,876,-2.059470250373387,3.891274695696047e-51
200,877,-1.999611518033893,5.1503471505164694e-46
200,878,-1.843719515963019,3.6581589101125326e-36
200,879,-1.836442319269688,3.1726098609181535e-39
200,880,-1.9016412451489622,1.378787247622455e-40
200,881,-1.8608773454876726,9.601177805434695e-36
200,882,-2.0629331419239616,4.804916243126571e-45
200,883,-1.9322559667004935,1.509337086157067e-41
200,884,-1.9990680349506036,1.2122424082480453e-41
200,885,-1.9039884622795347,1.8907910865824425e-43
200,886,-2.1361464784023347,1.2334811482205882e-52
200,887,-2.0120941966324937,1.9994155810348896e-46
200,888,-2.166321554898613,1.2837119576028047e-44
200,889,-2.044915918853576,7.353451012857262e-40
200,890,-1.9509120372705393,1.6817637662520072e-37
200,891,-2.036597030672568,5.624249969594893e-43
200,892,-2.02273068004408,1.543572514013769e-41
200,893,-1.889777836394197,1.5526116571729392e-34
200,894,-2.03983654922079,2.0917000081357403e-46
200,895,-2.026270424436512,8.710513916350448e-46
200,896,-2.038518659292409,2.5082442063432452e-42
200,897,-2.0787005151942752,7.463606410674428e-40
200,898,-1.9716596244067341,1.1971209273945485e-42
200,899,-2.112762978932354,4.990712142271992e-47
200,900,-2.1947410047486695,7.98249441502604e-46
200,901,-2.060635998846333,2.86930284964741e-44
200,902,-2.0261588840798668,1.5812706446900396e-46
200,903,-2.070471877048326,9.288776110535446e-41
200,904,-2.0827114597146235,4.363765129531994e-46
200,905,-1.8484866349111657,2.4251263419561564e-38
200,906,-1.8236040913437925,1.738272375654819e-41
200,907,-1.9685469096911845,1.0520656235552809e-39
200,908,-2.127149517565945,2.4344797588331905e-49
200,909,-2.0250966641897854,3.2095074346135104e-42
200,910,-2.0451607276125987,9.261640966760463e-39
200,911,-1.898005161469313,1.9786725432107073e-42
200,912,-2.115308551556006,1.3210092463355664e-42
200,913,-1.9906337319979688,1.3613265020931405e-37
200,914,-1.9436904921530909,1.2260416439394565e-44
200,915,-2.260265485389241,1.0556600600231726e-47
200,916,-1.995101098732606,5.4626766506800005e-53
200,917,-2.1925405306703025,2.920406617358791e-48
200,918,-1.9057935125531316,2.830717196870647e-35
200,919,-2.0465223485403543,1.806455233279618e-45
200,920,-2.1397249172257933,9.257096324700752e-46
200,921,-2.025301199455014,1.4221391846842823e-45
200,922,-1.921640813435662,1.279162684005465e-42
200,923,-1.9260598211366666,9.901842070194544e-48
200,924,-1.9515805807508473,3.143444586034752e-36
200,925,-2.078117673106651,7.169550158622429e-45
200,926,-2.0867257872304235,7.947323015542401e-46
200,927,-2.0418982409523627,6.67656094870691e-47
200,928,-1.82468740772919,2.8699112327578783e-39
200,929,-1.9637363441910791,9.342310878439903e-46
200,930,-1.9749942783679764,8.932988113181802e-43
200,931,-2.192673129336834,1.566983112791912e-47
200,932,-2.019864505912307,9.29993844402816e-42
200,933,-2.033338618417617,1.8921157606933976e-45
200,934,-1.8869140950196144,8.892045322193553e-42
200,935,-2.213534644676562,1.289215215464637e-48
200,936,-2.027080367471953,3.39769405135107e-44
200,937,-2.0986852793871247,2.0379115087315508e-50
200,938,-1.9694056588812243,5.168925771307471e-43
200,939,-1.9696022819571475,1.555023800255295e-37
200,940,-2.109746497613969,1.0289070210483909e-46
200,941,-1.9785397339953619,7.049046522316149e-41
200,942,-1.9209481216992375,1.3727120797368369e-41
200,943,-2.0295366980026035,1.695172303298726e-39
200,944,-1.9519051771322866,9.420771067221887e-45
200,945,-1.9280305512974785,5.76003647497124e-40
200,946,-2.0765941700053476,2.0674724295415e-51
200,947,-2.072232728603243,3.2056529114725036e-45
200,948,-1.9855464181118645,5.6235936636489815e-42
200,949,-1.926283431087552,6.428405403230853e-38
200,950,-1.9663303232832572,1.6542504448309066e-40
200,951,-2.072029052299622,1.4052901623414576e-49
200,952,-2.109152379810575,7.901545842050837e-48
200,953,-2.0579060206596953,9.89672477497636e-46
200,954,-1.9939706086568307,1.6708843396093516e-49
200,955,-2.2357082996255926,3.4204081558685976e-46
200,956,-2.007221143544241,4.104496828614434e-41
200,957,-1.885373219849476,1.2750946638098015e-43
200,958,-2.1159030567880555,5.584271924723233e-43
200,959,-2.0549134941167466,3.7598585007755825e-46
200,960,-2.096473824984434,3.7237563935619985e-48
200,961,-2.141862855074513,6.845926351054242e-57
200,962,-2.02948562746281,4.9826140849070796e-45
200,963,-1.8638679653297618,2.607064938417713e-38
200,964,-1.9713675613803234,3.867909877086298e-43
200,965,-1.9623596597137647,1.741505705392861e-44
200,966,-2.0513808384075523,3.794564802108609e-47
200,967,-2.084824643706586,1.3474758930493114e-42
200,968,-2.000602107075201,4.703020730267191e-40
200,969,-2.121620567273391,4.128943444222103e-49
200,970,-1.99887423581933,4.2594555807803885e-45
200,971,-2.119887049258498,6.47523753906051e-48
200,972,-1.9977628000805208,1.9824008274041514e-41
200,973,-2.024626319743332,1.1291041882217613e-45
200,974,-1.9266602182041934,2.3091545358536612e-42
200,975,-2.1007395252921723,5.309118221733273e-43
200,976,-2.182405591493155,1.3406607336071554e-47
200,977,-2.1262884338543024,1.857148859742889e-42
200,978,-2.104366451192943,6.926366854117668e-40
200,979,-1.9736525161535345,4.411977002034262e-41
200,980,-2.041385002159145,8.508300390363958e-38
200,981,-1.964106192835711,6.882915521749509e-47
200,982,-2.1349114666861615,3.2512299215040024e-48
200,983,-2.1154535498513356,1.8852827925595807e-48
200,984,-1.9576597767732276,1.1321230649844844e-43
200,985,-2.1245245193355347,3.726267987074689e-46
200,986,-2.0667689173799424,3.307635077531028e-45
200,987,-1.9896276458192688,2.14893872835578e-43
200,988,-2.007666713950699,7.671400205544593e-42
200,989,-2.0117473830756243,1.1367454803286188e-45
200,990,-1.9838688019982875,5.963094995782085e-45
200,991,-2.01012441458846,1.8221549237008362e-42
200,992,-2.0837785062938075,7.032446587817427e-47
200,993,-2.0233614229547934,1.1389155818004145e-39
200,994,-2.120787482376577,1.775055022151978e-48
200,995,-1.9489534837405031,8.83750767211825e-44
200,996,-2.2118645859009325,5.749428700954331e-54
200,997,-2.1183234567899314,2.943099144861301e-45
200,998,-2.0905436749873605,3.429079227015125e-49
200,999,-2.071183111823779,1.6247590786836728e-45
300,0,-1.8859879503051076,1.6889623868269066e-61
300,1,-1.9338960138524248,1.7456925766168554e-60
300,2,-2.034757270169848,5.1605487118139544e-68
300,3,-1.908264486724689,3.9939094177157415e-57
300,4,-2.0340269873588657,4.9268663258872195e-74
300,5,-2.1230531703852558,1.578997630191321e-67
300,6,-2.012251778286603,9.893251145735592e-69
300,7,-2.028615939060961,2.092099539763639e-64
300,8,-1.9308320699542616,2.5555959864562095e-59
300,9,-2.0457285841610195,3.526101984387491e-69
300,10,-2.061961472740098,7.923516163676318e-68
300,11,-2.0595590226741862,4.385653722165585e-67
300,12,-2.0140173151237306,3.7222127522504186e-65
300,13,-2.04674138696575,8.308101090983956e-67
300,14,-2.139112711996966,1.1375459076348297e-75
300,15,-2.0987106996982314,2.2532501617089871e-66
300,16,-1.9800161974498307,4.61130678842986e-67
300,17,-2.047807631796169,2.809475739825982e-66
300,18,-2.063931376872109,7.347854977046635e-68
300,19,-2.063012128894804,1.658461323889626e-72
300,20,-1.9799063886182076,3.6301581845773145e-67
300,21,-2.0112592176209514,3.4182930575766526e-72
300,22,-1.9711416046052133,3.3201696697791434e-60
300,23,-2.026880382632238,1.6100189562136734e-72
300,24,-2.0830880385441075,5.375952769848635e-68
300,25,-2.0447785076348177,4.208539561460218e-67
300,26,-2.0511633830306595,7.547938846208502e-64
300,27,-2.1613648561226135,1.785008510698708e-67
300,28,-1.9973873590918982,5.9441125798944096e-64
300,29,-2.0542224199925627,1.1874210740914451e-58
300,30,-1.976640616723163,8.80802019868575e-64
300,31,-1.9341540364243848,2.352920053170753e-65
300,32,-1.9499520925748604,5.303937095509639e-61
300,33,-2.0264528739576635,1.0068155538904068e-65
300,34,-1.9548866808462035,1.3269807513719492e-59
300,35,-2.068721430019912,5.529255150619964e-72
300,36,-2.032173035110511,4.2501116375588096e-66
300,37,-2.087913212703792,2.751354888453936e-66
300,38,-1.959575775112417,4.0329819882493525e-59
300,39,-2.1322221651643343,9.085798268214456e-72
300,40,-2.0777495370145322,1.1920623073536003e-67
300,41,-2.016447259395072,4.722550298911165e-64
300,42,-2.0557348911830378,2.189493119709551e-68
300,43,-2.0490171327959867,1.1490913872273842e-67
300,44,-2.156048996084479,1.9952269907808012e-71
300,45,-2.002560459948678,5.13378003054527e-66
300,46,-1.998691779066477,1.672324462200596e-57
300,47,-1.9219008273930287,2.7769533572728023e-63
300,48,-2.0651658955814023,4.776575284357887e-65
300,49,-2.019253290379181,5.3283561981028775e-67
300,50,-1.9877343349032133,2.1536901290548428e-64
300,51,-1.927265701821078,1.2415474708810501e-67
300,52,-2.151799076613713,6.940100857625156e-72
300,53,-2.0333950473377413,1.1014486257040992e-69
300,54,-2.067887889551839,5.127655846463594e-62
300,55,-2.014691431897801,7.365841820511133e-66
300,56,-1.95040267903354,3.728255686472942e-62
300,57,-2.180332742193123,2.827679630984413e-74
300,58,-2.0393529323800443,7.321474866306386e-67
300,59,-2.018484783786068,2.572299173306483e-63
300,60,-2.052142210238463,3.75475972198936e-70
300,61,-2.1078650194502675,1.3095831947942845e-67
300,62,-2.0254970894541984,8.239987464519208e-65
300,63,-1.856663895233889,1.7552859905249988e-57
300,64,-1.998997957996285,4.960947205747006e-68
300,65,-2.0353192132322997,1.777373836002303e-69
300,66,-1.986176522126157,1.6730162455101935e-60
300,67,-1.95105896281878,1.4655032726398585e-64
300,68,-2.0662976816492113,1.5452796629431348e-65
300,69,-2.1502951546721825,2.5651625549556287e-68
300,70,-1.9700547220009508,5.862198453200976e-59
300,71,-2.0531800173612043,3.496156686581217e-64
300,72,-2.1911159975288195,1.4012235172600475e-70
300,73,-2.0630518571353287,2.041448901844176e-64
300,74,-1.9366168180634524,8.33530749349384e-57
300,75,-2.0662340949205786,2.916294238914843e-67
300,76,-2.0748872826117495,2.8505631420409437e-68
300,77,-2.0290409780809444,6.948369869085957e-66
300,78,-1.9371177586059423,1.3849928381929994e-64
300,79,-2.0576006956901676,2.5111003423848988e-67
300,80,-2.0563562268482585,9.24049036064e-66
300,81,-2.007024887953201,6.264420706010145e-68
300,82,-1.9889665017478242,1.1806553400054264e-57
300,83,-2.075039049285582,2.473616408562759e-71
300,84,-2.004706152219346,2.1450144398430097e-64
300,85,-2.098962128210311,7.935415061197845e-67
300,86,-2.0565908418792436,2.4127884566164843e-73
300,87,-2.0496771809969667,9.087266806188471e-71
300,88,-2.051618550519449,7.413739336761733e-67
300,89,-2.1221577785002896,3.1553794329193007e-66
300,90,-1.9700439852167237,3.009781285525472e-66
300,91,-1.9782598501989792,2.720266341660404e-62
300,92,-1.9098025331326847,3.915314373151315e-61
300,93,-2.0541546119510237,2.459346665645898e-65
300,94,-2.0525323312456507,7.641617762693911e-67
300,95,-2.003131249304891,6.795989542334007e-61
300,96,-2.019234428577965,1.761219062069211e-64
300,97,-2.051546843545557,9.854593396309819e-62
300,98,-2.0620599879232344,4.4226612300805883e-66
300,99,-2.0336264030717013,1.186034626341081e-74
300,100,-2.016705658382178,1.6577326233004473e-64
300,101,-1.9617614780180332,2.385271042690977e-62
300,102,-1.9336544192692458,8.065332116778354e-61
300,103,-1.9597563803551807,7.951446836714374e-62
300,104,-1.9680321654764468,1.3390405487787975e-63
300,105,-1.9804472371825623,1.2612323755568922e-71
300,106,-2.063206818593348,2.2255647374089279e-66
300,107,-2.077563004468842,5.698318306066449e-71
300,108,-2.0083741315450876,1.1261598197947555e-61
300,109,-1.9875735981541496,3.501179793369491e-66
300,110,-1.9499651031780934,5.704734226143071e-63
300,111,-1.9649865148270935,2.6300193310264678e-64
300,112,-2.0429444948555444,1.0525286182045791e-64
300,113,-1.9747711765377804,1.6381088542406124e-62
300,114,-2.003063168874437,1.6025005803674404e-64
300,115,-2.0403777280375666,2.0936767163976953e-65
300,116,-2.159550881588202,1.7396718288040761e-68
300,117,-1.8702786575997878,7.042221247951094e-61
300,118,-2.120211971838385,1.134591310809296e-70
300,119,-1.9399331010475125,7.462840913758692e-63
300,120,-2.1172556070751867,2.725563102291672e-75
300,121,-2.0069521419416123,6.223261355069222e-67
300,122,-2.0325462897665245,2.9027121955916663e-63
300,123,-2.013686202873486,2.8254418455249287e-68
300,124,-1.9848077705842266,2.935742922658872e-65
300,125,-2.056915268310874,1.6696275381090364e-66
300,126,-2.086460577621561,1.488510937941888e-67
300,127,-1.9253358199350394,1.1949547599056405e-63
300,128,-2.047144475809743,4.779707023479394e-69
300,129,-2.1012162695000924,1.9685192302760584e-68
300,130,-1.9575645557108006,2.7931596788158867e-62
300,131,-1.9905801681703714,5.685037797990196e-62
300,132,-2.0990379447494174,5.125921918693351e-63
300,133,-2.0229607900914823,2.6821029595726975e-66
300,134,-2.111887323751975,1.2827649777219853e-68
300,135,-2.0065092484057523,3.4566640390205345e-69
300,136,-1.9110356891981537,9.050400965058119e-63
300,137,-1.9511801250611613,6.281451402332724e-61
300,138,-2.0069192275958914,5.15479058543666e-65
300,139,-2.013034332087641,1.0852086715203486e-63
300,140,-1.9585999649410235,1.1193351247067658e-62
300,141,-2.022130668226736,4.5631701264457243e-67
300,142,-2.117483088076484,2.6164492837657862e-64
300,143,-2.0368110675699063,5.229837728415936e-67
300,144,-2.044268330733397,5.833939600193846e-63
300,145,-2.073376970297198,9.005079254216087e-68
300,146,-1.9112464244507477,1.4680791389105462e-60
300,147,-2.0117535380709723,1.3300797635004994e-62
300,148,-1.9250713825100583,5.659565044880826e-59
300,149,-2.110792118857029,3.030906602731043e-66
300,150,-2.076660516230863,1.3824254771758416e-65
300,151,-2.0608483724433038,4.738423914204046e-65
300,152,-1.9306808978343897,8.830950972669175e-62
300,153,-1.9256605268803195,4.6893390675558996e-61
300,154,-1.9344766029440548,9.014092426126007e-59
300,155,-2.0800114438183472,2.3635512966979327e-65
300,156,-1.930007778943855,1.509104674566224e-67
300,157,-1.9852812266018338,5.480632707234982e-63
300,158,-2.0472089894463084,3.603086813730528e-66
300,159,-2.047088901293222,7.617158665326901e-66
300,160,-2.0439155511586033,2.553093141716339e-63
300,161,-2.190643388940436,2.075416029636644e-73
300,162,-1.9559684776657758,2.5760306774617993e-72
300,163,-2.0178317527251783,7.24126787891973e-67
300,164,-2.0576529887621167,7.472739446121007e-65
300,165,-2.0288401631070156,2.6628656937652873e-62
300,166,-2.0670787736066334,8.379818091935228e-66
300,167,-1.9501125807081063,2.4565153736775002e-61
300,168,-2.042075176526555,2.628548735255414e-61
300,169,-1.9397868319445672,1.0650023309562692e-54
300,170,-1.9102563617821495,7.01495874715133e-66
300,171,-1.9324624624493056,3.5277486727768356e-59
300,172,-2.0255252498775755,4.819360283181062e-66
300,173,-1.876030248228406,1.236310549971243e-59
300,174,-2.039012325010156,4.48718518153778e-62
300,175,-1.9892461323565351,1.0189777485337366e-68
300,176,-2.080204563370841,1.2524713813156887e-67
300,177,-2.0563181209311514,2.1429063828287238e-64
300,178,-2.1230124860003077,8.270082555931038e-67
300,179,-2.046249048189531,9.657146717738023e-64
300,180,-1.9962669683231278,6.951931510721379e-64
300,181,-1.9994143968171825,3.61100449265878e-65
300,182,-2.114714460623331,2.251281816687597e-73
300,183,-2.013834293506781,3.445309392339269e-63
300,184,-1.9487876311447403,2.5610207515845627e-59
300,185,-1.960669565635854,1.7521887272816991e-65
300,186,-2.0790551897438556,2.446403570793623e-67
300,187,-2.152138044192278,4.9125968290558824e-65
300,188,-2.111332362095342,3.901209709063964e-71
300,189,-2.0547105521238835,4.626955295697073e-65
300,190,-1.9592777751225219,2.121100532442727e-62
300,191,-1.9335812034032749,4.594993620711012e-61
300,192,-2.023795602269627,5.459141696609981e-63
300,193,-2.080997065651718,7.613627482675842e-68
300,194,-2.0071550305500727,6.988489138497076e-64
300,195,-2.070610934513766,7.965184423780713e-72
300,196,-1.985370852678046,2.2116033279744056e-62
300,197,-2.099134942746507,1.9661641257546134e-67
300,198,-1.9535752006060276,7.80666060112019e-65
300,199,-1.9276520916205753,3.983830534828827e-62
300,200,-2.007349022167843,2.314062123787434e-65
300,201,-2.0717443651336813,1.516776586569677e-66
300,202,-2.036964423881396,1.7136420930642058e-62
300,203,-2.02552884381278,1.146249237896001e-63
300,204,-1.9770741555448028,3.086145725903686e-64
300,205,-1.9373361691718012,1.4399858080201237e-62
300,206,-1.9938862813898837,4.126322014084846e-61
300,207,-2.0787871370903757,3.461534150680637e-67
300,208,-2.0466456242231263,1.1634420070749599e-66
300,209,-2.038544781004828,1.610520307086537e-60
300,210,-2.0120319779045834,1.8049585861285957e-62
300,211,-2.095683842500905,9.609709733395915e-64
300,212,-2.079726426760063,4.1373807528306624e-66
300,213,-2.0616020578899485,2.4300803826513967e-60
300,214,-1.986259350609644,4.284027507833971e-61
300,215,-2.03843103976282,2.2262884119286976e-67
300,216,-2.0386765998745213,2.253100896669353e-62
300,217,-2.0384032691551184,1.291611350640684e-60
300,218,-1.9555746666535017,5.383023267144956e-59
300,219,-1.9709417678882213,9.53558714921077e-62
300,220,-1.90688646011235,1.0704315123453895e-70
300,221,-1.8924645675168064,9.523676222707316e-59
300,222,-2.1073855306326816,7.900649783338103e-73
300,223,-2.071402857422526,4.180657213098196e-65
300,224,-2.130740405876301,9.684403715043263e-74
300,225,-2.047938354012137,1.9709392965957284e-65
300,226,-2.074570598605984,2.8094401083513166e-71
300,227,-1.997001256336091,1.1497012893615615e-69
300,228,-2.011034843935909,1.4667395349128384e-66
300,229,-2.065365800281139,6.552418317010886e-64
300,230,-2.0774372498588063,1.2731115555434243e-68
300,231,-2.045035623835491,1.1108221773240645e-65
300,232,-1.987060280582436,9.390873176804055e-63
300,233,-2.1793563338475934,7.084746403532724e-77
300,234,-2.048104652677657,4.8991121342602515e-65
300,235,-2.0466742606377846,1.641701630831288e-66
300,236,-1.9799932742935145,5.387369059050899e-63
300,237,-2.006209245389818,4.01132666237579e-61
300,238,-2.0537774239723667,7.138627446340533e-62
300,239,-2.0539700177255167,1.1560249859523842e-65
300,240,-2.204421191568607,1.5326225423871883e-68
300,241,-2.139207994717231,1.2499388695546322e-71
300,242,-1.9851232715870486,1.505613116524e-64
300,243,-2.0122786603255367,6.367330927320836e-63
300,244,-2.0057292429047546,3.370753467088589e-63
300,245,-2.1086752966584044,7.611812416739293e-65
300,246,-1.9969780840185196,2.980921579005094e-64
300,247,-1.9965999886700105,5.301704415254606e-60
300,248,-2.010627316050746,1.9733176739809002e-63
300,249,-2.159620475240491,7.963487209663619e-66
300,250,-2.0792008109807556,1.9665043385334553e-67
300,251,-1.994207180825077,2.156454675087996e-66
300,252,-2.002011990880405,5.58621791048705e-65
300,253,-1.988514611350939,4.881155221328262e-62
300,254,-2.022567979449751,1.740543226246403e-65
300,255,-2.094681912625587,5.430984931982832e-69
300,256,-2.057715572160099,9.077272693024904e-70
300,257,-2.0925920826881503,6.314996320994271e-67
300,258,-2.0588965863637343,2.2503560067053474e-70
300,259,-2.0420504651677813,6.525042851267183e-67
300,260,-2.018783480283335,8.196738395776323e-64
300,261,-2.0593629667722393,2.5450148759662087e-69
300,262,-2.0789062302268357,1.9495280418995405e-70
300,263,-2.0517223159058107,1.2002161194380112e-65
300,264,-2.0291469359681322,5.432721475104857e-61
300,265,-2.1075108031145717,8.972038394771187e-67
300,266,-2.0462446830809586,1.6963297777812894e-64
300,267,-2.057589585642244,6.948130320182257e-63
300,268,-1.9988730735670783,2.594331775352684e-60
300,269,-1.902798357104027,2.0062703030694219e-56
300,270,-1.9693998144029043,4.683449401341957e-62
300,271,-2.0636027820929304,6.243573153277642e-72
300,272,-2.0285895630824475,4.5790440606444593e-69
300,273,-1.956958792252042,2.2046815165828065e-63
300,274,-1.9471247528392004,1.741938890601414e-60
300,275,-2.113665413301584,4.909156268163271e-68
300,276,-1.9967340703470322,1.3118768921712044e-64
300,277,-2.075688898322184,1.0448839749374195e-65
300,278,-2.0655060816641404,5.808971176753867e-71
300,279,-1.9901867590658222,2.3546695803756408e-64
300,280,-2.0520437296448195,7.622923396972626e-68
300,281,-1.9710014215435168,1.9739265823541145e-61
300,282,-2.035051650536742,7.370259254273777e-64
300,283,-2.079381398860697,3.778144240747362e-73
300,284,-2.039753399080995,3.0833785105702145e-63
300,285,-2.1177552055308766,9.931445047437795e-66
300,286,-2.008680910934789,3.866608680732977e-65
300,287,-2.0281740165527715,4.2826533466017574e-60
300,288,-1.9829046691973886,4.213374410397444e-59
300,289,-2.038635163611766,2.8552738651114912e-71
300,290,-2.017176226477978,1.2632194611552937e-63
300,291,-1.9747546558416857,3.5658147568707414e-67
300,292,-2.0491069246824862,6.802768617325009e-63
300,293,-2.0870003595003173,7.863661976033126e-70
300,294,-1.9991295407523557,3.2772439310959095e-67
300,295,-2.0824411045769082,1.1929756099889429e-65
300,296,-1.9899017006569037,4.224502941393738e-67
300,297,-2.0058110519653933,1.2765755858744695e-63
300,298,-2.006078339027291,1.0497225035673337e-65
300,299,-2.1802893741318403,6.861967522611157e-65
300,300,-2.017188696935883,4.322256680341113e-65
300,301,-1.9396915348724875,5.615400256259973e-61
300,302,-1.972463456860475,4.761241070215118e-64
300,303,-2.0544927288305956,1.6200312681118143e-63
300,304,-2.046172534851131,1.998623976329022e-62
300,305,-1.947644080266734,1.4032003452012882e-60
300,306,-1.9054694482086765,1.9625549638378286e-60
300,307,-1.9239180825200544,6.036460909285096e-61
300,308,-2.034379518676375,4.2647997091894517e-60
300,309,-1.982659851068794,8.157662982949306e-71
300,310,-1.9960246443459262,7.07760787531781e-67
300,311,-2.0080980040327274,4.2932862820556353e-66
300,312,-2.057813101788902,1.523900017155221e-66
300,313,-2.0186393023044626,8.674930470547339e-65
300,314,-2.0528383270559294,2.9785177990773055e-64
300,315,-2.001074512565717,1.3215369587486655e-62
300,316,-1.9529238579693535,9.6783041824662e-62
300,317,-2.040774524612268,9.046299782262302e-60
300,318,-2.072747760172472,4.77066616125778e-67
300,319,-2.0191526903564228,3.3600276626433977e-67
300,320,-1.9957653346712236,1.62610902441859e-61
300,321,-1.924712220656482,3.002378380754347e-68
300,322,-1.9706478663870284,2.0537071884232368e-60
300,323,-2.08315518302891,2.4937244751721228e-67
300,324,-1.889278423349137,5.8689670485609675e-55
300,325,-2.105660514915076,2.4204828546192677e-64
300,326,-1.9408609834678021,6.484354967696724e-60
300,327,-2.0909910310303275,1.5714936493543948e-66
300,328,-2.0267983959326177,9.19269938436678e-61
300,329,-2.115697421834592,2.4106053562384848e-70
300,330,-1.9761008073017026,3.2306795271648154e-62
300,331,-2.063433409669309,5.320025277916399e-68
300,332,-2.0297722107212843,5.968226574467631e-63
300,333,-2.0707578979086145,4.101544168859638e-65
300,334,-2.0204447865475643,6.353253566745988e-70
300,335,-2.0690025322802725,1.5229659295021455e-68
300,336,-2.069565197548365,3.7013069647674656e-68
300,337,-1.938811743367138,1.1970644033495707e-58
300,338,-1.983915842362383,1.1621738905709246e-59
300,339,-2.0112577182156137,2.4302381732075072e-63
300,340,-2.045064747155916,1.7188568182089084e-69
300,341,-1.973837034325208,8.911956208374793e-63
300,342,-1.9831567420189318,7.605275181328303e-69
300,343,-2.1022452621403422,2.4809854243205254e-72
300,344,-2.064886540142809,1.9710417196100878e-66
300,345,-2.1672485843352725,1.6091951605488906e-71
300,346,-1.9931285123180205,1.0448654755896053e-67
300,347,-1.9833753462553005,5.707297115729367e-63
300,348,-2.1222342906003133,1.2021326677847063e-72
300,349,-1.960830020618146,2.669024020968971e-59
300,350,-2.007010398165355,1.4811584460173398e-66
300,351,-2.040363751304392,1.3226990720249339e-65
300,352,-2.1156950843096887,8.274902116187504e-65
300,353,-1.9445825270711072,1.5326953714870045e-59
300,354,-1.9651601320336258,3.6008325223552345e-61
300,355,-2.139283670993062,2.8167788721583715e-65
300,356,-1.8831122190045217,1.0177020127467958e-57
300,357,-2.096675794526485,2.153554319371149e-69
300,358,-2.0521539417034527,3.7196591914669065e-66
300,359,-2.101576733102842,4.533581861821613e-68
300,360,-1.938647065494819,1.962118920341483e-62
300,361,-2.0788371367481275,2.411023744817009e-63
300,362,-1.9835024120269757,1.0612132091795004e-60
300,363,-2.0286430152976322,3.54566335467176e-65
300,364,-2.0403438496216353,4.2703128459926256e-66
300,365,-2.0009668128707006,2.3507635826631167e-67
300,366,-2.0408010756221033,7.004131780895875e-67
300,367,-1.9944217958595098,1.532513624903033e-63
300,368,-1.967520150652259,3.752766387284997e-68
300,369,-2.0507200173654967,4.099034113849209e-63
300,370,-2.0260844365755117,6.076067617424806e-65
300,371,-1.9677753129105957,9.51269854153982e-58
300,372,-1.9401529662443,1.460639737271659e-60
300,373,-1.905118662438742,3.344633598026052e-57
300,374,-2.0783959898255544,1.1800492568239472e-62
300,375,-2.0160899600797695,5.267757593238409e-69
300,376,-2.1004237867796896,1.430345247592797e-67
300,377,-2.114652910837753,1.065759592218e-68
300,378,-2.045750818651009,6.897008963748528e-69
300,379,-1.944713544058847,7.496002470643492e-56
300,380,-2.1786058142522853,1.1296681205845554e-68
300,381,-1.9919945464555493,1.1632248247997531e-60
300,382,-2.059244170386486,2.4775765420720334e-67
300,383,-2.0701389687894833,4.876903313728858e-67
300,384,-2.105762307070602,1.069384236394557e-66
300,385,-2.0170825475989984,1.512690419510321e-67
300,386,-2.042789170367196,6.522196366505952e-70
300,387,-2.036396909227438,1.49844779471104e-65
300,388,-2.0714873836707257,3.2943942785827936e-71
300,389,-2.0488429124343597,8.156502225561599e-69
300,390,-2.093719419350344,1.2316284715741705e-62
300,391,-1.9484752231382325,1.9524111410867746e-60
300,392,-2.0693679379409495,1.3181389480188846e-61
300,393,-2.062553558916391,1.1938783330508586e-67
300,394,-1.97651166667357,4.0259029906287375e-67
300,395,-2.0409166147644644,2.3585398927992714e-68
300,396,-2.2106897169206325,4.809178122114373e-72
300,397,-2.105264089278032,1.3973754159753083e-68
300,398,-2.0973299003587886,1.0466294854021038e-66
300,399,-2.1215227014311218,1.1883595771644517e-67
300,400,-2.034608694564617,5.538008639190728e-68
300,401,-2.0474482803122225,2.7035321168829055e-62
300,402,-2.0273882730697705,2.1509124973609702e-63
300,403,-1.978090869445026,2.0333676219126157e-70
300,404,-2.0932278786480385,5.220252468578697e-69
300,405,-2.0243710646191673,6.212412296298016e-65
300,406,-1.9803556191101777,7.523854332751476e-61
300,407,-1.9883308460229756,9.188594614046561e-62
300,408,-1.956400533015966,2.2019382167782443e-61
300,409,-1.924148445543672,3.449930369791363e-61
300,410,-2.1607078518413934,9.644432723914754e-74
300,411,-2.068823819204722,2.0806589752445386e-64
300,412,-2.0612872980934664,2.0914336167858984e-66
300,413,-2.064591000115997,1.221447782430391e-70
300,414,-2.0826355211062566,1.398403188236277e-66
300,415,-1.9128020628566,1.4221745729431137e-62
300,416,-2.0743086384690352,8.970192690154288e-68
300,417,-1.9611917642371113,7.073303293939962e-63
300,418,-2.035860338924703,4.453999326976732e-68
300,419,-2.012693136885562,5.062440950802209e-65
300,420,-1.9783401072768019,3.3761952304598555e-70
300,421,-2.051614016381385,1.7504178867646981e-71
300,422,-2.0077498416845287,6.297521415001831e-67
300,423,-1.98447815020213,3.291285136058693e-60
300,424,-2.0452801091789636,7.539973828366368e-60
300,425,-2.1197584451505644,3.357478021006121e-67
300,426,-2.0788492831738896,1.0152151535679552e-60
300,427,-1.9667149329573128,2.9111549026923752e-67
300,428,-1.952223019220753,5.9519151495344236e-64
300,429,-1.9148443672603532,1.4815722319125072e-57
300,430,-2.036090499004086,2.4555830672884314e-75
300,431,-1.8934947708623202,1.0770253562846185e-61
300,432,-2.1005580264517194,3.0141653702544584e-68
300,433,-2.0048517352710284,5.498940919973351e-69
300,434,-2.05320721064236,3.252376598298204e-60
300,435,-2.0119959554756672,6.043283893444034e-68
300,436,-1.9509906113524158,4.040244235619248e-58
300,437,-2.0459549940112502,2.5701312626710884e-68
300,438,-2.026057859623652,5.037672566767513e-63
300,439,-2.0812292370012555,2.6866614971108027e-66
300,440,-1.8957973583952663,4.647309422019312e-58
300,441,-2.0466171186618816,1.484244470541555e-65
300,442,-2.047448356791331,3.312078891906205e-64
300,443,-1.9513468842819304,1.6537886611912438e-59
300,444,-2.022769715900533,7.7210496535725845e-62
300,445,-2.1574669093024657,3.9433081346521214e-67
300,446,-2.0131094141684285,1.1401276887929397e-65
300,447,-2.0958628375987596,8.708136757382896e-64
300,448,-1.9911764004956858,1.0599716839498672e-66
300,449,-1.9713730055278917,3.851262219380057e-60
300,450,-2.0417594738711955,1.6239485304951694e-64
300,451,-2.0441341104933057,3.082771827773319e-64
300,452,-2.075725425436353,4.3504455378558013e-67
300,453,-2.006277062076985,5.2661408868502286e-67
300,454,-2.1022656131922552,1.2728410068618876e-65
300,455,-2.106541094259488,3.1525236390541484e-79
300,456,-2.0594817786008557,5.769894725814126e-63
300,457,-2.018180826131726,1.0395928767968672e-63
300,458,-2.0156726698461105,2.036328216045489e-63
300,459,-1.944889824494716,3.934038722558651e-61
300,460,-2.0124456413904994,4.5530801020013047e-66
300,461,-1.9607306920815226,1.6127649577410137e-64
300,462,-2.017250169972444,2.055558042885197e-66
300,463,-1.8859556486503282,1.1486386540193538e-62
300,464,-2.0728860329160437,7.887903619678638e-66
300,465,-2.0504830076541074,7.714081998076926e-65
300,466,-2.002253608265236,2.2275402680169915e-61
300,467,-2.059686067132928,6.14089861811708e-64
300,468,-2.004117076664338,1.3352937344169306e-62
300,469,-2.0506746187443126,4.1410951681884156e-63
300,470,-2.0305744416574942,7.142183916438516e-62
300,471,-1.9584881475339815,1.7273798891083412e-61
300,472,-2.011655383345146,1.9362197720276126e-63
300,473,-2.1148836621993796,4.989932120276646e-66
300,474,-1.971093172331428,2.5980301311080236e-63
300,475,-2.0026754510794236,1.8480181785077346e-66
300,476,-1.9911761346675094,2.7359465366759163e-68
300,477,-2.0647256419687334,9.429970295990947e-69
300,478,-2.094111166423674,4.992941522452426e-68
300,479,-2.0514410278873916,4.347298015729286e-66
300,480,-2.0204474758368542,5.419618973185539e-66
300,481,-2.0933944110296734,5.524261935329529e-61
300,482,-2.0154424597416565,1.4900280589071825e-60
300,483,-2.1165860211547125,1.0178620531331384e-69
300,484,-2.1180197717469706,6.842633491711502e-67
300,485,-1.9557574455731332,2.3155631651793134e-62
300,486,-2.066412389092564,3.2065164496643962e-68
300,487,-1.998492996330424,1.0702632927133335e-62
300,488,-2.0257202278071897,3.5778985378210206e-66
300,489,-2.0925842713996294,1.8180178683374713e-66
300,490,-2.024283540489943,3.7211406400239085e-63
300,491,-2.081622794236411,1.2222400710801558e-65
300,492,-1.8839052741018172,1.4199579972292675e-57
300,493,-2.100852553435973,3.9177466350433603e-70
300,494,-2.0349475709969136,2.4384399095044e-62
300,495,-2.0338946813206773,1.119075562604954e-61
300,496,-2.0453901002840267,6.529774896859373e-65
300,497,-2.015232512542121,1.6605668817964592e-64
300,498,-1.9202619084288512,1.301956196390292e-59
300,499,-1.998236611675405,1.002662199303732e-63
300,500,-2.0865146980060194,1.810903569370951e-68
300,501,-2.02175129514481,2.535584603534225e-68
300,502,-2.1342763872675032,1.6361079006110035e-73
300,503,-2.0309149689911052,4.28349453259619e-66
300,504,-2.0898735015222103,3.874731615990061e-71
300,505,-1.9702778372798058,2.7069129939161245e-61
300,506,-2.026138887180143,2.6297117779719955e-66
300,507,-2.15613812748415,2.8469273344263427e-72
300,508,-1.9334798902387753,2.9194096988783335e-62
300,509,-2.0420302053119004,8.579641411848916e-63
300,510,-2.003346726492004,2.960996530349414e-64
300,511,-1.9606379828097449,3.28879570664091e-62
300,512,-1.9664594704082194,1.0476394230082665e-61
300,513,-2.098276977228573,3.672296296728066e-74
300,514,-2.043961850892029,6.406701267884488e-66
300,515,-2.0521658713851068,4.610919821055783e-69
300,516,-1.9809492563492244,4.50920036093344e-72
300,517,-2.0432116355722574,3.511707931726782e-63
300,518,-1.9101566100108656,3.7163964465580376e-62
300,519,-2.033722154856159,8.258253785575095e-70
300,520,-2.0466145868979932,3.2295650078089544e-65
300,521,-1.9807430158589403,8.096715250067866e-62
300,522,-2.037424538702825,2.449169912312732e-66
300,523,-2.01598163189424,3.53282557781814e-65
300,524,-2.0425915215507082,5.133860154058116e-75
300,525,-2.070117283977199,3.3556587091840205e-65
300,526,-2.0215385495444584,6.100263805627127e-68
300,527,-1.9765380056221211,7.657612042516775e-67
300,528,-2.0022446997641685,3.155902808280047e-64
300,529,-2.0901101570282528,6.553103017335512e-71
300,530,-1.9734457080956966,5.337365035298335e-60
300,531,-2.0440855381677983,9.870936864751261e-67
300,532,-1.9759499252997976,3.5983149920346267e-60
300,533,-2.108772502612254,2.801934165277942e-65
300,534,-2.0859206402119828,4.727017934639669e-65
300,535,-2.001656815318136,6.751911321157275e-69
300,536,-2.0039071190213873,1.5230624921484595e-68
300,537,-1.9756763166753846,1.2762203721056651e-64
300,538,-1.9818497923974787,1.948347821488625e-64
300,539,-2.1141864764208558,1.1335018150760454e-71
300,540,-2.005557325770866,2.1827515039555133e-64
300,541,-2.038715683626685,1.1718955151424507e-71
300,542,-1.9751372827499925,6.747229266763021e-68
300,543,-2.078171427122011,6.423269351957649e-60
300,544,-2.0926170681185186,4.023494578436811e-70
300,545,-2.1277302199007346,1.9119811075909475e-72
300,546,-1.9849627369970095,5.999302739467424e-60
300,547,-2.0573662068280063,1.4441393896603893e-71
300,548,-2.1145468571065296,1.803664420205217e-69
300,549,-2.0054946720919897,1.1241516279427851e-62
300,550,-1.9184784165065958,5.637725852389809e-59
300,551,-2.041225733002083,9.714556311008586e-64
300,552,-2.0888527709443947,2.717690778494534e-65
300,553,-2.112636346495335,5.021472725432756e-71
300,554,-2.0688273497204417,3.64317904643086e-64
300,555,-1.98303173943878,6.002606259045577e-61
300,556,-2.161230812062878,6.5989158165318774e-77
300,557,-2.1348238888927185,3.2733664240605877e-79
300,558,-2.003942696432703,3.4735383416509674e-63
300,559,-2.0577917353020974,5.808829944839117e-69
300,560,-1.9023596674270218,7.481322720548076e-60
300,561,-2.1127308929532163,1.2521103622597374e-72
300,562,-1.9369862300437193,4.5659225042431325e-58
300,563,-2.2264526796427564,1.373152954823838e-66
300,564,-2.034050228464438,5.699837146804065e-67
300,565,-2.0374102594533285,2.5548963333110677e-69
300,566,-1.9783859383488416,7.127860206168484e-63
300,567,-2.10438751536308,1.4709690082316116e-67
300,568,-2.0738999565749925,4.8518343131335026e-70
300,569,-2.0265352067707925,4.799709405616209e-69
300,570,-2.0873251677331632,4.8644165959883394e-61
300,571,-2.066588586597261,1.3952120840362706e-63
300,572,-1.9822301861448475,3.374790318126076e-62
300,573,-2.196140131769595,2.4585445628239317e-72
300,574,-2.00930759379992,3.1314862967581605e-63
300,575,-1.939763484813609,5.472755671205853e-64
300,576,-2.040395810244142,9.061596284501273e-63
300,577,-1.965501233527565,3.1553854089042e-60
300,578,-1.923776995357997,7.806615837027438e-62
300,579,-2.037170507371921,1.3390777268114102e-62
300,580,-2.020188429925825,2.2872560654311203e-64
300,581,-2.058894282983224,1.0359336483811558e-65
300,582,-1.9433899194488102,1.6681601414407363e-65
300,583,-1.955575507246091,6.668600219258033e-58
300,584,-1.9620899729420485,1.3950360055910734e-65
300,585,-1.992062844200139,1.2638986236815447e-65
300,586,-2.0227874563152985,3.4249855102550886e-61
300,587,-1.9439150379557395,1.5323766022408699e-63
300,588,-1.9894131516079954,9.314563157067842e-62
300,589,-2.0089534793834245,1.412425863914422e-60
300,590,-1.9748177537729648,5.887831100641706e-65
300,591,-2.0957736466390458,2.933763971636225e-66
300,592,-2.0215323528149236,1.7911152970423153e-61
300,593,-2.0867894801563516,1.9311308794832507e-72
300,594,-2.050675247444519,6.079702174046754e-69
300,595,-1.9141717228481294,4.3062653192787485e-58
300,596,-1.88297718009074,8.87078883516812e-59
300,597,-1.9879640219849977,1.7068271117269583e-65
300,598,-2.032242792123835,4.911566441338639e-70
300,599,-2.054250227330628,4.0032370418327804e-64
300,600,-2.0482141110245493,1.0444046203984939e-63
300,601,-1.917520310916606,8.377514882237065e-60
300,602,-2.0546970045917208,7.667244760302012e-65
300,603,-2.1012963437829812,3.497714766872505e-66
300,604,-2.0793333169943367,1.4201284348960194e-68
300,605,-2.047256454985834,8.105318423455719e-67
300,606,-2.021257152334897,4.618056694986954e-67
300,607,-2.0515466318480167,1.4119736211035144e-70
300,608,-1.9726854935554456,2.9260327814721736e-61
300,609,-2.103963134426401,5.955604530666226e-65
300,610,-1.8629512955717358,5.744887503544197e-55
300,611,-1.914103461134114,1.6202513253434487e-59
300,612,-2.0980347243841564,1.2937415966254418e-67
300,613,-2.1188939130490443,1.11002421620045e-64
300,614,-1.9548683748294797,1.9243081886452645e-60
300,615,-2.036571544302314,5.862004499984837e-68
300,616,-1.88152197691152,8.042394276737572e-59
300,617,-2.030558220170711,7.447211123125542e-66
300,618,-1.9040501348855337,4.277884377046712e-56
300,619,-2.0850499957609143,1.0430873165714473e-65
300,620,-1.9747594515789153,4.410353653773441e-65
300,621,-1.9855216884103664,5.3149957326972346e-61
300,622,-2.0077270014160593,1.5745518704915338e-63
300,623,-1.9170530888771005,9.166034731350418e-62
300,624,-2.135317451871039,2.7428906185334324e-63
300,625,-1.9688085164652733,6.1600681042047725e-58
300,626,-2.042118429894571,2.7073747075677508e-67
300,627,-2.042104553927328,8.560653052709075e-76
300,628,-2.0405529229404555,2.279234113231768e-65
300,629,-1.9162247093881595,4.9715316063758285e-60
300,630,-2.07431529433076,2.0308361988194615e-66
300,631,-2.0316435375991775,2.9622114268648424e-64
300,632,-2.0986605372959444,6.7486132630089e-65
300,633,-1.9389702166613603,2.1388421084006286e-57
300,634,-2.1224508409883507,1.1487368313988954e-65
300,635,-2.0363906022577893,4.0065805743926125e-71
300,636,-2.131175791094984,2.1967935190855433e-69
300,637,-2.0470821566174946,7.890282334520574e-73
300,638,-2.02021337059816,2.6087728000818645e-63
300,639,-1.9889147546072037,1.6125763812401984e-62
300,640,-2.0894569938907654,1.2703416690326477e-67
300,641,-2.004043625308354,5.6992825301068655e-62
300,642,-2.2154704635891003,1.1509872579513786e-75
300,643,-1.9888312959365706,9.205566153743029e-66
300,644,-2.091422541609373,5.536159333651866e-75
300,645,-2.0407841283935353,2.6078375275828215e-69
300,646,-2.0564721730051945,1.464263813450281e-70
300,647,-1.9303582414458322,5.096409068684785e-63
300,648,-2.1645066262456245,2.796291629203908e-73
300,649,-1.9557053287272144,9.020315820098566e-64
300,650,-1.9536370850867248,4.5114703571259454e-60
300,651,-2.0142603748165806,1.4922025248975484e-63
300,652,-2.0971293154908963,1.6127191437814038e-65
300,653,-2.1207052316345605,6.0232561206334475e-65
300,654,-2.023530910567273,5.072504119267488e-64
300,655,-2.104374482755312,7.201940526888512e-71
300,656,-1.9474987786119407,9.141280708223789e-63
300,657,-1.8497805792179225,5.607079651328994e-62
300,658,-2.016266618404293,1.4347440042176356e-61
300,659,-2.032512966912554,3.87290336494097e-69
300,660,-1.9604536689143766,2.194193645367581e-64
300,661,-1.9779532494845018,5.156993341931719e-61
300,662,-2.0392883621510514,4.900852346946157e-63
300,663,-1.9684121502112673,9.387633328772315e-60
300,664,-2.034939089347006,1.4543968080999862e-60
300,665,-1.9586656689918627,1.5104897591691414e-62
300,666,-1.9513236629181874,2.349813329608432e-54
300,667,-2.0159441767903914,3.095603254288016e-64
300,668,-2.0458176932575887,3.297198495297896e-63
300,669,-2.055282785163093,4.937360846583746e-67
300,670,-2.0181669490117278,1.1642836457805568e-65
300,671,-1.9894027801503054,1.4755742672269822e-65
300,672,-2.0929669925028573,3.295635553944128e-67
300,673,-2.046444544515639,7.93431195947579e-67
300,674,-1.8004091647268163,6.528997826487886e-56
300,675,-2.1410810801286875,1.7466801490262826e-66
300,676,-2.0164789758727952,6.512208550500712e-57
300,677,-1.969826739290518,5.132314716614672e-59
300,678,-1.9916856069487263,6.114529871993946e-64
300,679,-2.160615701495818,6.613533342576984e-61
300,680,-2.0760391381543926,2.1070133813780916e-68
300,681,-2.0509588547542803,3.6591457707534127e-70
300,682,-2.0044992796041052,3.0350486779277293e-66
300,683,-2.021742940440377,8.69296653436513e-66
300,684,-2.071949207866008,6.991141695829087e-61
300,685,-2.0754687618761034,1.4943534310865514e-71
300,686,-2.0563884118380837,2.0379905255033e-64
300,687,-2.0610519119955777,8.146549156954542e-67
300,688,-2.0726854206590364,1.065152684321499e-66
300,689,-2.0687373692954116,1.5655695264466363e-65
300,690,-2.014714398690133,1.2110333479636205e-64
300,691,-2.05093808885038,2.1686031256327328e-66
300,692,-2.1236327407662143,1.6331799721321436e-66
300,693,-2.0437527532203834,6.929136982682282e-68
300,694,-2.0115291115307743,5.4561466027619675e-68
300,695,-2.0070379348086353,1.7596763555049647e-69
300,696,-1.9780636915783987,1.6551742455093349e-63
300,697,-2.1199850192378538,5.369496081925703e-70
300,698,-1.9687543621381405,9.068720726569123e-60
300,699,-2.096137741656954,1.1075490258462259e-64
300,700,-2.0679467704488417,1.456194888492836e-68
300,701,-2.0249819466071806,2.7463617475473155e-59
300,702,-1.9636204534250936,6.496704668285786e-67
300,703,-2.1706357041830326,2.7815295549492507e-69
300,704,-2.0267992743987397,5.93466612657854e-67
300,705,-1.9359591698057201,1.421726498432867e-65
300,706,-1.9679492300309844,2.2190142374821643e-64
300,707,-2.092787990598648,8.561712676669503e-66
300,708,-1.9866997502333241,1.116251552714479e-63
300,709,-2.021342696944405,8.497980908604965e-63
300,710,-1.9132410162560145,6.0338048672517315e-62
300,711,-2.0613872602497594,1.693514516107639e-67
300,712,-2.0087860624157763,3.012430102517802e-66
300,713,-2.017870361509999,2.8608141201261606e-65
300,714,-1.992834193595673,1.3962082654927188e-59
300,715,-1.951402175555006,7.003795184636552e-64
300,716,-2.0010285116455444,1.2544536600560214e-68
300,717,-1.9879154165548005,6.338526257047983e-64
300,718,-2.0419996570609857,3.2787369215561485e-65
300,719,-1.9475111525918525,4.1112351203471467e-67
300,720,-2.04719830721314,2.198731788089359e-65
300,721,-1.9237927529818073,4.898049053187331e-58
300,722,-1.9975693334485252,6.840297267739837e-58
300,723,-2.1133067356721646,3.5551789705551313e-68
300,724,-2.0652571485264213,4.0292572485819075e-66
300,725,-2.0091531401638747,9.575525809417768e-65
300,726,-2.0669953344742886,2.7658107632352472e-61
300,727,-2.0153936672715087,5.34975922068418e-67
300,728,-1.9294502656291161,7.942082942009312e-62
300,729,-1.969133543254415,6.087053614785722e-63
300,730,-1.8789981681081889,3.8652126559764528e-59
300,731,-2.1076354707752207,1.4587632180731747e-66
300,732,-1.9577118074136486,4.0093901676912767e-56
300,733,-2.0838244855641843,1.747582029746656e-64
300,734,-2.1299990294588786,7.58879170598063e-67
300,735,-2.000514801072182,4.459797600670501e-62
300,736,-2.139831166160304,1.266571676125326e-68
300,737,-2.083333844691311,3.1214078531645927e-61
300,738,-1.9284098934082872,2.559499110842205e-62
300,739,-2.051823617542836,5.305373186031571e-72
300,740,-2.0700710925338353,7.008584931211231e-65
300,741,-2.0528855266167136,1.2087408688144836e-65
300,742,-1.991247996242162,2.483311810137151e-65
300,743,-2.0308458368191697,4.3685496603460164e-64
300,744,-2.0777750434633067,1.4624855195851001e-66
300,745,-2.0138432006501716,4.594648074208988e-66
300,746,-1.996643772880458,8.777703876916308e-66
300,747,-2.0316501381266034,1.7557657925060348e-63
300,748,-2.016007398787999,8.583711026700162e-65
300,749,-2.1042904137637866,2.3100355157906788e-67
300,750,-2.088079328669507,1.1739379523943892e-68
300,751,-2.010462871958861,3.223047897305309e-65
300,752,-2.0754250389070688,7.77718939720589e-63
300,753,-1.9773220534187583,2.067227282090692e-67
300,754,-2.003718098438844,6.782948148392447e-61
300,755,-2.0449430756002815,3.315536750916611e-67
300,756,-2.1165464934813443,1.0819939111774698e-63
300,757,-2.055245323826516,5.0756079967679273e-70
300,758,-2.1211018181827717,7.665493243006651e-72
300,759,-2.03713087425478,2.024476942666595e-63
300,760,-2.0581390061064706,9.284557217894516e-62
300,761,-2.0285581300331197,7.102769117042453e-66
300,762,-2.1140620215921615,3.0282765878819513e-66
300,763,-2.095813768066039,6.326776879887936e-65
300,764,-1.8397371281182577,7.464248100440945e-62
300,765,-1.9786292018713345,6.404771832476443e-66
300,766,-1.9641063255301052,3.7708818036694085e-63
300,767,-2.033049244356305,8.817201035363979e-62
300,768,-1.9510617977147895,2.4386831324721276e-57
300,769,-1.9981726910398905,2.127004003841964e-58
300,770,-1.949462845193449,2.1087617039587106e-65
300,771,-2.0511763138582886,4.5974964633555245e-68
300,772,-2.152210057973331,4.0416054741722546e-70
300,773,-2.051922854076346,3.6543341167458745e-61
300,774,-2.1289954271142832,2.7801169171556715e-65
300,775,-1.956771426307773,1.1968287915098542e-57
300,776,-1.9902604489800124,2.2726078953346345e-60
300,777,-2.138701793114736,3.909352680806427e-74
300,778,-1.9960719305046881,1.492790007971056e-61
300,779,-2.04264247685206,3.681287303124736e-63
300,780,-2.117777440208031,1.5771817500728047e-72
300,781,-2.0030278551221317,2.5640941547042514e-68
300,782,-2.048440275321119,1.557387917933546e-68
300,783,-1.988632720880016,7.307464254507895e-72
300,784,-2.062152977806794,4.119740324318146e-68
300,785,-2.056809106887183,9.200641867936761e-66
300,786,-2.078142933382411,2.4782886414404547e-63
300,787,-2.0285450083861445,1.654477868999099e-64
300,788,-2.098225329252232,1.672386621989518e-75
300,789,-2.0179025110724593,7.04000419556896e-70
300,790,-2.0415411936718124,3.043192836890827e-59
300,791,-2.0425003336043934,8.419015816823982e-68
300,792,-2.0797033445490998,9.317959390031766e-67
300,793,-2.1190608166788794,4.346652570019245e-64
300,794,-2.0473788517393725,4.05704325555768e-67
300,795,-1.9116330444586813,6.52646131368274e-64
300,796,-1.9764629567783372,5.849068153499702e-69
300,797,-1.9273741967603337,3.8796802379752972e-62
300,798,-2.038973015657186,2.3067091708858632e-64
300,799,-2.0012915607640043,1.8290800975947745e-67
300,800,-2.0274212583383484,4.1797847031967234e-63
300,801,-2.1649184484456336,5.2081065480750895e-76
300,802,-2.0302831591565758,5.0931983239356074e-67
300,803,-2.1765595822427866,5.78647914396432e-73
300,804,-1.9572091388279196,1.899383541482392e-64
300,805,-1.9762164419360522,1.3398274785113588e-61
300,806,-1.9559310547421598,2.175904211770781e-59
300,807,-2.024417470082624,3.9793947431561327e-63
300,808,-2.0046569332699526,1.5547270642688182e-63
300,809,-1.9834350159704943,1.9722450470614692e-64
300,810,-1.9231383896351693,1.380499590664895e-61
300,811,-1.9713926499274113,2.2422732102787156e-63
300,812,-1.9160069355908576,1.1019529434664598e-61
300,813,-2.0833551959223184,2.0061605212772813e-64
300,814,-1.971863908571704,6.02433726907118e-62
300,815,-2.074014353597958,2.812649534839792e-68
300,816,-1.9709148954226743,8.94897215459672e-61
300,817,-1.9922738288016468,1.0502443916128941e-66
300,818,-2.120001595863431,5.426311869939306e-70
300,819,-2.0300343024569623,4.5829474162841953e-69
300,820,-2.021260635670303,3.4285340385069e-69
300,821,-2.037110321877128,2.3271660065672105e-61
300,822,-2.147757024039965,1.4393667974551125e-70
300,823,-1.9762110623406324,1.3658600121443203e-68
300,824,-2.029964260027014,1.035898505937576e-66
300,825,-2.0762722650433476,1.518815660667413e-71
300,826,-2.091026793935958,8.976410494550582e-69
300,827,-1.9005079366526063,3.4754129809578165e-65
300,828,-1.9439669132088246,1.0059889736097212e-59
300,829,-1.8982092738251968,1.088027593611484e-57
300,830,-1.959327738969873,1.576755882785957e-63
300,831,-1.9908490154747165,3.820659849698539e-59
300,832,-1.935565888873506,4.667014603743695e-56
300,833,-2.0099348830373387,6.383680505774198e-64
300,834,-1.9216749038467684,1.7856320311431745e-57
300,835,-2.064406558400079,2.4450263214352058e-67
300,836,-2.028065044907116,8.720547541007526e-61
300,837,-2.1022499421364067,1.2366957869767781e-73
300,838,-1.9483970008231237,2.5925544645183044e-67
300,839,-2.0460218774481715,2.085541389335809e-62
300,840,-2.0199491506419704,6.785004703283141e-71
300,841,-1.934830281387045,1.4504468508331157e-64
300,842,-1.9703114871497753,7.730543863854098e-65
300,843,-2.0989462682509457,7.906324868407794e-65
300,844,-2.006506693416891,4.869140850717432e-69
300,845,-2.071637698184504,4.2573012145716345e-71
300,846,-1.9870698075323627,8.069441783263026e-62
300,847,-2.01197523507184,1.1593849566610977e-62
300,848,-1.9531526510563815,8.695441288176114e-61
300,849,-2.003846520503494,1.8632822084987806e-69
300,850,-1.9638085972826884,8.132671596169656e-64
300,851,-2.0605138935184524,2.9607324798553614e-66
300,852,-2.0723974861052294,1.4827096621354745e-67
300,853,-2.075146143852379,7.343482149390168e-65
300,854,-2.028692684192568,3.9174985258475317e-69
300,855,-2.091392534147732,2.514754954700759e-66
300,856,-2.0970500223871715,1.3619262754004987e-65
300,857,-2.012678606986718,5.438693550064547e-66
300,858,-1.9824525984018306,1.0460306410006366e-64
300,859,-1.959611094004484,2.5618306378776956e-62
300,860,-2.0263970779196887,4.178893045871508e-63
300,861,-2.040416251852837,7.933440581791898e-63
300,862,-2.046600874863251,1.5734895483455755e-70
300,863,-1.9446764665950607,2.0439414388071753e-63
300,864,-2.029207452697979,2.0773060062475036e-68
300,865,-1.9448560173137945,9.231705051528066e-65
300,866,-2.0059565538011777,3.413784292667825e-61
300,867,-2.055799478910738,5.662582380662345e-75
300,868,-2.046548660568468,6.964751495265423e-67
300,869,-2.033119919002659,8.512333217534979e-69
300,870,-1.9809000822506828,1.1535063954444507e-65
300,871,-2.051170696765216,3.354109395730344e-67
300,872,-2.0647318528522955,8.930376347679915e-66
300,873,-2.0513401667912747,2.2308327002167024e-62
300,874,-1.9380858154268914,1.129280714668706e-61
300,875,-2.042394745253123,2.108126345419453e-60
300,876,-2.1641205450968455,1.239965173670768e-70
300,877,-2.0540686904862957,3.145748304089875e-70
300,878,-2.0386806898746768,1.5312459675611253e-72
300,879,-2.104559682561389,6.662433825380013e-65
300,880,-1.9732737734876888,1.0277890890471343e-62
300,881,-1.8631685309517305,2.3805954914007162e-54
300,882,-1.9736981728446326,2.467633000991217e-64
300,883,-2.009610342783816,2.2288985143702e-56
300,884,-2.0469901166646745,3.9518660888480936e-63
300,885,-2.068363138292834,5.781855056740051e-69
300,886,-2.0625049786937293,1.1867503050723547e-65
300,887,-2.047156580663075,1.262036722349766e-59
300,888,-1.8962911831163858,4.19683012394923e-61
300,889,-2.00971947450254,1.4426898101388174e-67
300,890,-2.102258442441647,2.1831750523457896e-66
300,891,-1.9941532291138504,1.7632942788874472e-65
300,892,-2.103420341403468,1.503778624740782e-67
300,893,-2.0663809979904695,5.545161229572579e-72
300,894,-1.9198914976100525,1.8803049179303695e-64
300,895,-2.0827806513035476,2.0064651097655255e-70
300,896,-2.006935316829029,1.175438069125274e-67
300,897,-2.0571804830500184,2.573743265081712e-62
300,898,-1.9296242768451561,9.338410842179653e-69
300,899,-2.076459798720964,5.4720411685631e-66
300,900,-2.0451754819650514,1.2972200533371573e-65
300,901,-2.126017906471467,2.6682981612152553e-67
300,902,-1.9911708548251204,3.5107078654056745e-66
300,903,-2.0011358754774173,2.1466683784355176e-63
300,904,-1.9144352163658507,3.7238397287577053e-62
300,905,-2.0612617729277813,5.95225307102204e-68
300,906,-2.0861067354247815,1.2114210931330057e-62
300,907,-2.0444454529021225,1.150323330691783e-65
300,908,-2.0835278406982205,5.334223901080665e-63
300,909,-2.0081591752809826,5.61503208298139e-65
300,910,-1.9020701892222176,1.8838578833970816e-57
300,911,-1.9887701911503584,2.9240017920236137e-63
300,912,-2.048677422217388,1.1431392029142449e-63
300,913,-2.050215913293802,1.6368788242873934e-70
300,914,-2.078340903267798,1.1539629994401806e-62
300,915,-1.8301513228963433,1.1495422916365006e-61
300,916,-2.0343042628514922,2.24878249087582e-64
300,917,-1.967598796324494,1.7768465644807925e-58
300,918,-2.00313217893199,7.668169095513715e-68
300,919,-1.977992608725545,6.2191990569750414e-61
300,920,-2.0141775216050117,7.482354019390949e-63
300,921,-2.0244031938175535,1.0782948166507363e-59
300,922,-2.042406273553259,4.970995335061664e-65
300,923,-2.0333597263214065,8.489864798159501e-63
300,924,-1.9796916006703213,1.5889736477809654e-60
300,925,-2.057125291950988,3.383912820362883e-62
300,926,-2.09977678954359,1.0628006489849387e-70
300,927,-2.0370842092668253,8.362668294761562e-68
300,928,-2.0385147667489907,3.577520409495095e-65
300,929,-2.1549641374798263,7.593205141201797e-75
300,930,-2.081982351392327,1.3681209361256488e-61
300,931,-2.0601806689433335,1.5548264801084864e-63
300,932,-2.0670802122383423,5.0743404952854074e-74
300,933,-2.1659266201458713,7.687551597645167e-66
300,934,-2.1219707507407426,1.0310207333630554e-68
300,935,-1.970491177195525,1.437174554814207e-64
300,936,-1.9730590707168547,1.473311166569214e-60
300,937,-2.0272528316711433,6.637923652125095e-68
300,938,-1.9776479416065786,3.1130030786473756e-60
300,939,-2.1029382956515157,2.3456713262471715e-70
300,940,-2.061398152421889,2.04535644934604e-65
300,941,-1.999567968715339,6.014965114051149e-61
300,942,-2.0218511400687342,1.8854700830494866e-63
300,943,-2.0338571481504983,4.815096407256106e-68
300,944,-2.0837964579177237,1.3506872493282878e-64
300,945,-2.030504959359588,7.514772539477081e-69
300,946,-1.9858976485034407,1.173911013610929e-65
300,947,-1.9860771879122234,3.1257149212517504e-69
300,948,-1.9765261091270858,7.774739809809936e-59
300,949,-2.0884471684301005,3.4502654363628326e-64
300,950,-1.9995365774189766,1.992241571446004e-58
300,951,-2.0907391104314756,1.0302819712443474e-65
300,952,-2.0324867829602953,1.6909335785825546e-68
300,953,-1.9736147611830521,4.794377196729189e-64
300,954,-1.9534222647661874,8.830597787985002e-64
300,955,-2.09746854465807,1.452153534053989e-70
300,956,-2.0133060733304324,1.419092025071842e-68
300,957,-2.0685239596581466,5.657199468619028e-71
300,958,-2.073089994437743,3.372860691892047e-66
300,959,-1.865343323637477,5.962467899829423e-63
300,960,-1.9097505788370635,1.2494187099084101e-57
300,961,-1.9432757121687532,1.9117173251374214e-71
300,962,-2.0653937643764477,4.1522280955797883e-69
300,963,-2.009533940340548,4.864346396390345e-61
300,964,-2.0722097989955035,1.1763733337949112e-72
300,965,-2.106148838538756,1.3776722657023273e-64
300,966,-2.0447626311661606,1.1898789560166487e-69
300,967,-2.099969807880476,2.964588639989968e-68
300,968,-1.9668263181407877,3.2926571452850563e-65
300,969,-2.0789040974998194,2.686473920854498e-66
300,970,-2.106119926394152,1.0034068525381024e-67
300,971,-1.9804490611881835,6.75549643707829e-63
300,972,-2.0292201927079754,1.8792647909051077e-65
300,973,-2.101884322149199,1.1126298342422546e-66
300,974,-2.0779837548773754,8.226482651198574e-65
300,975,-1.9681983913078032,1.4343489539994553e-67
300,976,-2.064197901645268,8.202708277587894e-65
300,977,-2.0655718554542437,3.425962849935153e-67
300,978,-1.9958422570182863,9.973009866373037e-65
300,979,-2.0426623847280965,7.308336767196797e-64
300,980,-2.005406439265223,1.8037910389055307e-63
300,981,-2.0000597261740136,1.0691699808727852e-67
300,982,-2.0401827980586758,9.237253411550371e-61
300,983,-1.9721142991204328,8.200245719925916e-57
300,984,-2.0971320430907587,1.0674695326923183e-64
300,985,-1.9664739362509884,1.9138917514865503e-62
300,986,-1.9987672586075211,1.6099347581184964e-63
300,987,-2.0618392516632627,1.3440400948397753e-65
300,988,-2.063863338938143,1.731800968666232e-69
300,989,-2.0684941298841766,3.946640850006776e-68
300,990,-1.9788665994947676,2.5544663280973867e-68
300,991,-2.061031108259531,4.675757024211767e-65
300,992,-2.0523285714825485,4.474215449317592e-66
300,993,-2.0870636572989483,2.4614027223900214e-63
300,994,-2.0269300709583087,4.27894673153595e-62
300,995,-2.111980829980343,1.2321504557977034e-68
300,996,-2.102892147690522,1.1260906604482169e-61
300,997,-2.0711664004546586,1.3553918117313396e-62
300,998,-1.964583442060139,2.7240834529312855e-59
300,999,-2.0287196889951575,1.653440228920096e-67
500,0,-2.0045691963013477,6.89127991707391e-110
500,1,-2.043175082768455,5.871215666019338e-108
500,2,-2.02059261523065,2.0362784950568724e-107
500,3,-2.030890521838808,1.4367338234485778e-110
500,4,-2.019736253828489,2.284466385046107e-109
500,5,-2.0015888970083155,9.71654444252059e-106
500,6,-2.004633118604292,4.796200200600911e-105
500,7,-2.0214137991125662,1.729425665498095e-108
500,8,-2.0374251327204176,2.6058131309507432e-108
500,9,-1.9964418444606542,3.238239763744324e-104
500,10,-2.006133895750369,5.14060888237344e-107
500,11,-2.038002773275637,2.6721171238972467e-109
500,12,-2.0432712105287365,4.586652434099584e-110
500,13,-2.0156313929615575,3.242057241706838e-108
500,14,-2.0239297194238395,2.6330001317893724e-106
500,15,-1.9996333680547016,6.605368706553495e-105
500,16,-2.0132758398506834,5.982921492706246e-107
500,17,-2.0383461259419065,8.831068419285645e-106
500,18,-2.0048600508754664,7.536339167560263e-107
500,19,-2.0218908387719274,2.2607359254156677e-106
500,20,-2.004682271207546,3.495289144670659e-108
500,21,-2.043573157817689,2.673117009783926e-106
500,22,-2.0451033445646916,1.2263088996083004e-108
500,23,-2.0330696773726356,8.103332652987256e-112
500,24,-2.0264494218671354,2.23191670474376e-108
500,25,-1.995956690903916,6.397395898482239e-107
500,26,-2.022048821258352,2.190738508829463e-106
500,27,-2.0637690666717114,2.99439192306308e-111
500,28,-2.0217684303864534,3.3942778454993626e-111
500,29,-2.0087020761391647,5.750951575713874e-109
500,30,-2.0168909677791556,4.501409754726313e-105
500,31,-2.009823411663806,7.823093293728869e-105
500,32,-2.022816003997539,3.101163700532062e-108
500,33,-2.064562620529207,1.6533806992409661e-108
500,34,-2.030086200693166,9.627669248317313e-108
500,35,-2.0304051592061985,1.0324486819415399e-106
500,36,-1.9651393536402857,3.4297057785742405e-107
500,37,-2.039000928600971,4.811877317775169e-111
500,38,-2.050180940018582,6.243062518697896e-110
500,39,-2.0379814985238003,2.9745128194548637e-109
500,40,-2.0458544760774293,5.6929613702447056e-108
500,41,-2.054921157526808,1.2216306693420157e-110
500,42,-2.0428315913778192,6.203609748688953e-110
500,43,-2.052835723474553,2.0842964970645826e-107
500,44,-1.9888681630671252,2.6174717988052046e-104
500,45,-2.018686204921784,1.1023608497584348e-107
500,46,-2.0360389740895064,1.6156278539202739e-108
500,47,-2.037780560364708,1.3584432768156562e-109
500,48,-2.020106307285097,1.9639927135453002e-109
500,49,-2.0376229544905184,3.2015295999415104e-109
500,50,-2.008993700607699,7.202127700869001e-107
500,51,-2.0049789317081146,2.2631943962455336e-106
500,52,-2.0346515096844655,2.1337818637834073e-107
500,53,-2.0491702866601758,4.589714564242103e-109
500,54,-2.048764435456957,4.589833992547323e-113
500,55,-1.9939927414135479,1.1332267890903212e-109
500,56,-2.0599296125894266,6.763567045096944e-111
500,57,-2.040363864512506,2.29553647998481e-108
500,58,-2.0359337294095434,4.316622019824901e-112
500,59,-2.031577748062235,1.2368450358941257e-109
500,60,-2.0474151398303126,1.3068005297762754e-110
500,61,-2.0107259890448095,7.520633043268965e-108
500,62,-1.968776629639085,1.7096614064078129e-105
500,63,-2.0335606439245417,3.39908272922632e-107
500,64,-2.0302603290230525,2.1606150075084097e-108
500,65,-2.0611790517057695,1.3739087590102087e-109
500,66,-2.024347947131446,2.2520431698498493e-108
500,67,-2.0540099634198095,2.047618164311578e-111
500,68,-2.008422127811568,1.493880253350798e-106
500,69,-2.0047200855371354,3.9198353111948345e-104
500,70,-2.0239228115195695,1.5624698589365856e-109
500,71,-2.0259994668822836,1.3283779851399577e-107
500,72,-1.9463419400035251,1.0036442519779463e-101
500,73,-2.0451779502251037,1.7206621544908035e-109
500,74,-2.037337446706178,5.478129171581382e-108
500,75,-2.0535316254788603,1.7228894145664929e-109
500,76,-2.0094751970974,1.1540864829829582e-107
500,77,-2.0422689330449177,4.761930573736955e-110
500,78,-2.0511382938389726,2.414883394852524e-108
500,79,-2.000510415361603,3.0021721021803315e-105
500,80,-1.992309808767006,3.1519178716621545e-107
500,81,-2.044411303996603,9.705736407642387e-107
500,82,-2.0271251140678723,4.466408992050297e-105
500,83,-2.025043788968264,7.246531921272307e-106
500,84,-1.991537499992031,1.7996854923190217e-106
500,85,-2.0057840378432568,1.7346854264791453e-106
500,86,-2.0514490257758853,1.6607075946047312e-113
500,87,-2.0550784934263895,2.5756212193156062e-111
500,88,-2.0673921351887303,6.141918473275577e-112
500,89,-2.029975760350389,5.308920717619845e-107
500,90,-2.0319559145940334,3.2373646095107992e-108
500,91,-1.9737792473410058,1.4614061808865281e-102
500,92,-2.007078158221832,9.970084373342601e-108
500,93,-2.0593285549413256,9.103185266544001e-115
500,94,-2.003112769718091,4.734621540231965e-105
500,95,-2.0291041659035702,3.103635660160695e-109
500,96,-2.040239215498061,9.383488147215273e-111
500,97,-2.008813238758089,5.790420703022265e-106
500,98,-2.048212614036739,1.609212035781108e-111
500,99,-2.0213749664216643,1.3624013923040683e-106
500,100,-1.992595266859646,8.593318754059115e-105
500,101,-2.0156224039543282,6.42430472891313e-105
500,102,-2.02321129865867,3.6529057779084586e-109
500,103,-2.0340914136737664,6.535054206222075e-110
500,104,-2.039887644425436,1.0804843839909976e-109
500,105,-1.993897917796196,2.654924400674709e-105
500,106,-2.035575474979627,1.2673325159162216e-110
500,107,-2.0012936539728745,1.0877171088330399e-104
500,108,-2.0321816803268407,4.198734840743296e-108
500,109,-2.0514196314370627,7.644855465317148e-108
500,110,-2.0152118150251814,2.7302832018534678e-108
500,111,-2.000095260299643,1.3948751717848517e-105
500,112,-2.0468514391715074,1.4472730328127463e-108
500,113,-2.019002586320143,9.109584403655772e-107
500,114,-2.034408168928346,4.179505185804319e-107
500,115,-2.00704750037679,3.0273525086913563e-108
500,116,-2.00188766048161,8.267694372088131e-104
500,117,-2.0304117861428352,7.177643980350277e-109
500,118,-2.041321478674056,3.0666691360894965e-107
500,119,-2.009724438486951,7.595102241709676e-104
500,120,-2.0532326145873476,1.2573335369327174e-110
500,121,-2.0771332195376706,1.165183630750193e-115
500,122,-2.0431947619288175,1.3212762161987643e-109
500,123,-2.05763869129854,1.0399089184242377e-111
500,124,-2.042839589457711,1.2000719934324748e-110
500,125,-1.9833614031298614,2.7930438119050614e-108
500,126,-2.031777275600513,3.0789494387514113e-106
500,127,-1.994830335815995,5.142579950201346e-103
500,128,-1.999468080032588,1.302617946083951e-107
500,129,-1.9935086335888181,3.2636870341244973e-106
500,130,-2.0549859254391283,5.997894973868692e-110
500,131,-2.015805247212648,5.493070011888314e-107
500,132,-2.0442820716823737,8.702792913857379e-109
500,133,-2.009697365600588,3.015308010438488e-104
500,134,-2.0569673585261636,7.134064345081392e-110
500,135,-2.0083869336384748,3.9882858966727464e-106
500,136,-2.036013632487056,7.537583117205528e-106
500,137,-2.0119878591876788,2.006580136275947e-108
500,138,-2.0513431735872008,3.342723649196132e-107
500,139,-2.0416547353392014,3.633656478155326e-108
500,140,-2.008025111539818,2.3931765315614428e-110
500,141,-2.0318122243262717,2.35221020429168e-106
500,142,-2.011262680541434,2.358848429690685e-109
500,143,-2.019406419056848,2.596482742438982e-106
500,144,-1.98549038812381,8.293191992909766e-102
500,145,-2.0437887776434804,6.68191626205589e-112
500,146,-2.01845406950613,1.2667128698445667e-109
500,147,-2.0162445075021225,1.6650371059025053e-108
500,148,-2.0275843264705182,5.047024824524479e-106
500,149,-2.0245881832947203,2.5284790419830024e-106
500,150,-2.0332497303606374,1.6590099542176465e-108
500,151,-2.022395000978043,3.962401424990109e-107
500,152,-2.0320944075365013,2.915238115973505e-110
500,153,-2.0344215838453747,3.4268576720845266e-110
500,154,-2.041313041853872,1.955280214672368e-108
500,155,-2.0244032569830033,2.69980623159648e-110
500,156,-2.040987848773325,1.2273141328127018e-110
500,157,-2.0007873381535175,5.943387617038667e-106
500,158,-2.012959636084468,3.172802289787996e-106
500,159,-2.051293755719379,3.455179294093628e-108
500,160,-2.045410398347695,3.4741197170738143e-109
500,161,-2.01455369336188,5.326477886333661e-108
500,162,-1.9869223884681357,1.5795022064195504e-104
500,163,-2.0125561172310853,4.023002303628869e-109
500,164,-2.0213512857864027,1.076704868463653e-107
500,165,-2.0004353653547184,4.595650059219102e-106
500,166,-2.0471221007629232,8.24437572329562e-111
500,167,-2.0132952838294367,9.188070306950989e-106
500,168,-2.052529857784717,2.7531054695099758e-108
500,169,-2.0506556973583043,2.324759747936263e-109
500,170,-2.0534544737746847,9.706708803663676e-111
500,171,-2.0273049739731563,1.693975710575737e-111
500,172,-2.0038170589889397,1.6828900604874283e-106
500,173,-2.024010998494248,1.0371852490670701e-110
500,174,-2.048770875922246,8.000376203990361e-111
500,175,-2.0141602340103635,4.178094507827904e-108
500,176,-2.0201600369171393,3.7622275398426443e-109
500,177,-2.025623560006519,1.3594706668011106e-107
500,178,-2.0225378520219595,1.0765284807253317e-109
500,179,-2.043893490957786,1.3402178389039202e-110
500,180,-2.026731036249913,1.0828050065375148e-107
500,181,-2.0489379148980724,1.440841661203785e-109
500,182,-2.030915607984161,4.909553835124323e-107
500,183,-2.061279182078855,1.3104018956311127e-109
500,184,-2.048394664265998,1.1652040975816061e-106
500,185,-2.056186050313877,1.7836739837621716e-115
500,186,-2.0016807170023174,4.1477051076470227e-106
500,187,-2.046256807936331,3.281872944109366e-109
500,188,-2.0231882923599036,2.3796201553879314e-106
500,189,-2.0320403582993816,7.497213961028388e-111
500,190,-2.0155130601597184,1.2801476912650868e-107
500,191,-2.0222943952746952,2.4556291417338556e-109
500,192,-2.0089925289466155,4.758977609977668e-108
500,193,-2.0102124805771036,1.543043909503588e-105
500,194,-2.05080146893084,2.395333532301951e-109
500,195,-2.0088118139477515,3.339833548906814e-106
500,196,-2.0187954269599118,1.4339543779440532e-109
500,197,-2.017736109993904,4.790259719769623e-106
500,198,-2.01639028172567,5.152344420718864e-107
500,199,-2.0267418056130966,2.0961548477792634e-110
500,200,-2.0333900937081504,2.1607457434256707e-104
500,201,-2.0519104656000833,2.0234062702435748e-111
500,202,-2.0268819640563605,1.240357124411522e-108
500,203,-2.0201939618795217,5.3398528925854554e-108
500,204,-2.0186339084480958,6.411057604071556e-108
500,205,-1.9927130536638717,1.3363741164672294e-108
500,206,-2.001401471879012,1.2559845728840697e-105
500,207,-1.9876730975137598,1.7344135798446735e-107
500,208,-2.011413908448909,5.134228805361745e-108
500,209,-2.0253184544400487,1.49202679499503e-106
500,210,-2.036120815063014,6.942475534941705e-108
500,211,-1.9946982720344284,2.9024573171810743e-106
500,212,-1.9974693345789474,9.362225108002611e-108
500,213,-2.0182743382623185,2.7192635104772894e-109
500,214,-1.9837144107604434,1.9980185231233906e-106
500,215,-2.0219969976993646,1.8558016183615872e-107
500,216,-2.0163748402847297,5.039467398972114e-106
500,217,-2.039683213575106,8.337959768787736e-110
500,218,-2.06682870178048,1.101180179925441e-112
500,219,-2.0208039297034226,1.3224706063123472e-106
500,220,-2.0188108537281133,1.012560881428203e-107
500,221,-2.0514412494608836,5.080026494296739e-108
500,222,-2.0191218494597196,8.43823534536687e-111
500,223,-2.0096154056117896,8.881945320935049e-107
500,224,-1.994654850283954,4.902720919604189e-104
500,225,-2.043786229272092,6.30551385638309e-110
500,226,-2.042092338216407,1.0400931855934974e-112
500,227,-2.0015912050828932,4.8772609087793765e-108
500,228,-2.0289948123142034,7.374023758576017e-107
500,229,-2.0430290953171326,1.416707866784584e-110
500,230,-1.9940778796693008,8.209594121540874e-106
500,231,-2.0345734865322216,4.565031278364795e-108
500,232,-2.012744872499092,1.768677697770321e-108
500,233,-2.0325141063260492,8.924543718201887e-107
500,234,-2.0557301596998308,9.379635702185424e-111
500,235,-2.02131355160519,7.997989500972064e-108
500,236,-2.0073801432121012,2.0437306777434694e-108
500,237,-2.032576033169474,1.1982437132415712e-107
500,238,-2.005452862289345,2.2988001690355843e-107
500,239,-2.0084684120687326,3.2125567780116492e-105
500,240,-2.017079642307646,3.5283313289031556e-112
500,241,-2.026292675331643,4.725090817738645e-109
500,242,-2.011521698931925,2.3428068117350826e-107
500,243,-2.0125739870341537,3.2931161947006677e-107
500,244,-2.0760502811129973,6.966512195852651e-114
500,245,-2.0368176853227693,1.7239148643971696e-107
500,246,-2.0417053043128224,3.0847679506156024e-107
500,247,-1.9863302553477329,2.633726462379427e-105
500,248,-2.0407360079659167,2.8177784605982077e-108
500,249,-2.0764641383579594,3.5901726942625356e-115
500,250,-2.0140604557016832,6.68868023652116e-107
500,251,-2.029993504174441,9.360708855276748e-110
500,252,-2.059088690554634,5.7502436408856715e-112
500,253,-2.0494906275899067,7.743188160228543e-109
500,254,-2.007738715180963,5.4767591944121e-107
500,255,-2.0518946362201245,1.5962181325633288e-109
500,256,-2.0080091185859352,2.8331251938817754e-106
500,257,-1.9974855249143788,2.4736353469779034e-105
500,258,-2.0678810442319273,2.9504807262546256e-110
500,259,-2.01814945663284,1.2503599122001717e-107
500,260,-2.050644981335375,1.4931023883243928e-110
500,261,-2.025105656893899,9.51162406427707e-111
500,262,-2.04692283728388,3.1860566996633153e-108
500,263,-2.0096121022872993,4.270328557534817e-108
500,264,-2.0250117984327822,4.675272336889628e-108
500,265,-2.012969055225218,2.1630277950272035e-108
500,266,-2.0269025856759093,4.2555762653561074e-106
500,267,-2.05536114966342,2.0874987388307086e-107
500,268,-2.0069075167877317,1.8435888375542663e-104
500,269,-2.0385608383408815,4.7641228708197575e-111
500,270,-2.012055107954417,1.1909281330846078e-107
500,271,-2.0336036473370305,6.815544319988705e-110
500,272,-2.026594584291943,4.850036711519344e-105
500,273,-2.030879316891311,5.266457878988484e-109
500,274,-2.0283705702597468,7.23005880576183e-107
500,275,-1.9680417016264782,8.339098687075993e-104
500,276,-2.0070628954312655,2.043751733692503e-107
500,277,-2.0151907346787885,2.9881877460542385e-107
500,278,-2.0025288780374506,2.915993345622723e-109
500,279,-2.0172220774651626,7.041553299893377e-108
500,280,-2.0233837910441315,3.187254348029378e-104
500,281,-2.0343891904298923,8.082090714033672e-110
500,282,-2.0151125116302984,4.2986992582788607e-106
500,283,-2.0317626557386763,1.5213652693326254e-107
500,284,-2.023339711017538,1.3109233322696768e-106
500,285,-1.9984835981992886,7.950103524110144e-110
500,286,-2.0298733915723854,3.6631238722384207e-107
500,287,-2.044866364501135,3.2475038145133257e-111
500,288,-2.0097524325663763,8.330463668524269e-112
500,289,-2.009754809899481,5.855153671140627e-106
500,290,-2.0550851592654045,1.6515641195678874e-113
500,291,-2.0216240428406094,4.148178516911271e-109
500,292,-2.0328346787923888,2.634896699894246e-112
500,293,-2.051536205261411,1.3465664346479345e-110
500,294,-2.0506690524899396,3.352738777614277e-109
500,295,-2.0219387514558793,1.384795069430443e-106
500,296,-2.012688799137062,3.6224511086573504e-106
500,297,-2.019325616211855,9.016249106331543e-106
500,298,-2.0430296486447244,1.1514203538700795e-109
500,299,-2.0249480690419794,2.3432936475429126e-107
500,300,-2.005959632700881,2.3288491402048104e-109
500,301,-2.0169875938373147,1.304446422727901e-105
500,302,-2.0041107526372555,5.401891396309665e-108
500,303,-2.0037673839016854,8.436263732386661e-105
500,304,-2.007129113875952,4.390139592853055e-105
500,305,-2.021271251552877,3.463845031546333e-108
500,306,-2.0381105209676154,6.315387119803397e-110
500,307,-2.0351289086906554,7.570789105745617e-108
500,308,-2.0087589601630285,1.0985141038735525e-106
500,309,-2.0042601875752295,3.1091569722841006e-108
500,310,-2.0412141864557523,1.1286213553722082e-114
500,311,-2.0213090900852366,3.2544955882548298e-105
500,312,-2.0687052659383864,2.8530812907724564e-113
500,313,-1.993713315123796,2.279229148383533e-108
500,314,-2.0130535757987964,9.313386578500608e-106
500,315,-2.07304483940674,2.4780927804210796e-110
500,316,-2.041500780367918,5.8331098898428644e-108
500,317,-2.0116282477424665,6.057991978514196e-106
500,318,-2.026683750142279,4.72423500981816e-106
500,319,-2.0292711341370335,2.3987433682739616e-108
500,320,-2.0375531838486953,5.226958528717054e-108
500,321,-2.0101956481571994,1.508208586269632e-109
500,322,-2.0510792013165053,2.3824793542849662e-108
500,323,-2.03923216756892,5.165715050622487e-110
500,324,-2.0305394825891847,1.2287223238242472e-109
500,325,-2.022039304563404,6.484975781624342e-107
500,326,-2.037235131632108,3.4229443709810526e-109
500,327,-2.023129799388194,1.1749585876716095e-106
500,328,-2.0476522722936066,1.827023785002604e-107
500,329,-2.0491143254709616,2.09203870806448e-108
500,330,-2.006762835695377,3.403878822218867e-107
500,331,-2.018571524073108,1.9318503066648193e-107
500,332,-2.0327064525169307,3.162322176858705e-107
500,333,-2.009913315377985,2.367513520107134e-106
500,334,-2.023710123730745,7.39880049402413e-113
500,335,-1.9985973514984465,4.72594588771233e-108
500,336,-2.0307745428536403,9.663277498273918e-109
500,337,-2.0169450871285264,2.1049591998567718e-107
500,338,-1.9975921910116998,1.2849989097220982e-105
500,339,-2.045216687082103,2.2584802463090382e-110
500,340,-2.044921084296498,2.493123796776635e-110
500,341,-1.9844689867087162,8.695347998690422e-107
500,342,-2.068233301644484,8.900570952485578e-110
500,343,-2.068264290044162,4.6653981731115e-113
500,344,-2.022447992592922,1.451801376862052e-107
500,345,-2.043982184155279,9.82733564372406e-107
500,346,-2.0212799415830247,3.810628452719735e-108
500,347,-2.0328131390159108,3.103891096754291e-109
500,348,-2.027922402291301,8.73037791471455e-107
500,349,-1.9921582082351303,3.418649313809891e-107
500,350,-2.036118536532891,9.697422356402108e-114
500,351,-1.9991603653249506,9.271667573108023e-105
500,352,-2.006092370614569,3.307781966989368e-107
500,353,-2.0358538087518685,8.090826678502387e-111
500,354,-2.0026843893324857,4.382208499387683e-107
500,355,-2.020139662654598,6.395487688150293e-106
500,356,-2.035449794078305,2.992176035580733e-107
500,357,-2.046324025579213,7.292256627404424e-114
500,358,-2.0051462104687197,1.2666237053561893e-107
500,359,-2.0414359729080367,6.249975663914951e-109
500,360,-2.0346261453981302,2.7978711286785295e-107
500,361,-1.9893676477915596,4.869435727301701e-108
500,362,-2.0325314816955853,7.283588312876954e-107
500,363,-1.9963825091828538,2.5634354615014444e-105
500,364,-1.988707776914051,3.9517317718189574e-108
500,365,-2.012151928460354,1.83093452318542e-107
500,366,-2.025085475877776,2.1009598359166984e-107
500,367,-2.034731793597035,1.686582874586659e-110
500,368,-2.02089097646237,3.562816965364869e-106
500,369,-1.9790002046987283,3.657618733876895e-105
500,370,-2.0132519601147436,2.0979708392820133e-106
500,371,-2.0499705681680513,5.879937063588993e-109
500,372,-2.0325568208860147,3.6913785359183356e-107
500,373,-2.008040067322465,7.498549534439123e-108
500,374,-2.040463011899207,1.6915037954955438e-108
500,375,-2.0270833611062553,2.0904610607728575e-112
500,376,-2.0310392187701165,7.323407170022177e-107
500,377,-2.01895637067952,3.7064213009631974e-111
500,378,-2.0394759910314404,1.9601505146442096e-112
500,379,-2.041524194796528,2.376514381893308e-108
500,380,-2.0446289710839842,2.73527961755733e-111
500,381,-2.063344270046673,8.655721825829465e-111
500,382,-2.0854911635169637,6.5078548308675645e-115
500,383,-2.024037554286026,6.64101774433939e-107
500,384,-2.026447641676979,7.691459269628529e-108
500,385,-2.0392041617377803,2.1156020996444615e-110
500,386,-2.010535126140227,1.0921820409312013e-105
500,387,-2.0523118932480946,2.788565411804025e-110
500,388,-2.0081535980935463,1.878217992652281e-106
500,389,-2.011275778604504,2.961837836611275e-110
500,390,-2.045406571411867,2.1063490189422124e-111
500,391,-1.9987613155753339,6.582084492556132e-107
500,392,-2.043110555602339,7.909993899437652e-112
500,393,-2.066779942298324,1.5625098530179311e-111
500,394,-2.007120873794359,5.875534931193208e-110
500,395,-2.0046175361340275,2.5504796280585713e-108
500,396,-2.017969138771451,6.999121415214014e-108
500,397,-2.010095234950845,1.6568209425811122e-105
500,398,-2.058089149473515,3.8559345330738686e-110
500,399,-1.9986884937008158,3.3640310965068966e-107
500,400,-2.01050439772291,1.0620671513054788e-105
500,401,-1.986652463963967,6.859540728994304e-109
500,402,-2.055033573378801,1.808843861519687e-110
500,403,-2.0146723564199283,2.847792906049065e-107
500,404,-2.0447367210891914,5.7810292280330116e-111
500,405,-2.0117782243384923,2.4891839287793908e-105
500,406,-2.0176517985766447,2.047787007016156e-106
500,407,-2.0006336114826357,1.9475071676629962e-106
500,408,-2.036987146273259,2.721547663211884e-107
500,409,-2.03409067439068,2.5765335064284393e-106
500,410,-2.0452240013933967,6.238012914360884e-108
500,411,-2.0327168696156894,1.145377074025544e-111
500,412,-2.0303458305604503,5.399150434827642e-109
500,413,-2.024787441698347,8.43498549841019e-106
500,414,-1.9921253401737875,9.41445849713848e-106
500,415,-2.0040241077253373,8.29655979849677e-106
500,416,-2.008029369127228,2.892375642401866e-108
500,417,-2.0114556353400594,1.229443784506977e-106
500,418,-2.0287599513802173,3.0130300780268836e-106
500,419,-2.052228786382579,5.5563630158564455e-108
500,420,-2.0247034706072355,1.7599600255539166e-108
500,421,-2.0449390767922173,5.257680186874885e-112
500,422,-2.03885466560146,1.1722265495687759e-107
500,423,-2.0244973239545203,8.462419380937971e-109
500,424,-2.0092920494513926,4.800822064683897e-104
500,425,-2.019696462465019,9.4159175643443e-109
500,426,-2.0329703642874675,1.8289556665986893e-108
500,427,-2.0182707524482684,1.418678734390522e-106
500,428,-1.9956937600211777,3.0617292409957835e-106
500,429,-2.0232575660812895,4.746499965861521e-109
500,430,-2.0302138181849356,6.0080024267800765e-111
500,431,-2.0190393661517865,6.438675766890385e-108
500,432,-2.02310136151403,1.0874610632798343e-104
500,433,-2.056372394691315,3.917960548720721e-112
500,434,-2.0274416327128053,1.173337542684396e-105
500,435,-2.023757687161887,4.187137160450444e-107
500,436,-2.021399822273864,2.0967054385522996e-112
500,437,-2.049815918120606,9.522737394099834e-112
500,438,-2.005070436065223,2.413852080967205e-103
500,439,-1.988627555827314,3.703465270604096e-105
500,440,-2.054582482952757,5.686217787366202e-110
500,441,-2.045020268348461,5.454218993531953e-112
500,442,-1.9827102006825177,1.6011671705728473e-103
500,443,-2.0358747142924223,9.979409489172683e-110
500,444,-2.023318851143892,1.4042361389502965e-104
500,445,-2.026302814500471,1.2804382827123345e-108
500,446,-2.017910255250987,1.2249407955500616e-107
500,447,-2.018549039878451,2.9461208286243925e-108
500,448,-2.006753958439564,4.0251284474716094e-107
500,449,-2.0310173995595315,2.858468630586469e-106
500,450,-2.033506067680694,6.441498234425956e-107
500,451,-2.0379932163881964,2.396095904498084e-108
500,452,-2.065973270295869,4.6761042171885885e-114
500,453,-2.0322002378197856,1.4145508580595193e-106
500,454,-2.002826793344961,1.6056238390593232e-105
500,455,-2.0050708931906005,6.250562744951528e-107
500,456,-2.044762357682046,3.6769206703227836e-107
500,457,-2.0473408694257884,6.265516477096343e-112
500,458,-2.0392142265213407,9.997606917097738e-110
500,459,-1.9773931240587643,6.509854999235825e-105
500,460,-2.0340620404370373,1.1947501465169824e-108
500,461,-2.047993938384339,1.2775165626771487e-108
500,462,-1.9622634302943052,1.2199658464149202e-103
500,463,-2.0396877859160014,3.7419135708525697e-107
500,464,-2.0426633030601886,1.751128151429853e-107
500,465,-2.043664739815023,2.5725051181490707e-109
500,466,-2.039617805950252,2.4377549428673043e-108
500,467,-2.0179356166666134,5.057343454764998e-109
500,468,-2.0133279380105584,3.367232801714003e-107
500,469,-2.0254898352146613,8.293467938434652e-109
500,470,-2.020621532617885,1.1480737378840463e-105
500,471,-2.0024330428546815,2.1447543714657048e-107
500,472,-2.0365086253351876,2.851220254743855e-109
500,473,-2.009322573938082,2.6420196534782025e-106
500,474,-2.0299509974660737,5.3614893562912636e-107
500,475,-2.0141940085655126,1.456514287243611e-106
500,476,-2.031157199964377,2.325815415381083e-109
500,477,-2.038070622364174,1.3711004363239124e-108
500,478,-2.0089996425228955,7.085528020229899e-108
500,479,-2.0204626396719654,2.451039004922957e-111
500,480,-2.0583614364612597,1.3706429635491328e-110
500,481,-2.011706654607864,1.002234745072347e-105
500,482,-2.01501042144526,9.61733421632781e-105
500,483,-2.028014554014459,1.541934212220133e-107
500,484,-2.006441406977034,8.674407126636069e-107
500,485,-1.999774781495801,5.698744046060053e-107
500,486,-2.015174709876235,2.0226743456789625e-108
500,487,-2.0242366857755654,5.301594079839743e-108
500,488,-2.032948754314635,1.8010257333474352e-108
500,489,-2.016598129062828,2.3209492621659084e-108
500,490,-2.0501429524971186,1.5691962195484376e-113
500,491,-2.0443991683664837,2.3948978179337224e-110
500,492,-2.043801193973936,1.7919468308247376e-107
500,493,-2.0325075496505924,1.952922309078569e-108
500,494,-2.0353855309662183,3.151158881078534e-110
500,495,-2.0160585592909497,1.2308169125868549e-107
500,496,-2.0154300166287884,5.258098081655596e-110
500,497,-2.0326790205216545,9.85057918830219e-108
500,498,-2.026764809736912,2.4051211326368423e-107
500,499,-2.000701010851536,3.082293964272385e-107
500,500,-2.038811051277289,5.768118652471919e-106
500,501,-2.037846725195748,1.6026178524407956e-107
500,502,-2.045184354244313,3.2826258202885177e-110
500,503,-2.0596790658324133,1.1449398060215046e-109
500,504,-2.026521783483692,9.507222299731527e-107
500,505,-1.999790746183331,5.476887578343445e-105
500,506,-2.026047775672817,2.010505444993542e-108
500,507,-2.0379678048445458,6.636299461482769e-111
500,508,-2.006658739131237,1.7432769418525492e-107
500,509,-2.0654548343307404,3.535856365442683e-115
500,510,-2.0006870068627647,4.521828113937934e-113
500,511,-2.0202701539164787,5.37575241804889e-110
500,512,-2.0055020812193938,2.4390220363845417e-106
500,513,-1.9892395667652671,2.5720417483348097e-104
500,514,-2.005390780851272,2.0677260194811263e-107
500,515,-2.0267161470861605,1.8710022557151645e-110
500,516,-2.040211555109204,8.605577652061937e-110
500,517,-2.0197278978551836,8.196834398857001e-107
500,518,-1.9942735586859994,9.398000488863043e-111
500,519,-2.0208705695407554,1.0271047399103822e-108
500,520,-2.069357123669925,6.034483853446059e-112
500,521,-2.0589350548353638,7.549204905518168e-110
500,522,-2.013166335430051,1.8624602540313628e-106
500,523,-2.0418323027210956,1.5846717834999998e-111
500,524,-2.026709814188627,3.656192940174989e-110
500,525,-2.0344906138080017,1.569262932923735e-110
500,526,-2.0601921808811143,1.45757714441336e-108
500,527,-2.0226735368840725,1.0166234417860437e-108
500,528,-2.0225981350798516,2.814954751209545e-109
500,529,-2.0256665612188938,2.8094109892984635e-108
500,530,-2.047044113022805,1.2024718218424606e-108
500,531,-2.057762744968228,3.8571569950803175e-109
500,532,-2.0585938005165554,2.8403428715424002e-111
500,533,-2.0334680223441186,2.609069909837828e-106
500,534,-2.0215127342407824,1.591322174385202e-106
500,535,-2.002581854280888,5.464403560190596e-106
500,536,-2.0591344590805836,2.4175232504296306e-111
500,537,-2.0308282334209498,7.273273357167024e-108
500,538,-2.0638819435767335,6.651546030658409e-109
500,539,-2.036132571370403,9.628804934547186e-109
500,540,-2.0193178628146358,3.088309029237232e-107
500,541,-2.0375541848328798,1.0816571351128056e-107
500,542,-2.01375565873815,6.256006520630769e-107
500,543,-2.0264306935153504,1.5145411802566115e-108
500,544,-2.053929258412394,7.409588924187472e-115
500,545,-1.9851715580369964,1.3593489409296187e-107
500,546,-2.0329284700554453,1.5534124785910054e-107
500,547,-2.008118763348942,1.518671422541844e-105
500,548,-2.015230501351116,7.009213586876514e-108
500,549,-2.024131848974643,2.7650921956011134e-106
500,550,-2.037349857164619,8.156678407913691e-109
500,551,-1.9905431842080166,2.405678873164282e-104
500,552,-2.0521635165279415,5.46731336941196e-112
500,553,-2.009110656733303,6.499441627546827e-110
500,554,-2.0535986874041816,5.635790502502236e-110
500,555,-2.0771133457133875,3.890152479836872e-113
500,556,-2.015864148513132,3.362897780430685e-106
500,557,-2.0708528547121405,3.4893550476326645e-111
500,558,-2.0165345456521298,3.578205850828392e-108
500,559,-2.0048961313688434,2.4569826877615467e-109
500,560,-1.996788139425517,2.350386356679632e-105
500,561,-2.0159809398021133,2.494554169863096e-104
500,562,-2.0522621121479983,1.9157389282560338e-110
500,563,-2.058051325297148,7.475318898559366e-112
500,564,-2.0351691100751967,6.070597111318485e-109
500,565,-2.037771661062788,2.5596593806522327e-107
500,566,-2.017925800970115,1.2044835192519402e-108
500,567,-2.00102350408922,1.7616364630383767e-105
500,568,-2.012507413789889,2.2803581688736358e-107
500,569,-2.026991091519105,2.7791202781677407e-105
500,570,-2.0384890121832395,2.82914350833997e-107
500,571,-2.014718274328395,1.614505020838258e-106
500,572,-2.0452959252839333,1.3141989698330561e-110
500,573,-2.0098329011369387,2.2857746096848634e-108
500,574,-2.0355791223620283,4.210022631486759e-107
500,575,-2.0458331016835416,6.385813848653382e-109
500,576,-2.0072195144808695,2.972641977315828e-106
500,577,-2.0031722625188557,1.6678196942511544e-105
500,578,-2.033045278736499,1.1067711186156965e-109
500,579,-1.9980425363785717,2.2610336262733477e-108
500,580,-2.029169538593293,4.397475550630582e-107
500,581,-2.0284959739214594,5.1441423923395646e-110
500,582,-2.045781276430911,5.70128080493462e-110
500,583,-2.0062160858717233,7.508182904994864e-107
500,584,-1.994363009355932,2.229575723308682e-108
500,585,-2.03665283180423,1.5379691477138374e-109
500,586,-1.9814976639810373,6.428156249392648e-107
500,587,-2.0202964688342613,7.029076961740526e-109
500,588,-1.999307163968325,1.1578072718678572e-105
500,589,-2.0392978577510474,1.2150042951854653e-113
500,590,-2.0075686006678364,1.4319323915880884e-109
500,591,-2.0008446647183673,1.0364420055010521e-106
500,592,-2.0314634828105422,4.0163297447657903e-110
500,593,-2.0415454579142143,8.511902563256646e-109
500,594,-1.9874357030965948,2.3447960206422167e-106
500,595,-2.033798779920332,4.65890840704116e-108
500,596,-1.9926172857314892,2.4072156761065295e-105
500,597,-2.012297490443032,6.730677750800483e-107
500,598,-2.0113510181943397,1.2067368658514086e-105
500,599,-2.0087374395829265,2.2321411810033975e-106
500,600,-2.001278261470447,3.530402626790501e-107
500,601,-2.0005097191891528,4.685116533738205e-106
500,602,-2.0223623563490136,4.3354016314168e-105
500,603,-2.0111044252138868,5.935073455281329e-109
500,604,-2.0776252866973586,1.9399115759513687e-112
500,605,-2.0255514305781315,4.72881614344087e-107
500,606,-2.0059377465030988,7.603580556465532e-107
500,607,-2.0114802542809045,3.8644104991568353e-106
500,608,-2.021851342886828,1.942303969042887e-108
500,609,-2.0389521156750314,1.0101846144379037e-107
500,610,-2.02491168250267,8.693892284329606e-108
500,611,-2.0271220861362895,5.581002558982673e-107
500,612,-2.0262232642587703,8.641271751072518e-109
500,613,-2.0386708568755623,4.985621698909242e-109
500,614,-2.0387806127168044,6.335961153425002e-107
500,615,-2.038284181911151,6.793732943155515e-106
500,616,-2.0425746077553173,4.845813249892184e-109
500,617,-1.9893138023752535,3.533324435964159e-105
500,618,-2.014473597871434,6.596638301273295e-108
500,619,-2.0144035818373123,5.4151841064970886e-105
500,620,-2.0411425855844465,1.0309959857725541e-106
500,621,-1.9858875848018185,9.943885546734067e-112
500,622,-2.0021883520115367,2.5667393424704886e-104
500,623,-2.0682464802101466,3.835564686032122e-110
500,624,-2.021381826801517,8.143924505071101e-107
500,625,-2.0458778752651616,1.9759935896336212e-110
500,626,-2.02637475854693,6.789667651126427e-105
500,627,-2.0112198419879617,2.813993830805392e-108
500,628,-2.0174619120280575,3.501113901287462e-108
500,629,-2.0102769675205137,6.428872120432741e-109
500,630,-2.01314980138726,3.577695258316496e-108
500,631,-2.039932258145284,4.007409709634138e-110
500,632,-2.0213803666410453,4.354399784773951e-107
500,633,-2.013888543993759,1.679698192416351e-104
500,634,-2.0573132232888858,1.247170084639788e-109
500,635,-2.0558711561329677,1.3627612801839466e-112
500,636,-2.0587917250218366,2.0295620863987784e-112
500,637,-2.0287963726605414,1.115229370711822e-105
500,638,-1.9968630595558263,3.17606275972638e-109
500,639,-2.048560044607852,2.4173219385954223e-108
500,640,-2.0293737192832753,1.9314779860277105e-106
500,641,-2.0320458549086693,3.007736871949603e-108
500,642,-2.025413642983102,2.423960956330804e-109
500,643,-2.059680680638751,3.9659057934553395e-108
500,644,-2.028085430230181,4.511029633190061e-113
500,645,-2.0195185648135725,2.432215872995051e-106
500,646,-2.033890824178651,9.513967398747841e-110
500,647,-2.0396910431429003,1.144088194840818e-106
500,648,-2.019925695568644,4.572240460908321e-107
500,649,-2.0099334599171508,4.880292430445371e-108
500,650,-2.0225723307885666,1.44160841506297e-103
500,651,-2.0267891920407557,1.3216902001909299e-108
500,652,-2.0107978085820903,5.935815139138556e-107
500,653,-2.0604932140138077,2.1977310126607676e-109
500,654,-2.0299191913046224,1.9305259837843814e-108
500,655,-2.003658773216179,2.0104400216088133e-105
500,656,-2.015725550021987,4.6782726493114646e-107
500,657,-2.0248904569738393,9.888265230981672e-110
500,658,-2.0327334532527326,3.693214296559957e-108
500,659,-1.9843718585829135,4.4879242435678054e-107
500,660,-1.9983627586808312,9.951960469431438e-105
500,661,-2.014676451181699,8.842981949276873e-107
500,662,-2.0213420721136037,1.2668159667207373e-109
500,663,-2.029468920989239,2.312123809301342e-104
500,664,-2.0509870410159694,2.623764560032124e-109
500,665,-2.013642055480938,4.787654867336571e-104
500,666,-2.011923817941393,4.045157298928017e-107
500,667,-2.02276243537122,7.442747268596005e-108
500,668,-2.0548332118829684,3.6437026608276816e-109
500,669,-2.030127328054279,1.3458176288706914e-108
500,670,-1.9971885958577307,1.6384820719445943e-107
500,671,-2.04977061922117,4.987585331548053e-108
500,672,-2.0374362684983103,4.447364855596811e-110
500,673,-2.0141181601401925,7.438179312834943e-105
500,674,-2.0669731396080904,3.74843432574261e-108
500,675,-2.0259326786125245,1.4698034324008427e-108
500,676,-2.059126684201636,2.6569084505767304e-110
500,677,-2.031251887241681,1.3686704759892882e-107
500,678,-2.024691299089687,3.3193929452068194e-106
500,679,-2.009959239703269,7.607719830610217e-104
500,680,-2.0280393466982742,2.8441045107697718e-108
500,681,-2.0569060696724533,8.726986689718125e-109
500,682,-2.080467455545267,3.248387039412951e-113
500,683,-2.0142258541273117,3.2106136253783807e-110
500,684,-2.0080723836241923,3.679446957745e-106
500,685,-2.033759509980939,1.3804261815209064e-108
500,686,-2.011833116943727,9.634711581486394e-109
500,687,-2.027730339770791,7.724907796057956e-107
500,688,-2.072800965856895,5.527405893589671e-115
500,689,-2.0173830738070446,2.2276674334162503e-105
500,690,-2.00475226349319,4.546190758909483e-106
500,691,-2.024770680671965,3.1314018433991607e-108
500,692,-2.0409364513258623,2.998541640445505e-110
500,693,-2.0383913210087803,2.7690611980081042e-108
500,694,-2.010214963492075,1.134546898711183e-105
500,695,-2.020695830629813,5.21121008776496e-109
500,696,-2.0095318552367774,9.982415865258862e-107
500,697,-2.0564255635828896,1.0590383220483418e-111
500,698,-2.0308075486594364,9.947002700355156e-109
500,699,-2.035323513512732,1.1199128234516425e-107
500,700,-1.989399739569337,1.751371166105685e-104
500,701,-2.0493881871483515,1.448834235237313e-105
500,702,-2.0261529111497607,1.8473059397164403e-108
500,703,-2.013608419058789,1.6413904676911182e-107
500,704,-2.058560514828934,5.337862324721178e-110
500,705,-2.0273394606248036,4.5852694148264936e-108
500,706,-2.031366605025683,2.036914405094401e-105
500,707,-2.0436771061295866,4.617360832917235e-108
500,708,-2.0260813466828873,7.64692274335225e-108
500,709,-2.0432538432334946,1.7638870162118099e-109
500,710,-2.0541085203222895,2.782996595823381e-107
500,711,-2.0403776697139993,9.166805089975818e-109
500,712,-2.018072394840554,7.17336501757776e-109
500,713,-2.0484204011408496,3.6237026693167044e-111
500,714,-2.047069917650406,6.200750063987722e-109
500,715,-2.040328384220956,8.708449276466683e-107
500,716,-2.0174909987805023,1.5865918273063515e-108
500,717,-2.0458282971287467,1.9456112096344993e-110
500,718,-2.0346002426715826,4.075041296232192e-111
500,719,-2.00070425649427,3.5795356339303496e-104
500,720,-2.03489488890958,3.4547150868945635e-111
500,721,-2.0394254827964096,1.188471437076416e-109
500,722,-2.0522033300785836,4.664408017789989e-114
500,723,-2.0361965297940596,5.251047317349379e-108
500,724,-1.9978668557373682,1.7820374444887774e-107
500,725,-2.0543024107513865,2.681139418174531e-109
500,726,-2.0518290001836315,1.3669326592017013e-108
500,727,-2.0478183833579786,1.7210150083550156e-110
500,728,-2.031803036596812,4.000101760302814e-109
500,729,-2.0520168002544423,1.4406291073229384e-109
500,730,-2.0250328520520418,2.6157243859668925e-108
500,731,-2.0460598268852683,1.7487810606016266e-109
500,732,-2.006393493604719,1.6051365469226866e-104
500,733,-2.012417248823912,1.8864677326737755e-106
500,734,-2.0050970916011206,7.67226708539045e-105
500,735,-2.0076518015838687,1.2092836644474542e-106
500,736,-2.0259743299899915,2.0744350218539622e-108
500,737,-2.061692298450878,3.7906057865804384e-107
500,738,-2.040808862454047,4.255413451940665e-108
500,739,-2.0590207443466024,1.409501985800344e-110
500,740,-2.0213345372388734,1.4692709836500795e-107
500,741,-2.044844543360429,1.5083432707449342e-109
500,742,-2.048840710639456,8.237402797029621e-109
500,743,-2.0384536509353746,6.161428206097913e-109
500,744,-2.034068597375784,1.0034275178985055e-107
500,745,-2.00177447485763,3.575108784901688e-107
500,746,-2.0418047154727974,6.489568198371558e-110
500,747,-2.013045813856656,4.378805617979866e-111
500,748,-2.0287189484884722,1.5484067287760989e-108
500,749,-2.013398151458553,1.4169312340762847e-105
500,750,-2.034330682635562,4.372059230028725e-108
500,751,-2.012463403198189,1.0605940371799608e-109
500,752,-2.0182167799401673,1.897507365309587e-106
500,753,-2.0319789365191605,4.660619750828815e-110
500,754,-1.9792560914130588,1.7096035257789657e-103
500,755,-1.9986102904936587,3.6220549839271043e-104
500,756,-2.0629273435239215,2.883298194820364e-110
500,757,-2.01855060963471,3.7553641095538846e-111
500,758,-2.049592246726366,1.997854471786696e-110
500,759,-2.049721614788295,1.026002825075109e-108
500,760,-2.033935912446486,2.373060891301858e-108
500,761,-2.0299332757652007,6.1653375999981315e-108
500,762,-2.0742660967873077,5.0597071010372865e-114
500,763,-2.0116525623192816,7.489100644845586e-106
500,764,-2.043697654283884,1.2187099229595816e-109
500,765,-2.040662050656156,2.5333993711194933e-106
500,766,-2.034583134685798,1.414013574805341e-108
500,767,-2.0351483958291556,1.0833112998274196e-106
500,768,-2.046241029577753,1.673516558884283e-111
500,769,-2.0323692793734756,4.0551050476966004e-105
500,770,-2.016941475400076,1.409101964052688e-110
500,771,-2.002694128230151,1.0521403615775827e-108
500,772,-2.040797529265409,6.4922747548032935e-111
500,773,-2.064724794451089,6.970647491469847e-111
500,774,-2.0007767814136175,7.37014531571497e-105
500,775,-2.0256252250713,1.2729036709350426e-107
500,776,-2.0312767367114333,2.95683177239113e-107
500,777,-2.01335276378017,3.0974206415110063e-107
500,778,-2.019456814137154,4.1397813427001806e-106
500,779,-2.059063885926548,4.371140894553828e-112
500,780,-1.9864175162351172,1.130951748482991e-108
500,781,-2.012508853031326,3.021056191591044e-108
500,782,-1.9906178637666043,9.74384800659347e-106
500,783,-2.03323714304665,2.306995616957788e-111
500,784,-2.023556393687989,1.2712001209284768e-107
500,785,-2.0200024403564347,2.7255958926482e-108
500,786,-2.0044174945161055,8.783753890381741e-107
500,787,-2.0305740148977174,1.488505423990618e-109
500,788,-2.0270682515637075,1.5045406096145217e-106
500,789,-2.009371977339783,2.2836466818232305e-108
500,790,-2.010256226572971,3.2354005167528876e-106
500,791,-2.0323553414019564,2.764995458910185e-108
500,792,-2.018333155238098,1.7755838701472613e-106
500,793,-2.0020093758421176,6.422101904348131e-108
500,794,-2.030853000815876,1.8524978977215303e-110
500,795,-2.022056812972793,4.3440430303958706e-107
500,796,-2.0389008622809977,8.588856330696582e-109
500,797,-2.0345010395923344,1.3838806915933086e-108
500,798,-2.0187005669499305,1.1249845467708935e-108
500,799,-2.0039856078150278,4.263202821958043e-105
500,800,-2.0343571980038,2.1014574943443897e-106
500,801,-2.027469351700134,2.6506556247369112e-110
500,802,-2.003485641737548,4.5887983322696356e-111
500,803,-2.0090536917795507,3.4527710266480177e-105
500,804,-2.0062521203962715,1.2212128219713454e-106
500,805,-2.0084660863427146,1.7616676125925722e-105
500,806,-1.9935588318751476,1.848881914788581e-105
500,807,-2.0028328719545945,6.758536780275294e-107
500,808,-2.0271146786601957,2.877806225925248e-107
500,809,-2.0322317970645383,1.732043069694712e-108
500,810,-2.045153237985727,4.310489120788027e-108
500,811,-2.0533516405661487,1.199527324164393e-110
500,812,-2.0199619445679025,3.0491344809655973e-108
500,813,-2.0010267701748328,2.720718066823363e-107
500,814,-2.0399891691920704,7.891948192765611e-110
500,815,-1.9971830006096738,7.825280704361119e-107
500,816,-1.9922825423169925,2.1921337069306588e-102
500,817,-2.033632805259951,2.8701161869618306e-107
500,818,-2.0180728047686776,1.7820940045054368e-106
500,819,-2.000511302460569,3.453346573364443e-108
500,820,-2.0360936068312556,3.611354382350115e-107
500,821,-1.989251657467344,7.473358152768496e-109
500,822,-2.010298985385414,4.362892327814414e-106
500,823,-2.0473523587321543,9.99676922264169e-109
500,824,-2.0153380159032848,3.731489752392891e-107
500,825,-2.0064616447618553,1.0962942041705733e-107
500,826,-2.0371924469122877,3.30012433062964e-106
500,827,-2.015529763449135,3.8105594385889684e-106
500,828,-2.013928908768456,2.028584585658886e-107
500,829,-2.0134683727520875,4.598524240489083e-106
500,830,-2.0153439659356627,1.1597776931270058e-104
500,831,-2.023077569516216,5.022121698818403e-108
500,832,-2.0061092381893113,1.616793571976671e-107
500,833,-2.033629310986189,9.744328680628693e-110
500,834,-2.0123099884168747,2.6263366970966786e-109
500,835,-2.0364353647649,1.0103552043701989e-110
500,836,-2.0225506541119973,2.0305080488006047e-105
500,837,-2.0317127917706275,4.101173181627857e-106
500,838,-2.0357462442434198,3.577116240273573e-108
500,839,-2.019004390733941,2.2525493661777528e-107
500,840,-2.039480474956333,4.372614970042421e-108
500,841,-1.9972827583884367,8.696457861957668e-106
500,842,-2.023917489896464,4.984857102198869e-106
500,843,-1.9978815542204966,1.1047677544123775e-105
500,844,-2.017022453436022,4.743563589076277e-105
500,845,-2.0400833386547506,5.620449724261578e-106
500,846,-2.0213214804137776,2.6414292191020756e-107
500,847,-1.9739844534270201,8.55624594646695e-105
500,848,-2.0482652521426594,2.931280043172673e-107
500,849,-1.9998097193978683,5.856934284907274e-106
500,850,-2.028711020919654,2.4980610742925984e-109
500,851,-2.0361938626367246,1.067742210713498e-107
500,852,-2.060235662920043,2.4641631546051995e-109
500,853,-2.0326538238187224,1.7620382883248997e-112
500,854,-2.0067788307524674,8.827197604283713e-107
500,855,-2.006235690331973,4.306091125501166e-108
500,856,-2.0663169432699897,2.242978866907647e-110
500,857,-2.0489415820943053,4.287193457507771e-112
500,858,-2.0282168142371972,3.6468298514777166e-110
500,859,-2.042453573229599,8.249295762807242e-109
500,860,-2.045466396506372,8.07040780448413e-108
500,861,-2.0048382005479484,3.3102663810607572e-106
500,862,-2.044427787097347,4.751578974378112e-109
500,863,-2.0225306339867792,1.400832985105486e-110
500,864,-2.01097799191182,1.312427585168252e-105
500,865,-2.0348053964418176,1.2108195652022738e-110
500,866,-2.039049620759264,5.318155818154133e-109
500,867,-1.9981075220209314,2.797977762281331e-106
500,868,-2.0143720788439214,1.3874672368663445e-105
500,869,-2.024030296186533,5.170194536716482e-109
500,870,-1.9872264942415399,4.6140982012165086e-108
500,871,-1.9925736229670958,2.7500324894756802e-105
500,872,-2.033080208067264,4.811917194898037e-108
500,873,-2.0158756147536643,9.07385398138639e-107
500,874,-2.0422376966496394,5.799801061832613e-110
500,875,-2.025899946681454,9.210829099666837e-108
500,876,-2.0134577520383345,6.104083576963096e-107
500,877,-1.9984936327530045,1.2465860745101535e-106
500,878,-2.017519657270686,2.8394176463746734e-107
500,879,-2.026551772682028,4.973054311513821e-108
500,880,-2.018787009617556,8.669143423495588e-108
500,881,-2.031787743594645,4.778956526045789e-108
500,882,-2.029822237405675,1.3023134722821787e-107
500,883,-2.0715766994369957,1.084504913033134e-111
500,884,-2.032872753358399,3.0322224119280318e-105
500,885,-2.033285104693041,5.335962576368181e-111
500,886,-2.071104568710555,1.4164779561707382e-113
500,887,-2.0305623502158863,3.990451680830439e-107
500,888,-2.0668907761672664,4.673443023273114e-113
500,889,-1.9901277751580047,2.8069612023194845e-106
500,890,-2.0350743088409695,4.108587417001335e-111
500,891,-2.010443340046373,6.388200177615305e-108
500,892,-1.9835363025759802,1.2220187063500823e-106
500,893,-2.0219695330527925,5.537187688893373e-107
500,894,-1.979944310605763,1.4901543689709462e-104
500,895,-2.0085640431547107,1.178130655348313e-105
500,896,-2.037858691787969,1.9095930696990588e-107
500,897,-2.019774950797329,2.0717385745871198e-110
500,898,-2.056379699706481,3.959605543057698e-110
500,899,-2.0185340028328866,3.351016290497441e-106
500,900,-2.0155669077448914,2.057642316896995e-109
500,901,-2.0349730824328214,1.5970380563300938e-108
500,902,-2.020927782329859,1.2051882967757902e-106
500,903,-2.044890931571822,6.6196500520937765e-108
500,904,-2.056460164508599,8.23192281455121e-110
500,905,-2.019251833844076,5.527231036601893e-107
500,906,-2.0141488641772387,1.9756410592376543e-106
500,907,-2.0457331722188847,7.886110630451213e-107
500,908,-2.026383367881267,1.4887905532228853e-106
500,909,-2.0284365292268776,7.442824600227613e-110
500,910,-2.0287838276701216,1.6949533555666871e-109
500,911,-2.0049083315229623,1.7644154430635548e-110
500,912,-2.0082630680188007,7.064618385202043e-109
500,913,-2.0678908702830983,4.7916976021218715e-111
500,914,-2.007850969172315,4.5963001062829604e-108
500,915,-2.0378603670766307,2.4064106809502044e-106
500,916,-2.035669375692697,1.0455513097230771e-107
500,917,-2.051773070333442,2.1649796349384605e-108
500,918,-2.0093549249977887,5.0175196182561976e-108
500,919,-2.0380238632360976,3.500596413574085e-108
500,920,-2.030338388106003,5.297785915377167e-109
500,921,-2.0592619006676616,3.493983187351378e-112
500,922,-2.0225169633412126,3.5275095210247525e-107
500,923,-2.047502848535175,3.3334237093351074e-112
500,924,-2.0168470458458563,1.1044444523939937e-107
500,925,-2.0257329378532942,1.0254593902767328e-105
500,926,-2.0405763409933586,5.627943651597902e-109
500,927,-1.9818011235873199,1.0310372957738316e-106
500,928,-2.039976049479229,6.6616581642968564e-108
500,929,-2.0521808517353657,1.4058634720965022e-108
500,930,-2.0578693870650353,2.6972842323446993e-109
500,931,-2.0350367097194573,3.3895380904207256e-108
500,932,-1.9933729236524087,6.946764850475223e-106
500,933,-2.049593740264074,5.0454551227104963e-110
500,934,-2.0132681069295826,1.223596595812598e-103
500,935,-2.0326210415932993,1.386609547328136e-105
500,936,-2.011827379512722,1.4164489036242824e-105
500,937,-2.010561380243508,2.646853086148548e-109
500,938,-2.03139431527888,1.7365985382992137e-106
500,939,-2.0649787221484903,1.509005681449913e-111
500,940,-2.0487696941587945,4.991011017978496e-108
500,941,-2.002795494275892,3.941514631456575e-107
500,942,-2.026796021690778,1.2880540820945704e-106
500,943,-2.0098938820554455,7.782573454635555e-109
500,944,-2.0413903643594766,2.4116147772595715e-107
500,945,-1.9916915813121578,2.830902011243594e-106
500,946,-2.04104246530732,2.5065912517933464e-111
500,947,-2.014612725117945,2.417124665008916e-110
500,948,-2.0430900372851006,2.4014138555311758e-108
500,949,-2.0395823064918934,1.4974162489559585e-107
500,950,-1.9994009160062651,4.634775496865595e-105
500,951,-2.033681160378869,6.347961152243358e-107
500,952,-2.003848111279983,5.888443625094252e-105
500,953,-1.984133659386906,1.4641998841712837e-108
500,954,-2.012479706204549,4.738980975353873e-109
500,955,-2.025894690545024,6.970224772361804e-109
500,956,-2.040155569264998,5.612721855557007e-107
500,957,-2.049403823135524,7.704991582205292e-111
500,958,-1.982361462090755,1.4233744600937421e-106
500,959,-2.0498304052432843,2.4378231190768744e-109
500,960,-2.024207953537516,1.0020613108847915e-107
500,961,-2.015886642913183,1.9734556454854166e-110
500,962,-2.0223755171249485,1.6101196627062798e-108
500,963,-2.0210740075878366,8.386146924061361e-109
500,964,-2.0636758700688524,8.771253227955175e-109
500,965,-2.019698293706872,1.338543777976343e-111
500,966,-2.0143400711274095,9.611837240238801e-108
500,967,-2.0259492912616723,1.4551131868110744e-107
500,968,-2.0135945409278584,1.6640476253699173e-106
500,969,-2.0335515078629154,1.562538056167706e-107
500,970,-2.0266640341076236,2.080194637605473e-107
500,971,-2.036839894980093,1.8903850439313806e-105
500,972,-1.9986064088237114,3.0568468551614726e-107
500,973,-2.0134542333479084,5.77656798941789e-106
500,974,-2.0481548355062724,1.7029934370075848e-110
500,975,-2.0248451989467258,8.083234709567123e-108
500,976,-1.9903456625140477,1.625574691952475e-106
500,977,-1.9886586304064737,4.2167880706398173e-103
500,978,-1.982499331974788,1.1715004477227058e-102
500,979,-2.016929736337442,2.3372830612581546e-106
500,980,-1.996805113673152,5.972747166151235e-107
500,981,-2.0601930000116147,2.4610518257995963e-112
500,982,-2.0598832923687675,1.2009290180470764e-111
500,983,-2.0302483269235605,1.037377678828531e-109
500,984,-2.00111871567419,4.812567179473351e-109
500,985,-2.01476884098187,1.2584303674628665e-106
500,986,-2.0068589428844543,3.2636276300185574e-108
500,987,-2.0196733870203802,7.843642454457728e-105
500,988,-2.0203962064410863,2.297920233174523e-107
500,989,-2.074559355787428,6.792127957107207e-111
500,990,-2.0192339726006336,3.0266796711185093e-109
500,991,-1.9618284364082372,6.784237394536508e-102
500,992,-2.01920800084985,1.1935217621447525e-106
500,993,-1.9686398937089402,1.730421998532726e-104
500,994,-2.043235336348813,1.5060059251710125e-109
500,995,-2.0267151518593067,1.2571288143784623e-108
500,996,-2.0530004652361846,7.889218509142479e-110
500,997,-2.008896501518901,3.0650830013623815e-107
500,998,-2.0255428485578317,2.2356857181199255e-109
500,999,-2.033288373710006,5.538500413970703e-109
